[debug] [2026-03-17T05:50:38.277Z] ----------------------------------------------------------------------
[debug] [2026-03-17T05:50:38.280Z] Command:       C:\Program Files\nodejs\node.exe C:\Users\E\AppData\Roaming\npm\node_modules\firebase-tools\lib\bin\firebase.js deploy --only functions --force
[debug] [2026-03-17T05:50:38.280Z] CLI Version:   14.17.0
[debug] [2026-03-17T05:50:38.280Z] Platform:      win32
[debug] [2026-03-17T05:50:38.281Z] Node Version:  v22.19.0
[debug] [2026-03-17T05:50:38.281Z] Time:          Mon Mar 16 2026 22:50:38 GMT-0700 (Pacific Daylight Time)
[debug] [2026-03-17T05:50:38.281Z] ----------------------------------------------------------------------
[debug] 
[debug] [2026-03-17T05:50:38.499Z] > command requires scopes: ["email","openid","https://www.googleapis.com/auth/cloudplatformprojects.readonly","https://www.googleapis.com/auth/firebase","https://www.googleapis.com/auth/cloud-platform"]
[debug] [2026-03-17T05:50:38.500Z] > authorizing via signed-in user (ceo@railsplitgames.com)
[debug] [2026-03-17T05:50:38.500Z] [iam] checking project prompt-battle-c5e6a for permissions ["cloudfunctions.functions.create","cloudfunctions.functions.delete","cloudfunctions.functions.get","cloudfunctions.functions.list","cloudfunctions.functions.update","cloudfunctions.operations.get","firebase.projects.get"]
[debug] [2026-03-17T05:50:38.501Z] Checked if tokens are valid: true, expires at: 1773729535384
[debug] [2026-03-17T05:50:38.501Z] Checked if tokens are valid: true, expires at: 1773729535384
[debug] [2026-03-17T05:50:38.502Z] >>> [apiv2][query] POST https://cloudresourcemanager.googleapis.com/v1/projects/prompt-battle-c5e6a:testIamPermissions [none]
[debug] [2026-03-17T05:50:38.502Z] >>> [apiv2][(partial)header] POST https://cloudresourcemanager.googleapis.com/v1/projects/prompt-battle-c5e6a:testIamPermissions x-goog-quota-user=projects/prompt-battle-c5e6a
[debug] [2026-03-17T05:50:38.502Z] >>> [apiv2][body] POST https://cloudresourcemanager.googleapis.com/v1/projects/prompt-battle-c5e6a:testIamPermissions {"permissions":["cloudfunctions.functions.create","cloudfunctions.functions.delete","cloudfunctions.functions.get","cloudfunctions.functions.list","cloudfunctions.functions.update","cloudfunctions.operations.get","firebase.projects.get"]}
[debug] [2026-03-17T05:50:38.787Z] <<< [apiv2][status] POST https://cloudresourcemanager.googleapis.com/v1/projects/prompt-battle-c5e6a:testIamPermissions 200
[debug] [2026-03-17T05:50:38.787Z] <<< [apiv2][body] POST https://cloudresourcemanager.googleapis.com/v1/projects/prompt-battle-c5e6a:testIamPermissions {"permissions":["cloudfunctions.functions.create","cloudfunctions.functions.delete","cloudfunctions.functions.get","cloudfunctions.functions.list","cloudfunctions.functions.update","cloudfunctions.operations.get","firebase.projects.get"]}
[debug] [2026-03-17T05:50:38.787Z] Checked if tokens are valid: true, expires at: 1773729535384
[debug] [2026-03-17T05:50:38.787Z] Checked if tokens are valid: true, expires at: 1773729535384
[debug] [2026-03-17T05:50:38.787Z] >>> [apiv2][query] POST https://iam.googleapis.com/v1/projects/prompt-battle-c5e6a/serviceAccounts/prompt-battle-c5e6a@appspot.gserviceaccount.com:testIamPermissions [none]
[debug] [2026-03-17T05:50:38.787Z] >>> [apiv2][body] POST https://iam.googleapis.com/v1/projects/prompt-battle-c5e6a/serviceAccounts/prompt-battle-c5e6a@appspot.gserviceaccount.com:testIamPermissions {"permissions":["iam.serviceAccounts.actAs"]}
[debug] [2026-03-17T05:50:39.009Z] <<< [apiv2][status] POST https://iam.googleapis.com/v1/projects/prompt-battle-c5e6a/serviceAccounts/prompt-battle-c5e6a@appspot.gserviceaccount.com:testIamPermissions 200
[debug] [2026-03-17T05:50:39.009Z] <<< [apiv2][body] POST https://iam.googleapis.com/v1/projects/prompt-battle-c5e6a/serviceAccounts/prompt-battle-c5e6a@appspot.gserviceaccount.com:testIamPermissions {"permissions":["iam.serviceAccounts.actAs"]}
[info] 
[info] === Deploying to 'prompt-battle-c5e6a'...
[info] 
[info] i  deploying functions 
[debug] [2026-03-17T05:50:39.013Z] Checked if tokens are valid: true, expires at: 1773729535384
[debug] [2026-03-17T05:50:39.013Z] Checked if tokens are valid: true, expires at: 1773729535384
[debug] [2026-03-17T05:50:39.014Z] >>> [apiv2][query] GET https://cloudresourcemanager.googleapis.com/v1/projects/prompt-battle-c5e6a [none]
[debug] [2026-03-17T05:50:39.130Z] <<< [apiv2][status] GET https://cloudresourcemanager.googleapis.com/v1/projects/prompt-battle-c5e6a 200
[debug] [2026-03-17T05:50:39.130Z] <<< [apiv2][body] GET https://cloudresourcemanager.googleapis.com/v1/projects/prompt-battle-c5e6a {"projectNumber":"329010584107","projectId":"prompt-battle-c5e6a","lifecycleState":"ACTIVE","name":"prompt-battle","labels":{"firebase":"enabled","firebase-core":"disabled"},"createTime":"2026-03-06T00:48:51.928831Z","parent":{"type":"folder","id":"788007891807"}}
[info] i  functions: preparing codebase default for deployment 
[info] i  functions: ensuring required API cloudfunctions.googleapis.com is enabled... 
[info] i  functions: ensuring required API cloudbuild.googleapis.com is enabled... 
[info] i  artifactregistry: ensuring required API artifactregistry.googleapis.com is enabled... 
[debug] [2026-03-17T05:50:39.133Z] Checked if tokens are valid: true, expires at: 1773729535384
[debug] [2026-03-17T05:50:39.134Z] Checked if tokens are valid: true, expires at: 1773729535384
[debug] [2026-03-17T05:50:39.134Z] >>> [apiv2][query] GET https://firebase.googleapis.com/v1beta1/projects/prompt-battle-c5e6a/adminSdkConfig [none]
[debug] [2026-03-17T05:50:39.355Z] <<< [apiv2][status] GET https://firebase.googleapis.com/v1beta1/projects/prompt-battle-c5e6a/adminSdkConfig 200
[debug] [2026-03-17T05:50:39.355Z] <<< [apiv2][body] GET https://firebase.googleapis.com/v1beta1/projects/prompt-battle-c5e6a/adminSdkConfig {"projectId":"prompt-battle-c5e6a","databaseURL":"https://prompt-battle-c5e6a-default-rtdb.firebaseio.com","storageBucket":"prompt-battle-c5e6a.firebasestorage.app"}
[debug] [2026-03-17T05:50:39.355Z] Checked if tokens are valid: true, expires at: 1773729535384
[debug] [2026-03-17T05:50:39.355Z] Checked if tokens are valid: true, expires at: 1773729535384
[debug] [2026-03-17T05:50:39.355Z] >>> [apiv2][query] GET https://runtimeconfig.googleapis.com/v1beta1/projects/prompt-battle-c5e6a/configs [none]
[debug] [2026-03-17T05:50:39.757Z] <<< [apiv2][status] GET https://runtimeconfig.googleapis.com/v1beta1/projects/prompt-battle-c5e6a/configs 200
[debug] [2026-03-17T05:50:39.757Z] <<< [apiv2][body] GET https://runtimeconfig.googleapis.com/v1beta1/projects/prompt-battle-c5e6a/configs {}
[debug] [2026-03-17T05:50:39.758Z] Validating nodejs source
[warn] !  functions: Runtime Node.js 20 will be deprecated on 2026-04-30 and will be decommissioned on 2026-10-30, after which you will not be able to deploy without upgrading. Consider upgrading now to avoid disruption. See https://cloud.google.com/functions/docs/runtime-support for full details on the lifecycle policy 
[warn] !  functions: package.json indicates an outdated version of firebase-functions. Please upgrade using npm install --save firebase-functions@latest in your functions directory. 
[warn] !  functions: Please note that there will be breaking changes when you upgrade. 
[debug] [2026-03-17T05:50:40.707Z] > [functions] package.json contents: {
  "name": "@prompt-battle/functions",
  "version": "1.0.0",
  "main": "dist/functions/src/index.js",
  "scripts": {
    "build": "tsc",
    "serve": "npm run build && firebase emulators:start --only functions",
    "deploy": "firebase deploy --only functions"
  },
  "engines": {
    "node": "20"
  },
  "dependencies": {
    "@prompt-battle/shared": "*",
    "firebase-admin": "^12.0.0",
    "firebase-functions": "^5.0.0",
    "@google/generative-ai": "^0.21.0",
    "square": "^38.0.0"
  },
  "devDependencies": {
    "typescript": "^5.4.0"
  }
}
[debug] [2026-03-17T05:50:40.707Z] Building nodejs source
[info] i  functions: Loading and analyzing source code for codebase default to determine what to deploy 
[debug] [2026-03-17T05:50:40.708Z] Could not find functions.yaml. Must use http discovery
[debug] [2026-03-17T05:50:40.717Z] Found firebase-functions binary at 'C:\Users\E\prompt-battle\node_modules\.bin\firebase-functions'
[info] Serving at port 8006

[debug] [2026-03-17T05:50:42.249Z] Got response from /__/functions.yaml {"endpoints":{"createOrder":{"platform":"gcfv1","availableMemoryMb":null,"timeoutSeconds":null,"minInstances":null,"maxInstances":null,"ingressSettings":null,"serviceAccountEmail":null,"vpc":null,"httpsTrigger":{},"entryPoint":"createOrder"},"completePayment":{"platform":"gcfv1","availableMemoryMb":null,"timeoutSeconds":null,"minInstances":null,"maxInstances":null,"ingressSettings":null,"serviceAccountEmail":null,"vpc":null,"httpsTrigger":{},"entryPoint":"completePayment"},"redeemItchKey":{"platform":"gcfv1","availableMemoryMb":null,"timeoutSeconds":null,"minInstances":null,"maxInstances":null,"ingressSettings":null,"serviceAccountEmail":null,"vpc":null,"httpsTrigger":{},"entryPoint":"redeemItchKey"},"squareWebhook":{"platform":"gcfv1","availableMemoryMb":null,"timeoutSeconds":null,"minInstances":null,"maxInstances":null,"ingressSettings":null,"serviceAccountEmail":null,"vpc":null,"httpsTrigger":{},"entryPoint":"squareWebhook"},"adminGrantItems":{"platform":"gcfv1","availableMemoryMb":null,"timeoutSeconds":null,"minInstances":null,"maxInstances":null,"ingressSettings":null,"serviceAccountEmail":null,"vpc":null,"httpsTrigger":{},"entryPoint":"adminGrantItems"},"grantGlory":{"platform":"gcfv1","availableMemoryMb":null,"timeoutSeconds":null,"minInstances":null,"maxInstances":null,"ingressSettings":null,"serviceAccountEmail":null,"vpc":null,"httpsTrigger":{},"entryPoint":"grantGlory"},"purchaseItem":{"platform":"gcfv1","availableMemoryMb":null,"timeoutSeconds":null,"minInstances":null,"maxInstances":null,"ingressSettings":null,"serviceAccountEmail":null,"vpc":null,"httpsTrigger":{},"entryPoint":"purchaseItem"},"grantXp":{"platform":"gcfv1","availableMemoryMb":null,"timeoutSeconds":null,"minInstances":null,"maxInstances":null,"ingressSettings":null,"serviceAccountEmail":null,"vpc":null,"httpsTrigger":{},"entryPoint":"grantXp"},"purchaseBattlePass":{"platform":"gcfv1","availableMemoryMb":null,"timeoutSeconds":null,"minInstances":null,"maxInstances":null,"ingressSettings":null,"serviceAccountEmail":null,"vpc":null,"httpsTrigger":{},"entryPoint":"purchaseBattlePass"},"grantBattlePassXp":{"platform":"gcfv1","availableMemoryMb":null,"timeoutSeconds":null,"minInstances":null,"maxInstances":null,"ingressSettings":null,"serviceAccountEmail":null,"vpc":null,"httpsTrigger":{},"entryPoint":"grantBattlePassXp"},"claimBattlePassReward":{"platform":"gcfv1","availableMemoryMb":null,"timeoutSeconds":null,"minInstances":null,"maxInstances":null,"ingressSettings":null,"serviceAccountEmail":null,"vpc":null,"httpsTrigger":{},"entryPoint":"claimBattlePassReward"},"itchOAuthCallback":{"platform":"gcfv1","availableMemoryMb":null,"timeoutSeconds":null,"minInstances":null,"maxInstances":null,"ingressSettings":null,"serviceAccountEmail":null,"vpc":null,"httpsTrigger":{},"entryPoint":"itchOAuthCallback"},"itchAppAuth":{"platform":"gcfv1","availableMemoryMb":null,"timeoutSeconds":null,"minInstances":null,"maxInstances":null,"ingressSettings":null,"serviceAccountEmail":null,"vpc":null,"httpsTrigger":{},"entryPoint":"itchAppAuth"},"onPlayerJoinQueue":{"platform":"gcfv1","availableMemoryMb":null,"timeoutSeconds":null,"minInstances":null,"maxInstances":null,"ingressSettings":null,"serviceAccountEmail":null,"vpc":null,"eventTrigger":{"eventType":"providers/google.firebase.database/eventTypes/ref.create","eventFilters":{"resource":"projects/_/instances/prompt-battle-c5e6a-default-rtdb/refs/matchmaking/queue/{playerId}"},"retry":false},"labels":{},"entryPoint":"onPlayerJoinQueue"},"processPlayerCommand":{"platform":"gcfv1","availableMemoryMb":null,"timeoutSeconds":null,"minInstances":null,"maxInstances":null,"ingressSettings":null,"serviceAccountEmail":null,"vpc":null,"httpsTrigger":{},"entryPoint":"processPlayerCommand"}},"specVersion":"v1alpha1","requiredAPIs":[],"extensions":{}}
[info] i  extensions: ensuring required API firebaseextensions.googleapis.com is enabled... 
[debug] [2026-03-17T05:50:46.299Z] > command requires scopes: ["email","openid","https://www.googleapis.com/auth/cloudplatformprojects.readonly","https://www.googleapis.com/auth/firebase","https://www.googleapis.com/auth/cloud-platform"]
[debug] [2026-03-17T05:50:46.299Z] > authorizing via signed-in user (ceo@railsplitgames.com)
[debug] [2026-03-17T05:50:46.299Z] [iam] checking project prompt-battle-c5e6a for permissions ["firebase.projects.get","firebaseextensions.instances.list"]
[debug] [2026-03-17T05:50:46.299Z] Checked if tokens are valid: true, expires at: 1773729535384
[debug] [2026-03-17T05:50:46.299Z] Checked if tokens are valid: true, expires at: 1773729535384
[debug] [2026-03-17T05:50:46.300Z] >>> [apiv2][query] POST https://cloudresourcemanager.googleapis.com/v1/projects/prompt-battle-c5e6a:testIamPermissions [none]
[debug] [2026-03-17T05:50:46.300Z] >>> [apiv2][(partial)header] POST https://cloudresourcemanager.googleapis.com/v1/projects/prompt-battle-c5e6a:testIamPermissions x-goog-quota-user=projects/prompt-battle-c5e6a
[debug] [2026-03-17T05:50:46.300Z] >>> [apiv2][body] POST https://cloudresourcemanager.googleapis.com/v1/projects/prompt-battle-c5e6a:testIamPermissions {"permissions":["firebase.projects.get","firebaseextensions.instances.list"]}
[debug] [2026-03-17T05:50:46.408Z] <<< [apiv2][status] POST https://cloudresourcemanager.googleapis.com/v1/projects/prompt-battle-c5e6a:testIamPermissions 200
[debug] [2026-03-17T05:50:46.408Z] <<< [apiv2][body] POST https://cloudresourcemanager.googleapis.com/v1/projects/prompt-battle-c5e6a:testIamPermissions {"permissions":["firebase.projects.get","firebaseextensions.instances.list"]}
[debug] [2026-03-17T05:50:46.408Z] Checked if tokens are valid: true, expires at: 1773729535384
[debug] [2026-03-17T05:50:46.408Z] Checked if tokens are valid: true, expires at: 1773729535384
[debug] [2026-03-17T05:50:46.408Z] >>> [apiv2][query] GET https://firebaseextensions.googleapis.com/v1beta/projects/prompt-battle-c5e6a/instances pageSize=100&pageToken=
[debug] [2026-03-17T05:50:46.746Z] <<< [apiv2][status] GET https://firebaseextensions.googleapis.com/v1beta/projects/prompt-battle-c5e6a/instances 200
[debug] [2026-03-17T05:50:46.746Z] <<< [apiv2][body] GET https://firebaseextensions.googleapis.com/v1beta/projects/prompt-battle-c5e6a/instances {}
[info] i  functions: preparing packages/functions directory for uploading... 
[info] i  functions: packaged C:\Users\E\prompt-battle\packages\functions (109.45 KB) for uploading 
[debug] [2026-03-17T05:50:46.896Z] Checked if tokens are valid: true, expires at: 1773729535384
[debug] [2026-03-17T05:50:46.896Z] Checked if tokens are valid: true, expires at: 1773729535384
[debug] [2026-03-17T05:50:46.896Z] >>> [apiv2][query] GET https://cloudfunctions.googleapis.com/v1/projects/prompt-battle-c5e6a/locations/-/functions [none]
[debug] [2026-03-17T05:50:47.372Z] <<< [apiv2][status] GET https://cloudfunctions.googleapis.com/v1/projects/prompt-battle-c5e6a/locations/-/functions 200
[debug] [2026-03-17T05:50:47.372Z] <<< [apiv2][body] GET https://cloudfunctions.googleapis.com/v1/projects/prompt-battle-c5e6a/locations/-/functions {}
[debug] [2026-03-17T05:50:47.372Z] Checked if tokens are valid: true, expires at: 1773729535384
[debug] [2026-03-17T05:50:47.372Z] Checked if tokens are valid: true, expires at: 1773729535384
[debug] [2026-03-17T05:50:47.373Z] >>> [apiv2][query] GET https://cloudfunctions.googleapis.com/v2/projects/prompt-battle-c5e6a/locations/-/functions filter=environment%3D%22GEN_2%22
[debug] [2026-03-17T05:50:47.810Z] <<< [apiv2][status] GET https://cloudfunctions.googleapis.com/v2/projects/prompt-battle-c5e6a/locations/-/functions 200
[debug] [2026-03-17T05:50:47.810Z] <<< [apiv2][body] GET https://cloudfunctions.googleapis.com/v2/projects/prompt-battle-c5e6a/locations/-/functions {}
[debug] [2026-03-17T05:50:47.814Z] Checked if tokens are valid: true, expires at: 1773729535384
[debug] [2026-03-17T05:50:47.814Z] Checked if tokens are valid: true, expires at: 1773729535384
[debug] [2026-03-17T05:50:47.814Z] >>> [apiv2][query] GET https://cloudresourcemanager.googleapis.com/v1/projects/prompt-battle-c5e6a [none]
[debug] [2026-03-17T05:50:47.946Z] <<< [apiv2][status] GET https://cloudresourcemanager.googleapis.com/v1/projects/prompt-battle-c5e6a 200
[debug] [2026-03-17T05:50:47.947Z] <<< [apiv2][body] GET https://cloudresourcemanager.googleapis.com/v1/projects/prompt-battle-c5e6a {"projectNumber":"329010584107","projectId":"prompt-battle-c5e6a","lifecycleState":"ACTIVE","name":"prompt-battle","labels":{"firebase":"enabled","firebase-core":"disabled"},"createTime":"2026-03-06T00:48:51.928831Z","parent":{"type":"folder","id":"788007891807"}}
[debug] [2026-03-17T05:50:47.948Z] Checked if tokens are valid: true, expires at: 1773729535384
[debug] [2026-03-17T05:50:47.948Z] Checked if tokens are valid: true, expires at: 1773729535384
[debug] [2026-03-17T05:50:47.948Z] >>> [apiv2][query] GET https://cloudbilling.googleapis.com/v1/projects/prompt-battle-c5e6a/billingInfo [none]
[debug] [2026-03-17T05:50:48.285Z] <<< [apiv2][status] GET https://cloudbilling.googleapis.com/v1/projects/prompt-battle-c5e6a/billingInfo 200
[debug] [2026-03-17T05:50:48.285Z] <<< [apiv2][body] GET https://cloudbilling.googleapis.com/v1/projects/prompt-battle-c5e6a/billingInfo {"name":"projects/prompt-battle-c5e6a/billingInfo","projectId":"prompt-battle-c5e6a","billingAccountName":"billingAccounts/01A18B-C9F383-92A0DF","billingEnabled":true}
[debug] [2026-03-17T05:50:48.285Z] [functions] found 14 new HTTP functions, testing setIamPolicy permission...
[debug] [2026-03-17T05:50:48.286Z] Checked if tokens are valid: true, expires at: 1773729535384
[debug] [2026-03-17T05:50:48.286Z] Checked if tokens are valid: true, expires at: 1773729535384
[debug] [2026-03-17T05:50:48.286Z] >>> [apiv2][query] POST https://cloudresourcemanager.googleapis.com/v1/projects/prompt-battle-c5e6a:testIamPermissions [none]
[debug] [2026-03-17T05:50:48.286Z] >>> [apiv2][(partial)header] POST https://cloudresourcemanager.googleapis.com/v1/projects/prompt-battle-c5e6a:testIamPermissions x-goog-quota-user=projects/prompt-battle-c5e6a
[debug] [2026-03-17T05:50:48.286Z] >>> [apiv2][body] POST https://cloudresourcemanager.googleapis.com/v1/projects/prompt-battle-c5e6a:testIamPermissions {"permissions":["cloudfunctions.functions.setIamPolicy"]}
[debug] [2026-03-17T05:50:48.363Z] <<< [apiv2][status] POST https://cloudresourcemanager.googleapis.com/v1/projects/prompt-battle-c5e6a:testIamPermissions 200
[debug] [2026-03-17T05:50:48.364Z] <<< [apiv2][body] POST https://cloudresourcemanager.googleapis.com/v1/projects/prompt-battle-c5e6a:testIamPermissions {"permissions":["cloudfunctions.functions.setIamPolicy"]}
[debug] [2026-03-17T05:50:48.364Z] [functions] found setIamPolicy permission, proceeding with deploy
[debug] [2026-03-17T05:50:48.364Z] Checked if tokens are valid: true, expires at: 1773729535384
[debug] [2026-03-17T05:50:48.364Z] Checked if tokens are valid: true, expires at: 1773729535384
[debug] [2026-03-17T05:50:48.364Z] >>> [apiv2][query] POST https://cloudfunctions.googleapis.com/v1/projects/prompt-battle-c5e6a/locations/us-central1/functions:generateUploadUrl [none]
[debug] [2026-03-17T05:50:48.364Z] >>> [apiv2][body] POST https://cloudfunctions.googleapis.com/v1/projects/prompt-battle-c5e6a/locations/us-central1/functions:generateUploadUrl {}
[debug] [2026-03-17T05:50:48.878Z] <<< [apiv2][status] POST https://cloudfunctions.googleapis.com/v1/projects/prompt-battle-c5e6a/locations/us-central1/functions:generateUploadUrl 200
[debug] [2026-03-17T05:50:48.878Z] <<< [apiv2][body] POST https://cloudfunctions.googleapis.com/v1/projects/prompt-battle-c5e6a/locations/us-central1/functions:generateUploadUrl {"uploadUrl":"https://storage.googleapis.com/uploads-763700285092.us-central1.cloudfunctions.appspot.com/8f0a08e6-ee58-4376-90f5-a123a31d90fb.zip?GoogleAccessId=service-329010584107@gcf-admin-robot.iam.gserviceaccount.com&Expires=1773728448&Signature=wPYDBa3v9T%2BzEdJcwe58wa%2BOF31A3I8IU4soZsWOuLLq8KY6rTCw9a0Q%2FG88%2BTUOtnzfuuIvbP%2FN%2FfjWKkkMuORIKJ0FLc8yC9gEzL%2FAXEFWfeReHwGJ%2BHxGE%2FpnE4GcuYshlG86F7fKbBpidvkYKu%2BhJJ5ViD5MBrntGkTB%2BosFIV0kdqs%2FvxPh2eTY5H60WGoGozw2uSzb6OhkN7sRFd9%2FCjozGwlS3ZGtRfyaPt1YTGFEP0%2BltvBZvVSFRsNnEFh2RkhLFUl0JSY8%2FOtbL6p5D5bVQAbBbJj1bnNHXaS6VhcuLCa6NhW3pZSCaWWXXyxBEGHgHJVMOU%2FU9XbNsg%3D%3D"}
[debug] [2026-03-17T05:50:48.879Z] >>> [apiv2][query] PUT https://storage.googleapis.com/uploads-763700285092.us-central1.cloudfunctions.appspot.com/8f0a08e6-ee58-4376-90f5-a123a31d90fb.zip GoogleAccessId=service-329010584107%40gcf-admin-robot.iam.gserviceaccount.com&Expires=1773728448&Signature=wPYDBa3v9T%2BzEdJcwe58wa%2BOF31A3I8IU4soZsWOuLLq8KY6rTCw9a0Q%2FG88%2BTUOtnzfuuIvbP%2FN%2FfjWKkkMuORIKJ0FLc8yC9gEzL%2FAXEFWfeReHwGJ%2BHxGE%2FpnE4GcuYshlG86F7fKbBpidvkYKu%2BhJJ5ViD5MBrntGkTB%2BosFIV0kdqs%2FvxPh2eTY5H60WGoGozw2uSzb6OhkN7sRFd9%2FCjozGwlS3ZGtRfyaPt1YTGFEP0%2BltvBZvVSFRsNnEFh2RkhLFUl0JSY8%2FOtbL6p5D5bVQAbBbJj1bnNHXaS6VhcuLCa6NhW3pZSCaWWXXyxBEGHgHJVMOU%2FU9XbNsg%3D%3D
[debug] [2026-03-17T05:50:48.879Z] >>> [apiv2][body] PUT https://storage.googleapis.com/uploads-763700285092.us-central1.cloudfunctions.appspot.com/8f0a08e6-ee58-4376-90f5-a123a31d90fb.zip [stream]
[debug] [2026-03-17T05:50:49.198Z] <<< [apiv2][status] PUT https://storage.googleapis.com/uploads-763700285092.us-central1.cloudfunctions.appspot.com/8f0a08e6-ee58-4376-90f5-a123a31d90fb.zip 200
[debug] [2026-03-17T05:50:49.198Z] <<< [apiv2][body] PUT https://storage.googleapis.com/uploads-763700285092.us-central1.cloudfunctions.appspot.com/8f0a08e6-ee58-4376-90f5-a123a31d90fb.zip [omitted]
[info] +  functions: packages/functions source uploaded successfully 
[info] i  functions: creating Node.js 20 (1st Gen) function createOrder(us-central1)... 
[info] i  functions: creating Node.js 20 (1st Gen) function completePayment(us-central1)... 
[info] i  functions: creating Node.js 20 (1st Gen) function redeemItchKey(us-central1)... 
[info] i  functions: creating Node.js 20 (1st Gen) function squareWebhook(us-central1)... 
[info] i  functions: creating Node.js 20 (1st Gen) function adminGrantItems(us-central1)... 
[info] i  functions: creating Node.js 20 (1st Gen) function grantGlory(us-central1)... 
[info] i  functions: creating Node.js 20 (1st Gen) function purchaseItem(us-central1)... 
[info] i  functions: creating Node.js 20 (1st Gen) function grantXp(us-central1)... 
[info] i  functions: creating Node.js 20 (1st Gen) function purchaseBattlePass(us-central1)... 
[info] i  functions: creating Node.js 20 (1st Gen) function grantBattlePassXp(us-central1)... 
[info] i  functions: creating Node.js 20 (1st Gen) function claimBattlePassReward(us-central1)... 
[info] i  functions: creating Node.js 20 (1st Gen) function itchOAuthCallback(us-central1)... 
[info] i  functions: creating Node.js 20 (1st Gen) function itchAppAuth(us-central1)... 
[info] i  functions: creating Node.js 20 (1st Gen) function onPlayerJoinQueue(us-central1)... 
[info] i  functions: creating Node.js 20 (1st Gen) function processPlayerCommand(us-central1)... 
[debug] [2026-03-17T05:50:49.204Z] Checked if tokens are valid: true, expires at: 1773729535384
[debug] [2026-03-17T05:50:49.204Z] Checked if tokens are valid: true, expires at: 1773729535384
[debug] [2026-03-17T05:50:49.204Z] >>> [apiv2][query] POST https://cloudfunctions.googleapis.com/v1/projects/prompt-battle-c5e6a/locations/us-central1/functions [none]
[debug] [2026-03-17T05:50:49.204Z] >>> [apiv2][body] POST https://cloudfunctions.googleapis.com/v1/projects/prompt-battle-c5e6a/locations/us-central1/functions {"name":"projects/prompt-battle-c5e6a/locations/us-central1/functions/createOrder","sourceUploadUrl":"https://storage.googleapis.com/uploads-763700285092.us-central1.cloudfunctions.appspot.com/8f0a08e6-ee58-4376-90f5-a123a31d90fb.zip?GoogleAccessId=service-329010584107@gcf-admin-robot.iam.gserviceaccount.com&Expires=1773728448&Signature=wPYDBa3v9T%2BzEdJcwe58wa%2BOF31A3I8IU4soZsWOuLLq8KY6rTCw9a0Q%2FG88%2BTUOtnzfuuIvbP%2FN%2FfjWKkkMuORIKJ0FLc8yC9gEzL%2FAXEFWfeReHwGJ%2BHxGE%2FpnE4GcuYshlG86F7fKbBpidvkYKu%2BhJJ5ViD5MBrntGkTB%2BosFIV0kdqs%2FvxPh2eTY5H60WGoGozw2uSzb6OhkN7sRFd9%2FCjozGwlS3ZGtRfyaPt1YTGFEP0%2BltvBZvVSFRsNnEFh2RkhLFUl0JSY8%2FOtbL6p5D5bVQAbBbJj1bnNHXaS6VhcuLCa6NhW3pZSCaWWXXyxBEGHgHJVMOU%2FU9XbNsg%3D%3D","entryPoint":"createOrder","runtime":"nodejs20","dockerRegistry":"ARTIFACT_REGISTRY","labels":{"deployment-tool":"cli-firebase","firebase-functions-hash":"d4fa81547bac1ca707eb0988d534e987f547df30"},"httpsTrigger":{"securityLevel":"SECURE_ALWAYS"},"minInstances":null,"maxInstances":null,"ingressSettings":null,"environmentVariables":{"FIREBASE_CONFIG":"{\"projectId\":\"prompt-battle-c5e6a\",\"databaseURL\":\"https://prompt-battle-c5e6a-default-rtdb.firebaseio.com\",\"storageBucket\":\"prompt-battle-c5e6a.firebasestorage.app\"}","GCLOUD_PROJECT":"prompt-battle-c5e6a","EVENTARC_CLOUD_EVENT_SOURCE":"projects/prompt-battle-c5e6a/locations/us-central1/functions/createOrder"},"serviceAccountEmail":null,"availableMemoryMb":null,"timeout":null,"vpcConnector":null,"vpcConnectorEgressSettings":null,"buildEnvironmentVariables":{"GOOGLE_NODE_RUN_SCRIPTS":""}}
[debug] [2026-03-17T05:50:49.781Z] <<< [apiv2][status] POST https://cloudfunctions.googleapis.com/v1/projects/prompt-battle-c5e6a/locations/us-central1/functions 200
[debug] [2026-03-17T05:50:49.781Z] <<< [apiv2][body] POST https://cloudfunctions.googleapis.com/v1/projects/prompt-battle-c5e6a/locations/us-central1/functions {"name":"operations/cHJvamVjdHMvcHJvbXB0LWJhdHRsZS1jNWU2YS9sb2NhdGlvbnMvdXMtY2VudHJhbDEvb3BlcmF0aW9ucy9vcGVyYXRpb24tMTc3MzcyNjY0OTA0MS02NGQzMWVhZDg0NDFjLTdiYTg0ZDdmLTgzZjRmYTk2","metadata":{"@type":"type.googleapis.com/google.cloud.functions.v1.OperationMetadataV1","target":"projects/prompt-battle-c5e6a/locations/us-central1/functions/createOrder","updateTime":"2026-03-17T05:50:49.487632733Z"}}
[debug] [2026-03-17T05:50:49.782Z] Checked if tokens are valid: true, expires at: 1773729535384
[debug] [2026-03-17T05:50:49.782Z] Checked if tokens are valid: true, expires at: 1773729535384
[debug] [2026-03-17T05:50:49.782Z] >>> [apiv2][query] GET https://cloudfunctions.googleapis.com/v1/operations/cHJvamVjdHMvcHJvbXB0LWJhdHRsZS1jNWU2YS9sb2NhdGlvbnMvdXMtY2VudHJhbDEvb3BlcmF0aW9ucy9vcGVyYXRpb24tMTc3MzcyNjY0OTA0MS02NGQzMWVhZDg0NDFjLTdiYTg0ZDdmLTgzZjRmYTk2 [none]
[debug] [2026-03-17T05:50:49.893Z] <<< [apiv2][status] GET https://cloudfunctions.googleapis.com/v1/operations/cHJvamVjdHMvcHJvbXB0LWJhdHRsZS1jNWU2YS9sb2NhdGlvbnMvdXMtY2VudHJhbDEvb3BlcmF0aW9ucy9vcGVyYXRpb24tMTc3MzcyNjY0OTA0MS02NGQzMWVhZDg0NDFjLTdiYTg0ZDdmLTgzZjRmYTk2 200
[debug] [2026-03-17T05:50:49.893Z] <<< [apiv2][body] GET https://cloudfunctions.googleapis.com/v1/operations/cHJvamVjdHMvcHJvbXB0LWJhdHRsZS1jNWU2YS9sb2NhdGlvbnMvdXMtY2VudHJhbDEvb3BlcmF0aW9ucy9vcGVyYXRpb24tMTc3MzcyNjY0OTA0MS02NGQzMWVhZDg0NDFjLTdiYTg0ZDdmLTgzZjRmYTk2 {"name":"operations/cHJvamVjdHMvcHJvbXB0LWJhdHRsZS1jNWU2YS9sb2NhdGlvbnMvdXMtY2VudHJhbDEvb3BlcmF0aW9ucy9vcGVyYXRpb24tMTc3MzcyNjY0OTA0MS02NGQzMWVhZDg0NDFjLTdiYTg0ZDdmLTgzZjRmYTk2","metadata":{"@type":"type.googleapis.com/google.cloud.functions.v1.OperationMetadataV1","target":"projects/prompt-battle-c5e6a/locations/us-central1/functions/createOrder","updateTime":"2026-03-17T05:50:49.487632733Z"}}
[debug] [2026-03-17T05:50:50.404Z] [create-default-us-central1-createOrder] Retrying task index 0
[debug] [2026-03-17T05:50:50.405Z] Checked if tokens are valid: true, expires at: 1773729535384
[debug] [2026-03-17T05:50:50.405Z] Checked if tokens are valid: true, expires at: 1773729535384
[debug] [2026-03-17T05:50:50.405Z] >>> [apiv2][query] GET https://cloudfunctions.googleapis.com/v1/operations/cHJvamVjdHMvcHJvbXB0LWJhdHRsZS1jNWU2YS9sb2NhdGlvbnMvdXMtY2VudHJhbDEvb3BlcmF0aW9ucy9vcGVyYXRpb24tMTc3MzcyNjY0OTA0MS02NGQzMWVhZDg0NDFjLTdiYTg0ZDdmLTgzZjRmYTk2 [none]
[debug] [2026-03-17T05:50:50.517Z] <<< [apiv2][status] GET https://cloudfunctions.googleapis.com/v1/operations/cHJvamVjdHMvcHJvbXB0LWJhdHRsZS1jNWU2YS9sb2NhdGlvbnMvdXMtY2VudHJhbDEvb3BlcmF0aW9ucy9vcGVyYXRpb24tMTc3MzcyNjY0OTA0MS02NGQzMWVhZDg0NDFjLTdiYTg0ZDdmLTgzZjRmYTk2 200
[debug] [2026-03-17T05:50:50.517Z] <<< [apiv2][body] GET https://cloudfunctions.googleapis.com/v1/operations/cHJvamVjdHMvcHJvbXB0LWJhdHRsZS1jNWU2YS9sb2NhdGlvbnMvdXMtY2VudHJhbDEvb3BlcmF0aW9ucy9vcGVyYXRpb24tMTc3MzcyNjY0OTA0MS02NGQzMWVhZDg0NDFjLTdiYTg0ZDdmLTgzZjRmYTk2 {"name":"operations/cHJvamVjdHMvcHJvbXB0LWJhdHRsZS1jNWU2YS9sb2NhdGlvbnMvdXMtY2VudHJhbDEvb3BlcmF0aW9ucy9vcGVyYXRpb24tMTc3MzcyNjY0OTA0MS02NGQzMWVhZDg0NDFjLTdiYTg0ZDdmLTgzZjRmYTk2","metadata":{"@type":"type.googleapis.com/google.cloud.functions.v1.OperationMetadataV1","target":"projects/prompt-battle-c5e6a/locations/us-central1/functions/createOrder","type":"CREATE_FUNCTION","request":{"@type":"type.googleapis.com/google.cloud.functions.v1.CloudFunction","name":"projects/prompt-battle-c5e6a/locations/us-central1/functions/createOrder","httpsTrigger":{"securityLevel":"SECURE_ALWAYS"},"entryPoint":"createOrder","updateTime":"1970-01-01T00:00:00Z","labels":{"deployment-tool":"cli-firebase","firebase-functions-hash":"d4fa81547bac1ca707eb0988d534e987f547df30"},"sourceUploadUrl":"https://storage.googleapis.com/uploads-763700285092.us-central1.cloudfunctions.appspot.com/8f0a08e6-ee58-4376-90f5-a123a31d90fb.zip?GoogleAccessId=service-329010584107@gcf-admin-robot.iam.gserviceaccount.com&Expires=1773728448&Signature=wPYDBa3v9T%2BzEdJcwe58wa%2BOF31A3I8IU4soZsWOuLLq8KY6rTCw9a0Q%2FG88%2BTUOtnzfuuIvbP%2FN%2FfjWKkkMuORIKJ0FLc8yC9gEzL%2FAXEFWfeReHwGJ%2BHxGE%2FpnE4GcuYshlG86F7fKbBpidvkYKu%2BhJJ5ViD5MBrntGkTB%2BosFIV0kdqs%2FvxPh2eTY5H60WGoGozw2uSzb6OhkN7sRFd9%2FCjozGwlS3ZGtRfyaPt1YTGFEP0%2BltvBZvVSFRsNnEFh2RkhLFUl0JSY8%2FOtbL6p5D5bVQAbBbJj1bnNHXaS6VhcuLCa6NhW3pZSCaWWXXyxBEGHgHJVMOU%2FU9XbNsg%3D%3D","environmentVariables":{"FIREBASE_CONFIG":"{\"projectId\":\"prompt-battle-c5e6a\",\"databaseURL\":\"https://prompt-battle-c5e6a-default-rtdb.firebaseio.com\",\"storageBucket\":\"prompt-battle-c5e6a.firebasestorage.app\"}","GCLOUD_PROJECT":"prompt-battle-c5e6a","EVENTARC_CLOUD_EVENT_SOURCE":"projects/prompt-battle-c5e6a/locations/us-central1/functions/createOrder"},"runtime":"nodejs20","buildEnvironmentVariables":{"GOOGLE_NODE_RUN_SCRIPTS":""},"dockerRegistry":"ARTIFACT_REGISTRY"},"updateTime":"2026-03-17T05:50:49.487632733Z"}}
[debug] [2026-03-17T05:50:51.520Z] [create-default-us-central1-createOrder] Retrying task index 0
[debug] [2026-03-17T05:50:51.520Z] Checked if tokens are valid: true, expires at: 1773729535384
[debug] [2026-03-17T05:50:51.520Z] Checked if tokens are valid: true, expires at: 1773729535384
[debug] [2026-03-17T05:50:51.520Z] >>> [apiv2][query] GET https://cloudfunctions.googleapis.com/v1/operations/cHJvamVjdHMvcHJvbXB0LWJhdHRsZS1jNWU2YS9sb2NhdGlvbnMvdXMtY2VudHJhbDEvb3BlcmF0aW9ucy9vcGVyYXRpb24tMTc3MzcyNjY0OTA0MS02NGQzMWVhZDg0NDFjLTdiYTg0ZDdmLTgzZjRmYTk2 [none]
[debug] [2026-03-17T05:50:51.639Z] <<< [apiv2][status] GET https://cloudfunctions.googleapis.com/v1/operations/cHJvamVjdHMvcHJvbXB0LWJhdHRsZS1jNWU2YS9sb2NhdGlvbnMvdXMtY2VudHJhbDEvb3BlcmF0aW9ucy9vcGVyYXRpb24tMTc3MzcyNjY0OTA0MS02NGQzMWVhZDg0NDFjLTdiYTg0ZDdmLTgzZjRmYTk2 200
[debug] [2026-03-17T05:50:51.639Z] <<< [apiv2][body] GET https://cloudfunctions.googleapis.com/v1/operations/cHJvamVjdHMvcHJvbXB0LWJhdHRsZS1jNWU2YS9sb2NhdGlvbnMvdXMtY2VudHJhbDEvb3BlcmF0aW9ucy9vcGVyYXRpb24tMTc3MzcyNjY0OTA0MS02NGQzMWVhZDg0NDFjLTdiYTg0ZDdmLTgzZjRmYTk2 {"name":"operations/cHJvamVjdHMvcHJvbXB0LWJhdHRsZS1jNWU2YS9sb2NhdGlvbnMvdXMtY2VudHJhbDEvb3BlcmF0aW9ucy9vcGVyYXRpb24tMTc3MzcyNjY0OTA0MS02NGQzMWVhZDg0NDFjLTdiYTg0ZDdmLTgzZjRmYTk2","metadata":{"@type":"type.googleapis.com/google.cloud.functions.v1.OperationMetadataV1","target":"projects/prompt-battle-c5e6a/locations/us-central1/functions/createOrder","type":"CREATE_FUNCTION","request":{"@type":"type.googleapis.com/google.cloud.functions.v1.CloudFunction","name":"projects/prompt-battle-c5e6a/locations/us-central1/functions/createOrder","httpsTrigger":{"securityLevel":"SECURE_ALWAYS"},"entryPoint":"createOrder","updateTime":"1970-01-01T00:00:00Z","labels":{"deployment-tool":"cli-firebase","firebase-functions-hash":"d4fa81547bac1ca707eb0988d534e987f547df30"},"sourceUploadUrl":"https://storage.googleapis.com/uploads-763700285092.us-central1.cloudfunctions.appspot.com/8f0a08e6-ee58-4376-90f5-a123a31d90fb.zip?GoogleAccessId=service-329010584107@gcf-admin-robot.iam.gserviceaccount.com&Expires=1773728448&Signature=wPYDBa3v9T%2BzEdJcwe58wa%2BOF31A3I8IU4soZsWOuLLq8KY6rTCw9a0Q%2FG88%2BTUOtnzfuuIvbP%2FN%2FfjWKkkMuORIKJ0FLc8yC9gEzL%2FAXEFWfeReHwGJ%2BHxGE%2FpnE4GcuYshlG86F7fKbBpidvkYKu%2BhJJ5ViD5MBrntGkTB%2BosFIV0kdqs%2FvxPh2eTY5H60WGoGozw2uSzb6OhkN7sRFd9%2FCjozGwlS3ZGtRfyaPt1YTGFEP0%2BltvBZvVSFRsNnEFh2RkhLFUl0JSY8%2FOtbL6p5D5bVQAbBbJj1bnNHXaS6VhcuLCa6NhW3pZSCaWWXXyxBEGHgHJVMOU%2FU9XbNsg%3D%3D","environmentVariables":{"FIREBASE_CONFIG":"{\"projectId\":\"prompt-battle-c5e6a\",\"databaseURL\":\"https://prompt-battle-c5e6a-default-rtdb.firebaseio.com\",\"storageBucket\":\"prompt-battle-c5e6a.firebasestorage.app\"}","GCLOUD_PROJECT":"prompt-battle-c5e6a","EVENTARC_CLOUD_EVENT_SOURCE":"projects/prompt-battle-c5e6a/locations/us-central1/functions/createOrder"},"runtime":"nodejs20","buildEnvironmentVariables":{"GOOGLE_NODE_RUN_SCRIPTS":""},"dockerRegistry":"ARTIFACT_REGISTRY"},"versionId":"1","updateTime":"2026-03-17T05:50:49.487632733Z"}}
[debug] [2026-03-17T05:50:53.643Z] [create-default-us-central1-createOrder] Retrying task index 0
[debug] [2026-03-17T05:50:53.644Z] Checked if tokens are valid: true, expires at: 1773729535384
[debug] [2026-03-17T05:50:53.644Z] Checked if tokens are valid: true, expires at: 1773729535384
[debug] [2026-03-17T05:50:53.644Z] >>> [apiv2][query] GET https://cloudfunctions.googleapis.com/v1/operations/cHJvamVjdHMvcHJvbXB0LWJhdHRsZS1jNWU2YS9sb2NhdGlvbnMvdXMtY2VudHJhbDEvb3BlcmF0aW9ucy9vcGVyYXRpb24tMTc3MzcyNjY0OTA0MS02NGQzMWVhZDg0NDFjLTdiYTg0ZDdmLTgzZjRmYTk2 [none]
[debug] [2026-03-17T05:50:53.756Z] <<< [apiv2][status] GET https://cloudfunctions.googleapis.com/v1/operations/cHJvamVjdHMvcHJvbXB0LWJhdHRsZS1jNWU2YS9sb2NhdGlvbnMvdXMtY2VudHJhbDEvb3BlcmF0aW9ucy9vcGVyYXRpb24tMTc3MzcyNjY0OTA0MS02NGQzMWVhZDg0NDFjLTdiYTg0ZDdmLTgzZjRmYTk2 200
[debug] [2026-03-17T05:50:53.757Z] <<< [apiv2][body] GET https://cloudfunctions.googleapis.com/v1/operations/cHJvamVjdHMvcHJvbXB0LWJhdHRsZS1jNWU2YS9sb2NhdGlvbnMvdXMtY2VudHJhbDEvb3BlcmF0aW9ucy9vcGVyYXRpb24tMTc3MzcyNjY0OTA0MS02NGQzMWVhZDg0NDFjLTdiYTg0ZDdmLTgzZjRmYTk2 {"name":"operations/cHJvamVjdHMvcHJvbXB0LWJhdHRsZS1jNWU2YS9sb2NhdGlvbnMvdXMtY2VudHJhbDEvb3BlcmF0aW9ucy9vcGVyYXRpb24tMTc3MzcyNjY0OTA0MS02NGQzMWVhZDg0NDFjLTdiYTg0ZDdmLTgzZjRmYTk2","metadata":{"@type":"type.googleapis.com/google.cloud.functions.v1.OperationMetadataV1","target":"projects/prompt-battle-c5e6a/locations/us-central1/functions/createOrder","type":"CREATE_FUNCTION","request":{"@type":"type.googleapis.com/google.cloud.functions.v1.CloudFunction","name":"projects/prompt-battle-c5e6a/locations/us-central1/functions/createOrder","httpsTrigger":{"securityLevel":"SECURE_ALWAYS"},"entryPoint":"createOrder","updateTime":"1970-01-01T00:00:00Z","labels":{"deployment-tool":"cli-firebase","firebase-functions-hash":"d4fa81547bac1ca707eb0988d534e987f547df30"},"sourceUploadUrl":"https://storage.googleapis.com/uploads-763700285092.us-central1.cloudfunctions.appspot.com/8f0a08e6-ee58-4376-90f5-a123a31d90fb.zip?GoogleAccessId=service-329010584107@gcf-admin-robot.iam.gserviceaccount.com&Expires=1773728448&Signature=wPYDBa3v9T%2BzEdJcwe58wa%2BOF31A3I8IU4soZsWOuLLq8KY6rTCw9a0Q%2FG88%2BTUOtnzfuuIvbP%2FN%2FfjWKkkMuORIKJ0FLc8yC9gEzL%2FAXEFWfeReHwGJ%2BHxGE%2FpnE4GcuYshlG86F7fKbBpidvkYKu%2BhJJ5ViD5MBrntGkTB%2BosFIV0kdqs%2FvxPh2eTY5H60WGoGozw2uSzb6OhkN7sRFd9%2FCjozGwlS3ZGtRfyaPt1YTGFEP0%2BltvBZvVSFRsNnEFh2RkhLFUl0JSY8%2FOtbL6p5D5bVQAbBbJj1bnNHXaS6VhcuLCa6NhW3pZSCaWWXXyxBEGHgHJVMOU%2FU9XbNsg%3D%3D","environmentVariables":{"FIREBASE_CONFIG":"{\"projectId\":\"prompt-battle-c5e6a\",\"databaseURL\":\"https://prompt-battle-c5e6a-default-rtdb.firebaseio.com\",\"storageBucket\":\"prompt-battle-c5e6a.firebasestorage.app\"}","GCLOUD_PROJECT":"prompt-battle-c5e6a","EVENTARC_CLOUD_EVENT_SOURCE":"projects/prompt-battle-c5e6a/locations/us-central1/functions/createOrder"},"runtime":"nodejs20","buildEnvironmentVariables":{"GOOGLE_NODE_RUN_SCRIPTS":""},"dockerRegistry":"ARTIFACT_REGISTRY"},"versionId":"1","updateTime":"2026-03-17T05:50:49.487632733Z","buildId":"fa443cad-af39-401c-b02a-78ca13e2c53f","buildName":"projects/329010584107/locations/us-central1/builds/fa443cad-af39-401c-b02a-78ca13e2c53f"}}
[debug] [2026-03-17T05:50:57.762Z] [create-default-us-central1-createOrder] Retrying task index 0
[debug] [2026-03-17T05:50:57.763Z] Checked if tokens are valid: true, expires at: 1773729535384
[debug] [2026-03-17T05:50:57.763Z] Checked if tokens are valid: true, expires at: 1773729535384
[debug] [2026-03-17T05:50:57.763Z] >>> [apiv2][query] GET https://cloudfunctions.googleapis.com/v1/operations/cHJvamVjdHMvcHJvbXB0LWJhdHRsZS1jNWU2YS9sb2NhdGlvbnMvdXMtY2VudHJhbDEvb3BlcmF0aW9ucy9vcGVyYXRpb24tMTc3MzcyNjY0OTA0MS02NGQzMWVhZDg0NDFjLTdiYTg0ZDdmLTgzZjRmYTk2 [none]
[debug] [2026-03-17T05:50:57.890Z] <<< [apiv2][status] GET https://cloudfunctions.googleapis.com/v1/operations/cHJvamVjdHMvcHJvbXB0LWJhdHRsZS1jNWU2YS9sb2NhdGlvbnMvdXMtY2VudHJhbDEvb3BlcmF0aW9ucy9vcGVyYXRpb24tMTc3MzcyNjY0OTA0MS02NGQzMWVhZDg0NDFjLTdiYTg0ZDdmLTgzZjRmYTk2 200
[debug] [2026-03-17T05:50:57.890Z] <<< [apiv2][body] GET https://cloudfunctions.googleapis.com/v1/operations/cHJvamVjdHMvcHJvbXB0LWJhdHRsZS1jNWU2YS9sb2NhdGlvbnMvdXMtY2VudHJhbDEvb3BlcmF0aW9ucy9vcGVyYXRpb24tMTc3MzcyNjY0OTA0MS02NGQzMWVhZDg0NDFjLTdiYTg0ZDdmLTgzZjRmYTk2 {"name":"operations/cHJvamVjdHMvcHJvbXB0LWJhdHRsZS1jNWU2YS9sb2NhdGlvbnMvdXMtY2VudHJhbDEvb3BlcmF0aW9ucy9vcGVyYXRpb24tMTc3MzcyNjY0OTA0MS02NGQzMWVhZDg0NDFjLTdiYTg0ZDdmLTgzZjRmYTk2","metadata":{"@type":"type.googleapis.com/google.cloud.functions.v1.OperationMetadataV1","target":"projects/prompt-battle-c5e6a/locations/us-central1/functions/createOrder","type":"CREATE_FUNCTION","request":{"@type":"type.googleapis.com/google.cloud.functions.v1.CloudFunction","name":"projects/prompt-battle-c5e6a/locations/us-central1/functions/createOrder","httpsTrigger":{"securityLevel":"SECURE_ALWAYS"},"entryPoint":"createOrder","updateTime":"1970-01-01T00:00:00Z","labels":{"deployment-tool":"cli-firebase","firebase-functions-hash":"d4fa81547bac1ca707eb0988d534e987f547df30"},"sourceUploadUrl":"https://storage.googleapis.com/uploads-763700285092.us-central1.cloudfunctions.appspot.com/8f0a08e6-ee58-4376-90f5-a123a31d90fb.zip?GoogleAccessId=service-329010584107@gcf-admin-robot.iam.gserviceaccount.com&Expires=1773728448&Signature=wPYDBa3v9T%2BzEdJcwe58wa%2BOF31A3I8IU4soZsWOuLLq8KY6rTCw9a0Q%2FG88%2BTUOtnzfuuIvbP%2FN%2FfjWKkkMuORIKJ0FLc8yC9gEzL%2FAXEFWfeReHwGJ%2BHxGE%2FpnE4GcuYshlG86F7fKbBpidvkYKu%2BhJJ5ViD5MBrntGkTB%2BosFIV0kdqs%2FvxPh2eTY5H60WGoGozw2uSzb6OhkN7sRFd9%2FCjozGwlS3ZGtRfyaPt1YTGFEP0%2BltvBZvVSFRsNnEFh2RkhLFUl0JSY8%2FOtbL6p5D5bVQAbBbJj1bnNHXaS6VhcuLCa6NhW3pZSCaWWXXyxBEGHgHJVMOU%2FU9XbNsg%3D%3D","environmentVariables":{"FIREBASE_CONFIG":"{\"projectId\":\"prompt-battle-c5e6a\",\"databaseURL\":\"https://prompt-battle-c5e6a-default-rtdb.firebaseio.com\",\"storageBucket\":\"prompt-battle-c5e6a.firebasestorage.app\"}","GCLOUD_PROJECT":"prompt-battle-c5e6a","EVENTARC_CLOUD_EVENT_SOURCE":"projects/prompt-battle-c5e6a/locations/us-central1/functions/createOrder"},"runtime":"nodejs20","buildEnvironmentVariables":{"GOOGLE_NODE_RUN_SCRIPTS":""},"dockerRegistry":"ARTIFACT_REGISTRY"},"versionId":"1","updateTime":"2026-03-17T05:50:49.487632733Z","buildId":"fa443cad-af39-401c-b02a-78ca13e2c53f","buildName":"projects/329010584107/locations/us-central1/builds/fa443cad-af39-401c-b02a-78ca13e2c53f"}}
[debug] [2026-03-17T05:51:05.896Z] [create-default-us-central1-createOrder] Retrying task index 0
[debug] [2026-03-17T05:51:05.897Z] Checked if tokens are valid: true, expires at: 1773729535384
[debug] [2026-03-17T05:51:05.897Z] Checked if tokens are valid: true, expires at: 1773729535384
[debug] [2026-03-17T05:51:05.897Z] >>> [apiv2][query] GET https://cloudfunctions.googleapis.com/v1/operations/cHJvamVjdHMvcHJvbXB0LWJhdHRsZS1jNWU2YS9sb2NhdGlvbnMvdXMtY2VudHJhbDEvb3BlcmF0aW9ucy9vcGVyYXRpb24tMTc3MzcyNjY0OTA0MS02NGQzMWVhZDg0NDFjLTdiYTg0ZDdmLTgzZjRmYTk2 [none]
[debug] [2026-03-17T05:51:06.064Z] <<< [apiv2][status] GET https://cloudfunctions.googleapis.com/v1/operations/cHJvamVjdHMvcHJvbXB0LWJhdHRsZS1jNWU2YS9sb2NhdGlvbnMvdXMtY2VudHJhbDEvb3BlcmF0aW9ucy9vcGVyYXRpb24tMTc3MzcyNjY0OTA0MS02NGQzMWVhZDg0NDFjLTdiYTg0ZDdmLTgzZjRmYTk2 200
[debug] [2026-03-17T05:51:06.064Z] <<< [apiv2][body] GET https://cloudfunctions.googleapis.com/v1/operations/cHJvamVjdHMvcHJvbXB0LWJhdHRsZS1jNWU2YS9sb2NhdGlvbnMvdXMtY2VudHJhbDEvb3BlcmF0aW9ucy9vcGVyYXRpb24tMTc3MzcyNjY0OTA0MS02NGQzMWVhZDg0NDFjLTdiYTg0ZDdmLTgzZjRmYTk2 {"name":"operations/cHJvamVjdHMvcHJvbXB0LWJhdHRsZS1jNWU2YS9sb2NhdGlvbnMvdXMtY2VudHJhbDEvb3BlcmF0aW9ucy9vcGVyYXRpb24tMTc3MzcyNjY0OTA0MS02NGQzMWVhZDg0NDFjLTdiYTg0ZDdmLTgzZjRmYTk2","metadata":{"@type":"type.googleapis.com/google.cloud.functions.v1.OperationMetadataV1","target":"projects/prompt-battle-c5e6a/locations/us-central1/functions/createOrder","type":"CREATE_FUNCTION","request":{"@type":"type.googleapis.com/google.cloud.functions.v1.CloudFunction","name":"projects/prompt-battle-c5e6a/locations/us-central1/functions/createOrder","httpsTrigger":{"securityLevel":"SECURE_ALWAYS"},"entryPoint":"createOrder","updateTime":"1970-01-01T00:00:00Z","labels":{"deployment-tool":"cli-firebase","firebase-functions-hash":"d4fa81547bac1ca707eb0988d534e987f547df30"},"sourceUploadUrl":"https://storage.googleapis.com/uploads-763700285092.us-central1.cloudfunctions.appspot.com/8f0a08e6-ee58-4376-90f5-a123a31d90fb.zip?GoogleAccessId=service-329010584107@gcf-admin-robot.iam.gserviceaccount.com&Expires=1773728448&Signature=wPYDBa3v9T%2BzEdJcwe58wa%2BOF31A3I8IU4soZsWOuLLq8KY6rTCw9a0Q%2FG88%2BTUOtnzfuuIvbP%2FN%2FfjWKkkMuORIKJ0FLc8yC9gEzL%2FAXEFWfeReHwGJ%2BHxGE%2FpnE4GcuYshlG86F7fKbBpidvkYKu%2BhJJ5ViD5MBrntGkTB%2BosFIV0kdqs%2FvxPh2eTY5H60WGoGozw2uSzb6OhkN7sRFd9%2FCjozGwlS3ZGtRfyaPt1YTGFEP0%2BltvBZvVSFRsNnEFh2RkhLFUl0JSY8%2FOtbL6p5D5bVQAbBbJj1bnNHXaS6VhcuLCa6NhW3pZSCaWWXXyxBEGHgHJVMOU%2FU9XbNsg%3D%3D","environmentVariables":{"FIREBASE_CONFIG":"{\"projectId\":\"prompt-battle-c5e6a\",\"databaseURL\":\"https://prompt-battle-c5e6a-default-rtdb.firebaseio.com\",\"storageBucket\":\"prompt-battle-c5e6a.firebasestorage.app\"}","GCLOUD_PROJECT":"prompt-battle-c5e6a","EVENTARC_CLOUD_EVENT_SOURCE":"projects/prompt-battle-c5e6a/locations/us-central1/functions/createOrder"},"runtime":"nodejs20","buildEnvironmentVariables":{"GOOGLE_NODE_RUN_SCRIPTS":""},"dockerRegistry":"ARTIFACT_REGISTRY"},"versionId":"1","updateTime":"2026-03-17T05:50:49.487632733Z","buildId":"fa443cad-af39-401c-b02a-78ca13e2c53f","buildName":"projects/329010584107/locations/us-central1/builds/fa443cad-af39-401c-b02a-78ca13e2c53f"}}
[debug] [2026-03-17T05:51:16.077Z] [create-default-us-central1-createOrder] Retrying task index 0
[debug] [2026-03-17T05:51:16.078Z] Checked if tokens are valid: true, expires at: 1773729535384
[debug] [2026-03-17T05:51:16.078Z] Checked if tokens are valid: true, expires at: 1773729535384
[debug] [2026-03-17T05:51:16.078Z] >>> [apiv2][query] GET https://cloudfunctions.googleapis.com/v1/operations/cHJvamVjdHMvcHJvbXB0LWJhdHRsZS1jNWU2YS9sb2NhdGlvbnMvdXMtY2VudHJhbDEvb3BlcmF0aW9ucy9vcGVyYXRpb24tMTc3MzcyNjY0OTA0MS02NGQzMWVhZDg0NDFjLTdiYTg0ZDdmLTgzZjRmYTk2 [none]
[debug] [2026-03-17T05:51:16.272Z] <<< [apiv2][status] GET https://cloudfunctions.googleapis.com/v1/operations/cHJvamVjdHMvcHJvbXB0LWJhdHRsZS1jNWU2YS9sb2NhdGlvbnMvdXMtY2VudHJhbDEvb3BlcmF0aW9ucy9vcGVyYXRpb24tMTc3MzcyNjY0OTA0MS02NGQzMWVhZDg0NDFjLTdiYTg0ZDdmLTgzZjRmYTk2 200
[debug] [2026-03-17T05:51:16.272Z] <<< [apiv2][body] GET https://cloudfunctions.googleapis.com/v1/operations/cHJvamVjdHMvcHJvbXB0LWJhdHRsZS1jNWU2YS9sb2NhdGlvbnMvdXMtY2VudHJhbDEvb3BlcmF0aW9ucy9vcGVyYXRpb24tMTc3MzcyNjY0OTA0MS02NGQzMWVhZDg0NDFjLTdiYTg0ZDdmLTgzZjRmYTk2 {"name":"operations/cHJvamVjdHMvcHJvbXB0LWJhdHRsZS1jNWU2YS9sb2NhdGlvbnMvdXMtY2VudHJhbDEvb3BlcmF0aW9ucy9vcGVyYXRpb24tMTc3MzcyNjY0OTA0MS02NGQzMWVhZDg0NDFjLTdiYTg0ZDdmLTgzZjRmYTk2","metadata":{"@type":"type.googleapis.com/google.cloud.functions.v1.OperationMetadataV1","target":"projects/prompt-battle-c5e6a/locations/us-central1/functions/createOrder","type":"CREATE_FUNCTION","request":{"@type":"type.googleapis.com/google.cloud.functions.v1.CloudFunction","name":"projects/prompt-battle-c5e6a/locations/us-central1/functions/createOrder","httpsTrigger":{"securityLevel":"SECURE_ALWAYS"},"entryPoint":"createOrder","updateTime":"1970-01-01T00:00:00Z","labels":{"deployment-tool":"cli-firebase","firebase-functions-hash":"d4fa81547bac1ca707eb0988d534e987f547df30"},"sourceUploadUrl":"https://storage.googleapis.com/uploads-763700285092.us-central1.cloudfunctions.appspot.com/8f0a08e6-ee58-4376-90f5-a123a31d90fb.zip?GoogleAccessId=service-329010584107@gcf-admin-robot.iam.gserviceaccount.com&Expires=1773728448&Signature=wPYDBa3v9T%2BzEdJcwe58wa%2BOF31A3I8IU4soZsWOuLLq8KY6rTCw9a0Q%2FG88%2BTUOtnzfuuIvbP%2FN%2FfjWKkkMuORIKJ0FLc8yC9gEzL%2FAXEFWfeReHwGJ%2BHxGE%2FpnE4GcuYshlG86F7fKbBpidvkYKu%2BhJJ5ViD5MBrntGkTB%2BosFIV0kdqs%2FvxPh2eTY5H60WGoGozw2uSzb6OhkN7sRFd9%2FCjozGwlS3ZGtRfyaPt1YTGFEP0%2BltvBZvVSFRsNnEFh2RkhLFUl0JSY8%2FOtbL6p5D5bVQAbBbJj1bnNHXaS6VhcuLCa6NhW3pZSCaWWXXyxBEGHgHJVMOU%2FU9XbNsg%3D%3D","environmentVariables":{"FIREBASE_CONFIG":"{\"projectId\":\"prompt-battle-c5e6a\",\"databaseURL\":\"https://prompt-battle-c5e6a-default-rtdb.firebaseio.com\",\"storageBucket\":\"prompt-battle-c5e6a.firebasestorage.app\"}","GCLOUD_PROJECT":"prompt-battle-c5e6a","EVENTARC_CLOUD_EVENT_SOURCE":"projects/prompt-battle-c5e6a/locations/us-central1/functions/createOrder"},"runtime":"nodejs20","buildEnvironmentVariables":{"GOOGLE_NODE_RUN_SCRIPTS":""},"dockerRegistry":"ARTIFACT_REGISTRY"},"versionId":"1","updateTime":"2026-03-17T05:51:13.118770616Z","buildId":"fa443cad-af39-401c-b02a-78ca13e2c53f","buildName":"projects/329010584107/locations/us-central1/builds/fa443cad-af39-401c-b02a-78ca13e2c53f"},"done":true,"error":{"code":13,"message":"Gen1 operation for function projects/prompt-battle-c5e6a/locations/us-central1/functions/createOrder failed: Build failed: Build error details not available.Please check the logs at https://console.cloud.google.com/cloud-build/builds;region=us-central1/fa443cad-af39-401c-b02a-78ca13e2c53f?project=329010584107. Please visit https://cloud.google.com/functions/docs/troubleshooting#build for in-depth troubleshooting documentation for build related errors..","details":[{"@type":"type.googleapis.com/google.rpc.DebugInfo","stackEntries":["cloud/control2/shared/userfriendly/userfriendly_helpers.go:66 +0x24 google3/cloud/control2/shared/userfriendly/userfriendly.DebugInfoWithMessage({0x1d39be9514a0, 0x1c8})","cloud/control2/frontend/storedata/public_operation.go:256 +0xc0 google3/cloud/control2/frontend/storedata/publicoperation.toOperationError({0xaaaaff12b1e8, 0x1d39d3565dd0}, 0x1d39b0d55698?, 0x88?)","cloud/control2/frontend/storedata/public_operation.go:122 +0x314 google3/cloud/control2/frontend/storedata/publicoperation.ToPublic({0xaaaaff12b1e8, 0x1d39d3565dd0}, 0x1d39b0d55698, 0x1d39a851ea88, 0x1d39c2c35050, 0x1d399f239290)","cloud/control2/frontend/converters/operation_converter.go:46 +0x78 google3/cloud/control2/frontend/converters/operationconverter.(*OperationConverter).ConvertResource(0x1d39b86cee10, {0xaaaaff12b1e8, 0x1d39d3565dd0}, {0xaaaaff13a740, 0x1d39b0d55698}, 0x1d399f5c7740?, 0x1d399f239290?)","cloud/control2/frontend/handler/get.go:220 +0x1450 google3/cloud/control2/frontend/handler/handler.Handler.handleGet({{0xffff2eda65a0, 0x1d399f20c300}, {0x1d39a3176e40, 0x1d39a41f7470, {0xaaaaff15e0e8, 0x1d399f5c7740}, 0x1d399f239290, 0x1d39c719b380}, {{0xaaaafef9e260, 0x1d39a2f24500}}, ...}, ...)","cloud/control2/frontend/handler/handler_init.go:511 +0x68 google3/cloud/control2/frontend/handler/handler.init.func55({_, _}, {0x1d39c2110008, 0x1d39b8d62210, 0x0, 0x0, 0x0, 0x0, 0x1d399f8e2f80, 0x1d399f8e3000, ...})","cloud/control2/frontend/handler/handler_init.go:273 +0x64 google3/cloud/control2/frontend/handler/handler.RegularInitializer.initGetMethodStates.func2({_, _}, {0x1d39c2110008, 0x1d39b8d62210, 0x0, 0x0, 0x0, 0x0, 0x1d399f8e2f80, 0x1d399f8e3000, ...})","cloud/control2/frontend/handler/handler.go:328 google3/cloud/control2/frontend/handler/handler.Handler.start.func1(...)","cloud/control2/frontend/handler/handler.go:329 +0x254 google3/cloud/control2/frontend/handler/handler.Handler.start({{0xffff2eda65a0, 0x1d399f20c300}, {0x1d39a3176e40, 0x1d39a41f7470, {0xaaaaff15e0e8, 0x1d399f5c7740}, 0x1d399f239290, 0x1d39c719b380}, {{0xaaaafef9e260, 0x1d39a2f24500}}, ...}, ...)","cloud/control2/frontend/handler/handler.go:312 +0x60 google3/cloud/control2/frontend/handler/handler.init.func63({0xaaaaff12b1e8?, _}, {{0xffff2eda65a0, 0x1d399f20c300}, {0x1d39a3176e40, 0x1d39a41f7470, {0xaaaaff15e0e8, 0x1d399f5c7740}, 0x1d399f239290, 0x1d39c719b380}, ...}, ...)","cloud/control2/frontend/handler/handler.go:307 +0xf4 google3/cloud/control2/frontend/handler/handler.Handler.HandleRequest({{0xffff2eda65a0, 0x1d399f20c300}, {0x1d39a3176e40, 0x1d39a41f7470, {0xaaaaff15e0e8, 0x1d399f5c7740}, 0x1d399f239290, 0x1d39c719b380}, {{0xaaaafef9e260, 0x1d39a2f24500}}, ...}, ...)","cloud/control2/frontend/server/request_handler.go:170 +0xc4 google3/cloud/control2/frontend/server/requesthandler.init.func1({0xaaaaff12b1e8?, 0x1d39d5f89740?}, 0x1d39aa07cb00, 0x1d399f8e2f00, 0x1d399f8e2f80, 0x1d399f8e3000)","cloud/control2/frontend/server/request_handler.go:143 +0x4f4 google3/cloud/control2/frontend/server/requesthandler.(*Handler).handleRequestWithFullMethodName(0x1d39aa07cb00, {0xaaaaff12b1e8, 0x1d39d5f895f0}, 0x1d39cbdcba80, 0x1d39a27f4f78, 0x1d39b8d62168, {0x0?, 0x0?})","cloud/control2/frontend/server/request_handler.go:88 +0x378 google3/cloud/control2/frontend/server/requesthandler.(*Handler).handleRequest(0x1d39aa07cb00, {0xaaaaff12b1e8, 0x1d39d5f895f0}, 0x1d39a27f4f78, 0x1d39b8d62168)","cloud/control2/frontend/server/request_handler.go:66 +0xa4 google3/cloud/control2/frontend/server/requesthandler.init.func2({0xaaaaff12b1e8?, 0x1d39d5f895f0?}, 0x1d39c9061579?, 0x1d39a6234753?, 0x1d39c9061584?)","cloud/control2/frontend/server/request_handler.go:54 +0x40 google3/cloud/control2/frontend/server/requesthandler.(*Handler).handle(0x5?, {0xaaaaff12b1e8, 0x1d39d5f895f0}, 0xffff91ce5a00?, 0x1d3998f00808?)","cloud/control2/shared/genericrpc/service.go:171 +0x3a8 google3/cloud/control2/shared/genericrpc/genericrpc.(*Dispatcher).DefaultMethodHandler(0x1d39aa98e030, {0xaaaaff12b1e8, 0x1d39d5f895f0}, 0x1d39a27f4f78)","net/rpc/go/stream.go:1180 +0x4c google3/net/rpc/go/rpc.runStreamHandler({0xaaaaff12b1e8?, 0x1d39d5f895f0?}, 0x1d39a27f4f78?, {0x0?, 0x0?}, {0xaaaaff143170, 0x1d39a7f8eaf0})","net/goa/rpc/rpchandler.go:100 +0x3b8 google3/net/goa/rpc/rpchandler.ExecHandlerSubset({0xaaaaff12b1e8?, 0x1d39c7b8ef90?}, 0x1d39b2d6b518)","net/goa/rpc/rpchandler.go:327 +0x7f0 google3/net/goa/rpc/rpchandler.(*closedRegistry).hook(0x1d39a23c2120, {0xaaaaff12b508, 0x1d39c719a240}, 0x1d39c7d2c900)","production/fireaxe/go/filters/rpcserverinterceptor.go:62 +0x258 google3/production/fireaxe/go/filters/rpcserverinterceptor.(*Interceptor).MakeHook-fm.(*Interceptor).MakeHook.func2({0xaaaaff12b508, 0x1d39c719a240}, 0x1d39c7d2c900)"],"detail":"Gen1 operation for function projects/prompt-battle-c5e6a/locations/us-central1/functions/createOrder failed: Build failed: Build error details not available.Please check the logs at https://console.cloud.google.com/cloud-build/builds;region=us-central1/fa443cad-af39-401c-b02a-78ca13e2c53f?project=329010584107. Please visit https://cloud.google.com/functions/docs/troubleshooting#build for in-depth troubleshooting documentation for build related errors.."}]}}
[debug] [2026-03-17T05:51:16.272Z] Got source token undefined for region us-central1
[debug] [2026-03-17T05:51:16.272Z] Checked if tokens are valid: true, expires at: 1773729535384
[debug] [2026-03-17T05:51:16.272Z] Checked if tokens are valid: true, expires at: 1773729535384
[debug] [2026-03-17T05:51:16.273Z] Checked if tokens are valid: true, expires at: 1773729535384
[debug] [2026-03-17T05:51:16.273Z] Checked if tokens are valid: true, expires at: 1773729535384
[debug] [2026-03-17T05:51:16.273Z] Checked if tokens are valid: true, expires at: 1773729535384
[debug] [2026-03-17T05:51:16.273Z] Checked if tokens are valid: true, expires at: 1773729535384
[debug] [2026-03-17T05:51:16.273Z] Checked if tokens are valid: true, expires at: 1773729535384
[debug] [2026-03-17T05:51:16.273Z] Checked if tokens are valid: true, expires at: 1773729535384
[debug] [2026-03-17T05:51:16.273Z] Checked if tokens are valid: true, expires at: 1773729535384
[debug] [2026-03-17T05:51:16.273Z] Checked if tokens are valid: true, expires at: 1773729535384
[debug] [2026-03-17T05:51:16.273Z] Checked if tokens are valid: true, expires at: 1773729535384
[debug] [2026-03-17T05:51:16.273Z] Checked if tokens are valid: true, expires at: 1773729535384
[debug] [2026-03-17T05:51:16.273Z] Checked if tokens are valid: true, expires at: 1773729535384
[debug] [2026-03-17T05:51:16.273Z] Checked if tokens are valid: true, expires at: 1773729535384
[debug] [2026-03-17T05:51:16.273Z] Checked if tokens are valid: true, expires at: 1773729535384
[debug] [2026-03-17T05:51:16.273Z] Checked if tokens are valid: true, expires at: 1773729535384
[debug] [2026-03-17T05:51:16.273Z] Checked if tokens are valid: true, expires at: 1773729535384
[debug] [2026-03-17T05:51:16.273Z] Checked if tokens are valid: true, expires at: 1773729535384
[debug] [2026-03-17T05:51:16.273Z] Checked if tokens are valid: true, expires at: 1773729535384
[debug] [2026-03-17T05:51:16.273Z] Checked if tokens are valid: true, expires at: 1773729535384
[debug] [2026-03-17T05:51:16.273Z] Checked if tokens are valid: true, expires at: 1773729535384
[debug] [2026-03-17T05:51:16.273Z] Checked if tokens are valid: true, expires at: 1773729535384
[debug] [2026-03-17T05:51:16.273Z] Checked if tokens are valid: true, expires at: 1773729535384
[debug] [2026-03-17T05:51:16.273Z] Checked if tokens are valid: true, expires at: 1773729535384
[debug] [2026-03-17T05:51:16.273Z] Checked if tokens are valid: true, expires at: 1773729535384
[debug] [2026-03-17T05:51:16.273Z] Checked if tokens are valid: true, expires at: 1773729535384
[debug] [2026-03-17T05:51:16.274Z] Checked if tokens are valid: true, expires at: 1773729535384
[debug] [2026-03-17T05:51:16.274Z] Checked if tokens are valid: true, expires at: 1773729535384
[debug] [2026-03-17T05:51:16.274Z] >>> [apiv2][query] POST https://cloudfunctions.googleapis.com/v1/projects/prompt-battle-c5e6a/locations/us-central1/functions [none]
[debug] [2026-03-17T05:51:16.274Z] >>> [apiv2][body] POST https://cloudfunctions.googleapis.com/v1/projects/prompt-battle-c5e6a/locations/us-central1/functions {"name":"projects/prompt-battle-c5e6a/locations/us-central1/functions/completePayment","sourceUploadUrl":"https://storage.googleapis.com/uploads-763700285092.us-central1.cloudfunctions.appspot.com/8f0a08e6-ee58-4376-90f5-a123a31d90fb.zip?GoogleAccessId=service-329010584107@gcf-admin-robot.iam.gserviceaccount.com&Expires=1773728448&Signature=wPYDBa3v9T%2BzEdJcwe58wa%2BOF31A3I8IU4soZsWOuLLq8KY6rTCw9a0Q%2FG88%2BTUOtnzfuuIvbP%2FN%2FfjWKkkMuORIKJ0FLc8yC9gEzL%2FAXEFWfeReHwGJ%2BHxGE%2FpnE4GcuYshlG86F7fKbBpidvkYKu%2BhJJ5ViD5MBrntGkTB%2BosFIV0kdqs%2FvxPh2eTY5H60WGoGozw2uSzb6OhkN7sRFd9%2FCjozGwlS3ZGtRfyaPt1YTGFEP0%2BltvBZvVSFRsNnEFh2RkhLFUl0JSY8%2FOtbL6p5D5bVQAbBbJj1bnNHXaS6VhcuLCa6NhW3pZSCaWWXXyxBEGHgHJVMOU%2FU9XbNsg%3D%3D","entryPoint":"completePayment","runtime":"nodejs20","dockerRegistry":"ARTIFACT_REGISTRY","labels":{"deployment-tool":"cli-firebase","firebase-functions-hash":"d4fa81547bac1ca707eb0988d534e987f547df30"},"httpsTrigger":{"securityLevel":"SECURE_ALWAYS"},"minInstances":null,"maxInstances":null,"ingressSettings":null,"environmentVariables":{"FIREBASE_CONFIG":"{\"projectId\":\"prompt-battle-c5e6a\",\"databaseURL\":\"https://prompt-battle-c5e6a-default-rtdb.firebaseio.com\",\"storageBucket\":\"prompt-battle-c5e6a.firebasestorage.app\"}","GCLOUD_PROJECT":"prompt-battle-c5e6a","EVENTARC_CLOUD_EVENT_SOURCE":"projects/prompt-battle-c5e6a/locations/us-central1/functions/completePayment"},"serviceAccountEmail":null,"availableMemoryMb":null,"timeout":null,"vpcConnector":null,"vpcConnectorEgressSettings":null,"buildEnvironmentVariables":{"GOOGLE_NODE_RUN_SCRIPTS":""}}
[debug] [2026-03-17T05:51:16.275Z] >>> [apiv2][query] POST https://cloudfunctions.googleapis.com/v1/projects/prompt-battle-c5e6a/locations/us-central1/functions [none]
[debug] [2026-03-17T05:51:16.275Z] >>> [apiv2][body] POST https://cloudfunctions.googleapis.com/v1/projects/prompt-battle-c5e6a/locations/us-central1/functions {"name":"projects/prompt-battle-c5e6a/locations/us-central1/functions/redeemItchKey","sourceUploadUrl":"https://storage.googleapis.com/uploads-763700285092.us-central1.cloudfunctions.appspot.com/8f0a08e6-ee58-4376-90f5-a123a31d90fb.zip?GoogleAccessId=service-329010584107@gcf-admin-robot.iam.gserviceaccount.com&Expires=1773728448&Signature=wPYDBa3v9T%2BzEdJcwe58wa%2BOF31A3I8IU4soZsWOuLLq8KY6rTCw9a0Q%2FG88%2BTUOtnzfuuIvbP%2FN%2FfjWKkkMuORIKJ0FLc8yC9gEzL%2FAXEFWfeReHwGJ%2BHxGE%2FpnE4GcuYshlG86F7fKbBpidvkYKu%2BhJJ5ViD5MBrntGkTB%2BosFIV0kdqs%2FvxPh2eTY5H60WGoGozw2uSzb6OhkN7sRFd9%2FCjozGwlS3ZGtRfyaPt1YTGFEP0%2BltvBZvVSFRsNnEFh2RkhLFUl0JSY8%2FOtbL6p5D5bVQAbBbJj1bnNHXaS6VhcuLCa6NhW3pZSCaWWXXyxBEGHgHJVMOU%2FU9XbNsg%3D%3D","entryPoint":"redeemItchKey","runtime":"nodejs20","dockerRegistry":"ARTIFACT_REGISTRY","labels":{"deployment-tool":"cli-firebase","firebase-functions-hash":"d4fa81547bac1ca707eb0988d534e987f547df30"},"httpsTrigger":{"securityLevel":"SECURE_ALWAYS"},"minInstances":null,"maxInstances":null,"ingressSettings":null,"environmentVariables":{"FIREBASE_CONFIG":"{\"projectId\":\"prompt-battle-c5e6a\",\"databaseURL\":\"https://prompt-battle-c5e6a-default-rtdb.firebaseio.com\",\"storageBucket\":\"prompt-battle-c5e6a.firebasestorage.app\"}","GCLOUD_PROJECT":"prompt-battle-c5e6a","EVENTARC_CLOUD_EVENT_SOURCE":"projects/prompt-battle-c5e6a/locations/us-central1/functions/redeemItchKey"},"serviceAccountEmail":null,"availableMemoryMb":null,"timeout":null,"vpcConnector":null,"vpcConnectorEgressSettings":null,"buildEnvironmentVariables":{"GOOGLE_NODE_RUN_SCRIPTS":""}}
[debug] [2026-03-17T05:51:16.276Z] >>> [apiv2][query] POST https://cloudfunctions.googleapis.com/v1/projects/prompt-battle-c5e6a/locations/us-central1/functions [none]
[debug] [2026-03-17T05:51:16.276Z] >>> [apiv2][body] POST https://cloudfunctions.googleapis.com/v1/projects/prompt-battle-c5e6a/locations/us-central1/functions {"name":"projects/prompt-battle-c5e6a/locations/us-central1/functions/squareWebhook","sourceUploadUrl":"https://storage.googleapis.com/uploads-763700285092.us-central1.cloudfunctions.appspot.com/8f0a08e6-ee58-4376-90f5-a123a31d90fb.zip?GoogleAccessId=service-329010584107@gcf-admin-robot.iam.gserviceaccount.com&Expires=1773728448&Signature=wPYDBa3v9T%2BzEdJcwe58wa%2BOF31A3I8IU4soZsWOuLLq8KY6rTCw9a0Q%2FG88%2BTUOtnzfuuIvbP%2FN%2FfjWKkkMuORIKJ0FLc8yC9gEzL%2FAXEFWfeReHwGJ%2BHxGE%2FpnE4GcuYshlG86F7fKbBpidvkYKu%2BhJJ5ViD5MBrntGkTB%2BosFIV0kdqs%2FvxPh2eTY5H60WGoGozw2uSzb6OhkN7sRFd9%2FCjozGwlS3ZGtRfyaPt1YTGFEP0%2BltvBZvVSFRsNnEFh2RkhLFUl0JSY8%2FOtbL6p5D5bVQAbBbJj1bnNHXaS6VhcuLCa6NhW3pZSCaWWXXyxBEGHgHJVMOU%2FU9XbNsg%3D%3D","entryPoint":"squareWebhook","runtime":"nodejs20","dockerRegistry":"ARTIFACT_REGISTRY","labels":{"deployment-tool":"cli-firebase","firebase-functions-hash":"d4fa81547bac1ca707eb0988d534e987f547df30"},"httpsTrigger":{"securityLevel":"SECURE_ALWAYS"},"minInstances":null,"maxInstances":null,"ingressSettings":null,"environmentVariables":{"FIREBASE_CONFIG":"{\"projectId\":\"prompt-battle-c5e6a\",\"databaseURL\":\"https://prompt-battle-c5e6a-default-rtdb.firebaseio.com\",\"storageBucket\":\"prompt-battle-c5e6a.firebasestorage.app\"}","GCLOUD_PROJECT":"prompt-battle-c5e6a","EVENTARC_CLOUD_EVENT_SOURCE":"projects/prompt-battle-c5e6a/locations/us-central1/functions/squareWebhook"},"serviceAccountEmail":null,"availableMemoryMb":null,"timeout":null,"vpcConnector":null,"vpcConnectorEgressSettings":null,"buildEnvironmentVariables":{"GOOGLE_NODE_RUN_SCRIPTS":""}}
[debug] [2026-03-17T05:51:16.277Z] >>> [apiv2][query] POST https://cloudfunctions.googleapis.com/v1/projects/prompt-battle-c5e6a/locations/us-central1/functions [none]
[debug] [2026-03-17T05:51:16.277Z] >>> [apiv2][body] POST https://cloudfunctions.googleapis.com/v1/projects/prompt-battle-c5e6a/locations/us-central1/functions {"name":"projects/prompt-battle-c5e6a/locations/us-central1/functions/adminGrantItems","sourceUploadUrl":"https://storage.googleapis.com/uploads-763700285092.us-central1.cloudfunctions.appspot.com/8f0a08e6-ee58-4376-90f5-a123a31d90fb.zip?GoogleAccessId=service-329010584107@gcf-admin-robot.iam.gserviceaccount.com&Expires=1773728448&Signature=wPYDBa3v9T%2BzEdJcwe58wa%2BOF31A3I8IU4soZsWOuLLq8KY6rTCw9a0Q%2FG88%2BTUOtnzfuuIvbP%2FN%2FfjWKkkMuORIKJ0FLc8yC9gEzL%2FAXEFWfeReHwGJ%2BHxGE%2FpnE4GcuYshlG86F7fKbBpidvkYKu%2BhJJ5ViD5MBrntGkTB%2BosFIV0kdqs%2FvxPh2eTY5H60WGoGozw2uSzb6OhkN7sRFd9%2FCjozGwlS3ZGtRfyaPt1YTGFEP0%2BltvBZvVSFRsNnEFh2RkhLFUl0JSY8%2FOtbL6p5D5bVQAbBbJj1bnNHXaS6VhcuLCa6NhW3pZSCaWWXXyxBEGHgHJVMOU%2FU9XbNsg%3D%3D","entryPoint":"adminGrantItems","runtime":"nodejs20","dockerRegistry":"ARTIFACT_REGISTRY","labels":{"deployment-tool":"cli-firebase","firebase-functions-hash":"d4fa81547bac1ca707eb0988d534e987f547df30"},"httpsTrigger":{"securityLevel":"SECURE_ALWAYS"},"minInstances":null,"maxInstances":null,"ingressSettings":null,"environmentVariables":{"FIREBASE_CONFIG":"{\"projectId\":\"prompt-battle-c5e6a\",\"databaseURL\":\"https://prompt-battle-c5e6a-default-rtdb.firebaseio.com\",\"storageBucket\":\"prompt-battle-c5e6a.firebasestorage.app\"}","GCLOUD_PROJECT":"prompt-battle-c5e6a","EVENTARC_CLOUD_EVENT_SOURCE":"projects/prompt-battle-c5e6a/locations/us-central1/functions/adminGrantItems"},"serviceAccountEmail":null,"availableMemoryMb":null,"timeout":null,"vpcConnector":null,"vpcConnectorEgressSettings":null,"buildEnvironmentVariables":{"GOOGLE_NODE_RUN_SCRIPTS":""}}
[debug] [2026-03-17T05:51:16.279Z] >>> [apiv2][query] POST https://cloudfunctions.googleapis.com/v1/projects/prompt-battle-c5e6a/locations/us-central1/functions [none]
[debug] [2026-03-17T05:51:16.279Z] >>> [apiv2][body] POST https://cloudfunctions.googleapis.com/v1/projects/prompt-battle-c5e6a/locations/us-central1/functions {"name":"projects/prompt-battle-c5e6a/locations/us-central1/functions/grantGlory","sourceUploadUrl":"https://storage.googleapis.com/uploads-763700285092.us-central1.cloudfunctions.appspot.com/8f0a08e6-ee58-4376-90f5-a123a31d90fb.zip?GoogleAccessId=service-329010584107@gcf-admin-robot.iam.gserviceaccount.com&Expires=1773728448&Signature=wPYDBa3v9T%2BzEdJcwe58wa%2BOF31A3I8IU4soZsWOuLLq8KY6rTCw9a0Q%2FG88%2BTUOtnzfuuIvbP%2FN%2FfjWKkkMuORIKJ0FLc8yC9gEzL%2FAXEFWfeReHwGJ%2BHxGE%2FpnE4GcuYshlG86F7fKbBpidvkYKu%2BhJJ5ViD5MBrntGkTB%2BosFIV0kdqs%2FvxPh2eTY5H60WGoGozw2uSzb6OhkN7sRFd9%2FCjozGwlS3ZGtRfyaPt1YTGFEP0%2BltvBZvVSFRsNnEFh2RkhLFUl0JSY8%2FOtbL6p5D5bVQAbBbJj1bnNHXaS6VhcuLCa6NhW3pZSCaWWXXyxBEGHgHJVMOU%2FU9XbNsg%3D%3D","entryPoint":"grantGlory","runtime":"nodejs20","dockerRegistry":"ARTIFACT_REGISTRY","labels":{"deployment-tool":"cli-firebase","firebase-functions-hash":"d4fa81547bac1ca707eb0988d534e987f547df30"},"httpsTrigger":{"securityLevel":"SECURE_ALWAYS"},"minInstances":null,"maxInstances":null,"ingressSettings":null,"environmentVariables":{"FIREBASE_CONFIG":"{\"projectId\":\"prompt-battle-c5e6a\",\"databaseURL\":\"https://prompt-battle-c5e6a-default-rtdb.firebaseio.com\",\"storageBucket\":\"prompt-battle-c5e6a.firebasestorage.app\"}","GCLOUD_PROJECT":"prompt-battle-c5e6a","EVENTARC_CLOUD_EVENT_SOURCE":"projects/prompt-battle-c5e6a/locations/us-central1/functions/grantGlory"},"serviceAccountEmail":null,"availableMemoryMb":null,"timeout":null,"vpcConnector":null,"vpcConnectorEgressSettings":null,"buildEnvironmentVariables":{"GOOGLE_NODE_RUN_SCRIPTS":""}}
[debug] [2026-03-17T05:51:16.280Z] >>> [apiv2][query] POST https://cloudfunctions.googleapis.com/v1/projects/prompt-battle-c5e6a/locations/us-central1/functions [none]
[debug] [2026-03-17T05:51:16.280Z] >>> [apiv2][body] POST https://cloudfunctions.googleapis.com/v1/projects/prompt-battle-c5e6a/locations/us-central1/functions {"name":"projects/prompt-battle-c5e6a/locations/us-central1/functions/purchaseItem","sourceUploadUrl":"https://storage.googleapis.com/uploads-763700285092.us-central1.cloudfunctions.appspot.com/8f0a08e6-ee58-4376-90f5-a123a31d90fb.zip?GoogleAccessId=service-329010584107@gcf-admin-robot.iam.gserviceaccount.com&Expires=1773728448&Signature=wPYDBa3v9T%2BzEdJcwe58wa%2BOF31A3I8IU4soZsWOuLLq8KY6rTCw9a0Q%2FG88%2BTUOtnzfuuIvbP%2FN%2FfjWKkkMuORIKJ0FLc8yC9gEzL%2FAXEFWfeReHwGJ%2BHxGE%2FpnE4GcuYshlG86F7fKbBpidvkYKu%2BhJJ5ViD5MBrntGkTB%2BosFIV0kdqs%2FvxPh2eTY5H60WGoGozw2uSzb6OhkN7sRFd9%2FCjozGwlS3ZGtRfyaPt1YTGFEP0%2BltvBZvVSFRsNnEFh2RkhLFUl0JSY8%2FOtbL6p5D5bVQAbBbJj1bnNHXaS6VhcuLCa6NhW3pZSCaWWXXyxBEGHgHJVMOU%2FU9XbNsg%3D%3D","entryPoint":"purchaseItem","runtime":"nodejs20","dockerRegistry":"ARTIFACT_REGISTRY","labels":{"deployment-tool":"cli-firebase","firebase-functions-hash":"d4fa81547bac1ca707eb0988d534e987f547df30"},"httpsTrigger":{"securityLevel":"SECURE_ALWAYS"},"minInstances":null,"maxInstances":null,"ingressSettings":null,"environmentVariables":{"FIREBASE_CONFIG":"{\"projectId\":\"prompt-battle-c5e6a\",\"databaseURL\":\"https://prompt-battle-c5e6a-default-rtdb.firebaseio.com\",\"storageBucket\":\"prompt-battle-c5e6a.firebasestorage.app\"}","GCLOUD_PROJECT":"prompt-battle-c5e6a","EVENTARC_CLOUD_EVENT_SOURCE":"projects/prompt-battle-c5e6a/locations/us-central1/functions/purchaseItem"},"serviceAccountEmail":null,"availableMemoryMb":null,"timeout":null,"vpcConnector":null,"vpcConnectorEgressSettings":null,"buildEnvironmentVariables":{"GOOGLE_NODE_RUN_SCRIPTS":""}}
[debug] [2026-03-17T05:51:16.282Z] >>> [apiv2][query] POST https://cloudfunctions.googleapis.com/v1/projects/prompt-battle-c5e6a/locations/us-central1/functions [none]
[debug] [2026-03-17T05:51:16.282Z] >>> [apiv2][body] POST https://cloudfunctions.googleapis.com/v1/projects/prompt-battle-c5e6a/locations/us-central1/functions {"name":"projects/prompt-battle-c5e6a/locations/us-central1/functions/grantXp","sourceUploadUrl":"https://storage.googleapis.com/uploads-763700285092.us-central1.cloudfunctions.appspot.com/8f0a08e6-ee58-4376-90f5-a123a31d90fb.zip?GoogleAccessId=service-329010584107@gcf-admin-robot.iam.gserviceaccount.com&Expires=1773728448&Signature=wPYDBa3v9T%2BzEdJcwe58wa%2BOF31A3I8IU4soZsWOuLLq8KY6rTCw9a0Q%2FG88%2BTUOtnzfuuIvbP%2FN%2FfjWKkkMuORIKJ0FLc8yC9gEzL%2FAXEFWfeReHwGJ%2BHxGE%2FpnE4GcuYshlG86F7fKbBpidvkYKu%2BhJJ5ViD5MBrntGkTB%2BosFIV0kdqs%2FvxPh2eTY5H60WGoGozw2uSzb6OhkN7sRFd9%2FCjozGwlS3ZGtRfyaPt1YTGFEP0%2BltvBZvVSFRsNnEFh2RkhLFUl0JSY8%2FOtbL6p5D5bVQAbBbJj1bnNHXaS6VhcuLCa6NhW3pZSCaWWXXyxBEGHgHJVMOU%2FU9XbNsg%3D%3D","entryPoint":"grantXp","runtime":"nodejs20","dockerRegistry":"ARTIFACT_REGISTRY","labels":{"deployment-tool":"cli-firebase","firebase-functions-hash":"d4fa81547bac1ca707eb0988d534e987f547df30"},"httpsTrigger":{"securityLevel":"SECURE_ALWAYS"},"minInstances":null,"maxInstances":null,"ingressSettings":null,"environmentVariables":{"FIREBASE_CONFIG":"{\"projectId\":\"prompt-battle-c5e6a\",\"databaseURL\":\"https://prompt-battle-c5e6a-default-rtdb.firebaseio.com\",\"storageBucket\":\"prompt-battle-c5e6a.firebasestorage.app\"}","GCLOUD_PROJECT":"prompt-battle-c5e6a","EVENTARC_CLOUD_EVENT_SOURCE":"projects/prompt-battle-c5e6a/locations/us-central1/functions/grantXp"},"serviceAccountEmail":null,"availableMemoryMb":null,"timeout":null,"vpcConnector":null,"vpcConnectorEgressSettings":null,"buildEnvironmentVariables":{"GOOGLE_NODE_RUN_SCRIPTS":""}}
[debug] [2026-03-17T05:51:16.284Z] >>> [apiv2][query] POST https://cloudfunctions.googleapis.com/v1/projects/prompt-battle-c5e6a/locations/us-central1/functions [none]
[debug] [2026-03-17T05:51:16.284Z] >>> [apiv2][body] POST https://cloudfunctions.googleapis.com/v1/projects/prompt-battle-c5e6a/locations/us-central1/functions {"name":"projects/prompt-battle-c5e6a/locations/us-central1/functions/purchaseBattlePass","sourceUploadUrl":"https://storage.googleapis.com/uploads-763700285092.us-central1.cloudfunctions.appspot.com/8f0a08e6-ee58-4376-90f5-a123a31d90fb.zip?GoogleAccessId=service-329010584107@gcf-admin-robot.iam.gserviceaccount.com&Expires=1773728448&Signature=wPYDBa3v9T%2BzEdJcwe58wa%2BOF31A3I8IU4soZsWOuLLq8KY6rTCw9a0Q%2FG88%2BTUOtnzfuuIvbP%2FN%2FfjWKkkMuORIKJ0FLc8yC9gEzL%2FAXEFWfeReHwGJ%2BHxGE%2FpnE4GcuYshlG86F7fKbBpidvkYKu%2BhJJ5ViD5MBrntGkTB%2BosFIV0kdqs%2FvxPh2eTY5H60WGoGozw2uSzb6OhkN7sRFd9%2FCjozGwlS3ZGtRfyaPt1YTGFEP0%2BltvBZvVSFRsNnEFh2RkhLFUl0JSY8%2FOtbL6p5D5bVQAbBbJj1bnNHXaS6VhcuLCa6NhW3pZSCaWWXXyxBEGHgHJVMOU%2FU9XbNsg%3D%3D","entryPoint":"purchaseBattlePass","runtime":"nodejs20","dockerRegistry":"ARTIFACT_REGISTRY","labels":{"deployment-tool":"cli-firebase","firebase-functions-hash":"d4fa81547bac1ca707eb0988d534e987f547df30"},"httpsTrigger":{"securityLevel":"SECURE_ALWAYS"},"minInstances":null,"maxInstances":null,"ingressSettings":null,"environmentVariables":{"FIREBASE_CONFIG":"{\"projectId\":\"prompt-battle-c5e6a\",\"databaseURL\":\"https://prompt-battle-c5e6a-default-rtdb.firebaseio.com\",\"storageBucket\":\"prompt-battle-c5e6a.firebasestorage.app\"}","GCLOUD_PROJECT":"prompt-battle-c5e6a","EVENTARC_CLOUD_EVENT_SOURCE":"projects/prompt-battle-c5e6a/locations/us-central1/functions/purchaseBattlePass"},"serviceAccountEmail":null,"availableMemoryMb":null,"timeout":null,"vpcConnector":null,"vpcConnectorEgressSettings":null,"buildEnvironmentVariables":{"GOOGLE_NODE_RUN_SCRIPTS":""}}
[debug] [2026-03-17T05:51:16.285Z] >>> [apiv2][query] POST https://cloudfunctions.googleapis.com/v1/projects/prompt-battle-c5e6a/locations/us-central1/functions [none]
[debug] [2026-03-17T05:51:16.285Z] >>> [apiv2][body] POST https://cloudfunctions.googleapis.com/v1/projects/prompt-battle-c5e6a/locations/us-central1/functions {"name":"projects/prompt-battle-c5e6a/locations/us-central1/functions/grantBattlePassXp","sourceUploadUrl":"https://storage.googleapis.com/uploads-763700285092.us-central1.cloudfunctions.appspot.com/8f0a08e6-ee58-4376-90f5-a123a31d90fb.zip?GoogleAccessId=service-329010584107@gcf-admin-robot.iam.gserviceaccount.com&Expires=1773728448&Signature=wPYDBa3v9T%2BzEdJcwe58wa%2BOF31A3I8IU4soZsWOuLLq8KY6rTCw9a0Q%2FG88%2BTUOtnzfuuIvbP%2FN%2FfjWKkkMuORIKJ0FLc8yC9gEzL%2FAXEFWfeReHwGJ%2BHxGE%2FpnE4GcuYshlG86F7fKbBpidvkYKu%2BhJJ5ViD5MBrntGkTB%2BosFIV0kdqs%2FvxPh2eTY5H60WGoGozw2uSzb6OhkN7sRFd9%2FCjozGwlS3ZGtRfyaPt1YTGFEP0%2BltvBZvVSFRsNnEFh2RkhLFUl0JSY8%2FOtbL6p5D5bVQAbBbJj1bnNHXaS6VhcuLCa6NhW3pZSCaWWXXyxBEGHgHJVMOU%2FU9XbNsg%3D%3D","entryPoint":"grantBattlePassXp","runtime":"nodejs20","dockerRegistry":"ARTIFACT_REGISTRY","labels":{"deployment-tool":"cli-firebase","firebase-functions-hash":"d4fa81547bac1ca707eb0988d534e987f547df30"},"httpsTrigger":{"securityLevel":"SECURE_ALWAYS"},"minInstances":null,"maxInstances":null,"ingressSettings":null,"environmentVariables":{"FIREBASE_CONFIG":"{\"projectId\":\"prompt-battle-c5e6a\",\"databaseURL\":\"https://prompt-battle-c5e6a-default-rtdb.firebaseio.com\",\"storageBucket\":\"prompt-battle-c5e6a.firebasestorage.app\"}","GCLOUD_PROJECT":"prompt-battle-c5e6a","EVENTARC_CLOUD_EVENT_SOURCE":"projects/prompt-battle-c5e6a/locations/us-central1/functions/grantBattlePassXp"},"serviceAccountEmail":null,"availableMemoryMb":null,"timeout":null,"vpcConnector":null,"vpcConnectorEgressSettings":null,"buildEnvironmentVariables":{"GOOGLE_NODE_RUN_SCRIPTS":""}}
[debug] [2026-03-17T05:51:16.286Z] >>> [apiv2][query] POST https://cloudfunctions.googleapis.com/v1/projects/prompt-battle-c5e6a/locations/us-central1/functions [none]
[debug] [2026-03-17T05:51:16.286Z] >>> [apiv2][body] POST https://cloudfunctions.googleapis.com/v1/projects/prompt-battle-c5e6a/locations/us-central1/functions {"name":"projects/prompt-battle-c5e6a/locations/us-central1/functions/claimBattlePassReward","sourceUploadUrl":"https://storage.googleapis.com/uploads-763700285092.us-central1.cloudfunctions.appspot.com/8f0a08e6-ee58-4376-90f5-a123a31d90fb.zip?GoogleAccessId=service-329010584107@gcf-admin-robot.iam.gserviceaccount.com&Expires=1773728448&Signature=wPYDBa3v9T%2BzEdJcwe58wa%2BOF31A3I8IU4soZsWOuLLq8KY6rTCw9a0Q%2FG88%2BTUOtnzfuuIvbP%2FN%2FfjWKkkMuORIKJ0FLc8yC9gEzL%2FAXEFWfeReHwGJ%2BHxGE%2FpnE4GcuYshlG86F7fKbBpidvkYKu%2BhJJ5ViD5MBrntGkTB%2BosFIV0kdqs%2FvxPh2eTY5H60WGoGozw2uSzb6OhkN7sRFd9%2FCjozGwlS3ZGtRfyaPt1YTGFEP0%2BltvBZvVSFRsNnEFh2RkhLFUl0JSY8%2FOtbL6p5D5bVQAbBbJj1bnNHXaS6VhcuLCa6NhW3pZSCaWWXXyxBEGHgHJVMOU%2FU9XbNsg%3D%3D","entryPoint":"claimBattlePassReward","runtime":"nodejs20","dockerRegistry":"ARTIFACT_REGISTRY","labels":{"deployment-tool":"cli-firebase","firebase-functions-hash":"d4fa81547bac1ca707eb0988d534e987f547df30"},"httpsTrigger":{"securityLevel":"SECURE_ALWAYS"},"minInstances":null,"maxInstances":null,"ingressSettings":null,"environmentVariables":{"FIREBASE_CONFIG":"{\"projectId\":\"prompt-battle-c5e6a\",\"databaseURL\":\"https://prompt-battle-c5e6a-default-rtdb.firebaseio.com\",\"storageBucket\":\"prompt-battle-c5e6a.firebasestorage.app\"}","GCLOUD_PROJECT":"prompt-battle-c5e6a","EVENTARC_CLOUD_EVENT_SOURCE":"projects/prompt-battle-c5e6a/locations/us-central1/functions/claimBattlePassReward"},"serviceAccountEmail":null,"availableMemoryMb":null,"timeout":null,"vpcConnector":null,"vpcConnectorEgressSettings":null,"buildEnvironmentVariables":{"GOOGLE_NODE_RUN_SCRIPTS":""}}
[debug] [2026-03-17T05:51:16.287Z] >>> [apiv2][query] POST https://cloudfunctions.googleapis.com/v1/projects/prompt-battle-c5e6a/locations/us-central1/functions [none]
[debug] [2026-03-17T05:51:16.287Z] >>> [apiv2][body] POST https://cloudfunctions.googleapis.com/v1/projects/prompt-battle-c5e6a/locations/us-central1/functions {"name":"projects/prompt-battle-c5e6a/locations/us-central1/functions/itchOAuthCallback","sourceUploadUrl":"https://storage.googleapis.com/uploads-763700285092.us-central1.cloudfunctions.appspot.com/8f0a08e6-ee58-4376-90f5-a123a31d90fb.zip?GoogleAccessId=service-329010584107@gcf-admin-robot.iam.gserviceaccount.com&Expires=1773728448&Signature=wPYDBa3v9T%2BzEdJcwe58wa%2BOF31A3I8IU4soZsWOuLLq8KY6rTCw9a0Q%2FG88%2BTUOtnzfuuIvbP%2FN%2FfjWKkkMuORIKJ0FLc8yC9gEzL%2FAXEFWfeReHwGJ%2BHxGE%2FpnE4GcuYshlG86F7fKbBpidvkYKu%2BhJJ5ViD5MBrntGkTB%2BosFIV0kdqs%2FvxPh2eTY5H60WGoGozw2uSzb6OhkN7sRFd9%2FCjozGwlS3ZGtRfyaPt1YTGFEP0%2BltvBZvVSFRsNnEFh2RkhLFUl0JSY8%2FOtbL6p5D5bVQAbBbJj1bnNHXaS6VhcuLCa6NhW3pZSCaWWXXyxBEGHgHJVMOU%2FU9XbNsg%3D%3D","entryPoint":"itchOAuthCallback","runtime":"nodejs20","dockerRegistry":"ARTIFACT_REGISTRY","labels":{"deployment-tool":"cli-firebase","firebase-functions-hash":"d4fa81547bac1ca707eb0988d534e987f547df30"},"httpsTrigger":{"securityLevel":"SECURE_ALWAYS"},"minInstances":null,"maxInstances":null,"ingressSettings":null,"environmentVariables":{"FIREBASE_CONFIG":"{\"projectId\":\"prompt-battle-c5e6a\",\"databaseURL\":\"https://prompt-battle-c5e6a-default-rtdb.firebaseio.com\",\"storageBucket\":\"prompt-battle-c5e6a.firebasestorage.app\"}","GCLOUD_PROJECT":"prompt-battle-c5e6a","EVENTARC_CLOUD_EVENT_SOURCE":"projects/prompt-battle-c5e6a/locations/us-central1/functions/itchOAuthCallback"},"serviceAccountEmail":null,"availableMemoryMb":null,"timeout":null,"vpcConnector":null,"vpcConnectorEgressSettings":null,"buildEnvironmentVariables":{"GOOGLE_NODE_RUN_SCRIPTS":""}}
[debug] [2026-03-17T05:51:16.288Z] >>> [apiv2][query] POST https://cloudfunctions.googleapis.com/v1/projects/prompt-battle-c5e6a/locations/us-central1/functions [none]
[debug] [2026-03-17T05:51:16.288Z] >>> [apiv2][body] POST https://cloudfunctions.googleapis.com/v1/projects/prompt-battle-c5e6a/locations/us-central1/functions {"name":"projects/prompt-battle-c5e6a/locations/us-central1/functions/itchAppAuth","sourceUploadUrl":"https://storage.googleapis.com/uploads-763700285092.us-central1.cloudfunctions.appspot.com/8f0a08e6-ee58-4376-90f5-a123a31d90fb.zip?GoogleAccessId=service-329010584107@gcf-admin-robot.iam.gserviceaccount.com&Expires=1773728448&Signature=wPYDBa3v9T%2BzEdJcwe58wa%2BOF31A3I8IU4soZsWOuLLq8KY6rTCw9a0Q%2FG88%2BTUOtnzfuuIvbP%2FN%2FfjWKkkMuORIKJ0FLc8yC9gEzL%2FAXEFWfeReHwGJ%2BHxGE%2FpnE4GcuYshlG86F7fKbBpidvkYKu%2BhJJ5ViD5MBrntGkTB%2BosFIV0kdqs%2FvxPh2eTY5H60WGoGozw2uSzb6OhkN7sRFd9%2FCjozGwlS3ZGtRfyaPt1YTGFEP0%2BltvBZvVSFRsNnEFh2RkhLFUl0JSY8%2FOtbL6p5D5bVQAbBbJj1bnNHXaS6VhcuLCa6NhW3pZSCaWWXXyxBEGHgHJVMOU%2FU9XbNsg%3D%3D","entryPoint":"itchAppAuth","runtime":"nodejs20","dockerRegistry":"ARTIFACT_REGISTRY","labels":{"deployment-tool":"cli-firebase","firebase-functions-hash":"d4fa81547bac1ca707eb0988d534e987f547df30"},"httpsTrigger":{"securityLevel":"SECURE_ALWAYS"},"minInstances":null,"maxInstances":null,"ingressSettings":null,"environmentVariables":{"FIREBASE_CONFIG":"{\"projectId\":\"prompt-battle-c5e6a\",\"databaseURL\":\"https://prompt-battle-c5e6a-default-rtdb.firebaseio.com\",\"storageBucket\":\"prompt-battle-c5e6a.firebasestorage.app\"}","GCLOUD_PROJECT":"prompt-battle-c5e6a","EVENTARC_CLOUD_EVENT_SOURCE":"projects/prompt-battle-c5e6a/locations/us-central1/functions/itchAppAuth"},"serviceAccountEmail":null,"availableMemoryMb":null,"timeout":null,"vpcConnector":null,"vpcConnectorEgressSettings":null,"buildEnvironmentVariables":{"GOOGLE_NODE_RUN_SCRIPTS":""}}
[debug] [2026-03-17T05:51:16.289Z] >>> [apiv2][query] POST https://cloudfunctions.googleapis.com/v1/projects/prompt-battle-c5e6a/locations/us-central1/functions [none]
[debug] [2026-03-17T05:51:16.289Z] >>> [apiv2][body] POST https://cloudfunctions.googleapis.com/v1/projects/prompt-battle-c5e6a/locations/us-central1/functions {"name":"projects/prompt-battle-c5e6a/locations/us-central1/functions/onPlayerJoinQueue","sourceUploadUrl":"https://storage.googleapis.com/uploads-763700285092.us-central1.cloudfunctions.appspot.com/8f0a08e6-ee58-4376-90f5-a123a31d90fb.zip?GoogleAccessId=service-329010584107@gcf-admin-robot.iam.gserviceaccount.com&Expires=1773728448&Signature=wPYDBa3v9T%2BzEdJcwe58wa%2BOF31A3I8IU4soZsWOuLLq8KY6rTCw9a0Q%2FG88%2BTUOtnzfuuIvbP%2FN%2FfjWKkkMuORIKJ0FLc8yC9gEzL%2FAXEFWfeReHwGJ%2BHxGE%2FpnE4GcuYshlG86F7fKbBpidvkYKu%2BhJJ5ViD5MBrntGkTB%2BosFIV0kdqs%2FvxPh2eTY5H60WGoGozw2uSzb6OhkN7sRFd9%2FCjozGwlS3ZGtRfyaPt1YTGFEP0%2BltvBZvVSFRsNnEFh2RkhLFUl0JSY8%2FOtbL6p5D5bVQAbBbJj1bnNHXaS6VhcuLCa6NhW3pZSCaWWXXyxBEGHgHJVMOU%2FU9XbNsg%3D%3D","entryPoint":"onPlayerJoinQueue","runtime":"nodejs20","dockerRegistry":"ARTIFACT_REGISTRY","labels":{"deployment-tool":"cli-firebase","firebase-functions-hash":"d4fa81547bac1ca707eb0988d534e987f547df30"},"eventTrigger":{"eventType":"providers/google.firebase.database/eventTypes/ref.create","resource":"projects/_/instances/prompt-battle-c5e6a-default-rtdb/refs/matchmaking/queue/{playerId}"},"minInstances":null,"maxInstances":null,"ingressSettings":null,"environmentVariables":{"FIREBASE_CONFIG":"{\"projectId\":\"prompt-battle-c5e6a\",\"databaseURL\":\"https://prompt-battle-c5e6a-default-rtdb.firebaseio.com\",\"storageBucket\":\"prompt-battle-c5e6a.firebasestorage.app\"}","GCLOUD_PROJECT":"prompt-battle-c5e6a","EVENTARC_CLOUD_EVENT_SOURCE":"projects/prompt-battle-c5e6a/locations/us-central1/functions/onPlayerJoinQueue"},"serviceAccountEmail":null,"availableMemoryMb":null,"timeout":null,"vpcConnector":null,"vpcConnectorEgressSettings":null,"buildEnvironmentVariables":{"GOOGLE_NODE_RUN_SCRIPTS":""}}
[debug] [2026-03-17T05:51:16.291Z] >>> [apiv2][query] POST https://cloudfunctions.googleapis.com/v1/projects/prompt-battle-c5e6a/locations/us-central1/functions [none]
[debug] [2026-03-17T05:51:16.291Z] >>> [apiv2][body] POST https://cloudfunctions.googleapis.com/v1/projects/prompt-battle-c5e6a/locations/us-central1/functions {"name":"projects/prompt-battle-c5e6a/locations/us-central1/functions/processPlayerCommand","sourceUploadUrl":"https://storage.googleapis.com/uploads-763700285092.us-central1.cloudfunctions.appspot.com/8f0a08e6-ee58-4376-90f5-a123a31d90fb.zip?GoogleAccessId=service-329010584107@gcf-admin-robot.iam.gserviceaccount.com&Expires=1773728448&Signature=wPYDBa3v9T%2BzEdJcwe58wa%2BOF31A3I8IU4soZsWOuLLq8KY6rTCw9a0Q%2FG88%2BTUOtnzfuuIvbP%2FN%2FfjWKkkMuORIKJ0FLc8yC9gEzL%2FAXEFWfeReHwGJ%2BHxGE%2FpnE4GcuYshlG86F7fKbBpidvkYKu%2BhJJ5ViD5MBrntGkTB%2BosFIV0kdqs%2FvxPh2eTY5H60WGoGozw2uSzb6OhkN7sRFd9%2FCjozGwlS3ZGtRfyaPt1YTGFEP0%2BltvBZvVSFRsNnEFh2RkhLFUl0JSY8%2FOtbL6p5D5bVQAbBbJj1bnNHXaS6VhcuLCa6NhW3pZSCaWWXXyxBEGHgHJVMOU%2FU9XbNsg%3D%3D","entryPoint":"processPlayerCommand","runtime":"nodejs20","dockerRegistry":"ARTIFACT_REGISTRY","labels":{"deployment-tool":"cli-firebase","firebase-functions-hash":"d4fa81547bac1ca707eb0988d534e987f547df30"},"httpsTrigger":{"securityLevel":"SECURE_ALWAYS"},"minInstances":null,"maxInstances":null,"ingressSettings":null,"environmentVariables":{"FIREBASE_CONFIG":"{\"projectId\":\"prompt-battle-c5e6a\",\"databaseURL\":\"https://prompt-battle-c5e6a-default-rtdb.firebaseio.com\",\"storageBucket\":\"prompt-battle-c5e6a.firebasestorage.app\"}","GCLOUD_PROJECT":"prompt-battle-c5e6a","EVENTARC_CLOUD_EVENT_SOURCE":"projects/prompt-battle-c5e6a/locations/us-central1/functions/processPlayerCommand"},"serviceAccountEmail":null,"availableMemoryMb":null,"timeout":null,"vpcConnector":null,"vpcConnectorEgressSettings":null,"buildEnvironmentVariables":{"GOOGLE_NODE_RUN_SCRIPTS":""}}
[error] Gen1 operation for function projects/prompt-battle-c5e6a/locations/us-central1/functions/createOrder failed: Build failed: Build error details not available.Please check the logs at https://console.cloud.google.com/cloud-build/builds;region=us-central1/fa443cad-af39-401c-b02a-78ca13e2c53f?project=329010584107. Please visit https://cloud.google.com/functions/docs/troubleshooting#build for in-depth troubleshooting documentation for build related errors..
[debug] [2026-03-17T05:51:16.792Z] <<< [apiv2][status] POST https://cloudfunctions.googleapis.com/v1/projects/prompt-battle-c5e6a/locations/us-central1/functions 200
[debug] [2026-03-17T05:51:16.793Z] <<< [apiv2][body] POST https://cloudfunctions.googleapis.com/v1/projects/prompt-battle-c5e6a/locations/us-central1/functions {"name":"operations/cHJvamVjdHMvcHJvbXB0LWJhdHRsZS1jNWU2YS9sb2NhdGlvbnMvdXMtY2VudHJhbDEvb3BlcmF0aW9ucy9vcGVyYXRpb24tMTc3MzcyNjY3NjE2Mi02NGQzMWVjNzYxOGQ1LTA4ZTRkYjMyLTY1NWNhZjNh","metadata":{"@type":"type.googleapis.com/google.cloud.functions.v1.OperationMetadataV1","target":"projects/prompt-battle-c5e6a/locations/us-central1/functions/completePayment","updateTime":"2026-03-17T05:51:16.492032866Z"}}
[debug] [2026-03-17T05:51:16.793Z] Checked if tokens are valid: true, expires at: 1773729535384
[debug] [2026-03-17T05:51:16.793Z] Checked if tokens are valid: true, expires at: 1773729535384
[debug] [2026-03-17T05:51:16.793Z] >>> [apiv2][query] GET https://cloudfunctions.googleapis.com/v1/operations/cHJvamVjdHMvcHJvbXB0LWJhdHRsZS1jNWU2YS9sb2NhdGlvbnMvdXMtY2VudHJhbDEvb3BlcmF0aW9ucy9vcGVyYXRpb24tMTc3MzcyNjY3NjE2Mi02NGQzMWVjNzYxOGQ1LTA4ZTRkYjMyLTY1NWNhZjNh [none]
[debug] [2026-03-17T05:51:16.796Z] <<< [apiv2][status] POST https://cloudfunctions.googleapis.com/v1/projects/prompt-battle-c5e6a/locations/us-central1/functions 200
[debug] [2026-03-17T05:51:16.796Z] <<< [apiv2][body] POST https://cloudfunctions.googleapis.com/v1/projects/prompt-battle-c5e6a/locations/us-central1/functions {"name":"operations/cHJvamVjdHMvcHJvbXB0LWJhdHRsZS1jNWU2YS9sb2NhdGlvbnMvdXMtY2VudHJhbDEvb3BlcmF0aW9ucy9vcGVyYXRpb24tMTc3MzcyNjY3NjIwMC02NGQzMWVjNzZhYjcyLWY4ZjEyNjc4LWFlOWVmNDJm","metadata":{"@type":"type.googleapis.com/google.cloud.functions.v1.OperationMetadataV1","target":"projects/prompt-battle-c5e6a/locations/us-central1/functions/grantXp","updateTime":"2026-03-17T05:51:16.501918760Z"}}
[debug] [2026-03-17T05:51:16.796Z] Checked if tokens are valid: true, expires at: 1773729535384
[debug] [2026-03-17T05:51:16.796Z] Checked if tokens are valid: true, expires at: 1773729535384
[debug] [2026-03-17T05:51:16.796Z] >>> [apiv2][query] GET https://cloudfunctions.googleapis.com/v1/operations/cHJvamVjdHMvcHJvbXB0LWJhdHRsZS1jNWU2YS9sb2NhdGlvbnMvdXMtY2VudHJhbDEvb3BlcmF0aW9ucy9vcGVyYXRpb24tMTc3MzcyNjY3NjIwMC02NGQzMWVjNzZhYjcyLWY4ZjEyNjc4LWFlOWVmNDJm [none]
[debug] [2026-03-17T05:51:16.815Z] <<< [apiv2][status] POST https://cloudfunctions.googleapis.com/v1/projects/prompt-battle-c5e6a/locations/us-central1/functions 200
[debug] [2026-03-17T05:51:16.815Z] <<< [apiv2][body] POST https://cloudfunctions.googleapis.com/v1/projects/prompt-battle-c5e6a/locations/us-central1/functions {"name":"operations/cHJvamVjdHMvcHJvbXB0LWJhdHRsZS1jNWU2YS9sb2NhdGlvbnMvdXMtY2VudHJhbDEvb3BlcmF0aW9ucy9vcGVyYXRpb24tMTc3MzcyNjY3NjE5Ny02NGQzMWVjNzZhMWI4LTFhNDVhMDVkLTI3Y2NmN2Ji","metadata":{"@type":"type.googleapis.com/google.cloud.functions.v1.OperationMetadataV1","target":"projects/prompt-battle-c5e6a/locations/us-central1/functions/itchAppAuth","updateTime":"2026-03-17T05:51:16.522093481Z"}}
[debug] [2026-03-17T05:51:16.815Z] Checked if tokens are valid: true, expires at: 1773729535384
[debug] [2026-03-17T05:51:16.815Z] Checked if tokens are valid: true, expires at: 1773729535384
[debug] [2026-03-17T05:51:16.815Z] >>> [apiv2][query] GET https://cloudfunctions.googleapis.com/v1/operations/cHJvamVjdHMvcHJvbXB0LWJhdHRsZS1jNWU2YS9sb2NhdGlvbnMvdXMtY2VudHJhbDEvb3BlcmF0aW9ucy9vcGVyYXRpb24tMTc3MzcyNjY3NjE5Ny02NGQzMWVjNzZhMWI4LTFhNDVhMDVkLTI3Y2NmN2Ji [none]
[debug] [2026-03-17T05:51:16.817Z] <<< [apiv2][status] POST https://cloudfunctions.googleapis.com/v1/projects/prompt-battle-c5e6a/locations/us-central1/functions 200
[debug] [2026-03-17T05:51:16.817Z] <<< [apiv2][body] POST https://cloudfunctions.googleapis.com/v1/projects/prompt-battle-c5e6a/locations/us-central1/functions {"name":"operations/cHJvamVjdHMvcHJvbXB0LWJhdHRsZS1jNWU2YS9sb2NhdGlvbnMvdXMtY2VudHJhbDEvb3BlcmF0aW9ucy9vcGVyYXRpb24tMTc3MzcyNjY3NjIxNy02NGQzMWVjNzZlZjI4LWU1MWQ2Mzk1LTYwZjNmZjhj","metadata":{"@type":"type.googleapis.com/google.cloud.functions.v1.OperationMetadataV1","target":"projects/prompt-battle-c5e6a/locations/us-central1/functions/onPlayerJoinQueue","updateTime":"2026-03-17T05:51:16.524092895Z"}}
[debug] [2026-03-17T05:51:16.817Z] Checked if tokens are valid: true, expires at: 1773729535384
[debug] [2026-03-17T05:51:16.817Z] Checked if tokens are valid: true, expires at: 1773729535384
[debug] [2026-03-17T05:51:16.817Z] >>> [apiv2][query] GET https://cloudfunctions.googleapis.com/v1/operations/cHJvamVjdHMvcHJvbXB0LWJhdHRsZS1jNWU2YS9sb2NhdGlvbnMvdXMtY2VudHJhbDEvb3BlcmF0aW9ucy9vcGVyYXRpb24tMTc3MzcyNjY3NjIxNy02NGQzMWVjNzZlZjI4LWU1MWQ2Mzk1LTYwZjNmZjhj [none]
[debug] [2026-03-17T05:51:16.823Z] <<< [apiv2][status] POST https://cloudfunctions.googleapis.com/v1/projects/prompt-battle-c5e6a/locations/us-central1/functions 200
[debug] [2026-03-17T05:51:16.823Z] <<< [apiv2][body] POST https://cloudfunctions.googleapis.com/v1/projects/prompt-battle-c5e6a/locations/us-central1/functions {"name":"operations/cHJvamVjdHMvcHJvbXB0LWJhdHRsZS1jNWU2YS9sb2NhdGlvbnMvdXMtY2VudHJhbDEvb3BlcmF0aW9ucy9vcGVyYXRpb24tMTc3MzcyNjY3NjE5OC02NGQzMWVjNzZhNDM3LTdkYjUzYTQ3LWIwY2Q5YTcw","metadata":{"@type":"type.googleapis.com/google.cloud.functions.v1.OperationMetadataV1","target":"projects/prompt-battle-c5e6a/locations/us-central1/functions/purchaseBattlePass","updateTime":"2026-03-17T05:51:16.530765237Z"}}
[debug] [2026-03-17T05:51:16.823Z] Checked if tokens are valid: true, expires at: 1773729535384
[debug] [2026-03-17T05:51:16.824Z] Checked if tokens are valid: true, expires at: 1773729535384
[debug] [2026-03-17T05:51:16.824Z] >>> [apiv2][query] GET https://cloudfunctions.googleapis.com/v1/operations/cHJvamVjdHMvcHJvbXB0LWJhdHRsZS1jNWU2YS9sb2NhdGlvbnMvdXMtY2VudHJhbDEvb3BlcmF0aW9ucy9vcGVyYXRpb24tMTc3MzcyNjY3NjE5OC02NGQzMWVjNzZhNDM3LTdkYjUzYTQ3LWIwY2Q5YTcw [none]
[debug] [2026-03-17T05:51:16.824Z] <<< [apiv2][status] POST https://cloudfunctions.googleapis.com/v1/projects/prompt-battle-c5e6a/locations/us-central1/functions 200
[debug] [2026-03-17T05:51:16.824Z] <<< [apiv2][body] POST https://cloudfunctions.googleapis.com/v1/projects/prompt-battle-c5e6a/locations/us-central1/functions {"name":"operations/cHJvamVjdHMvcHJvbXB0LWJhdHRsZS1jNWU2YS9sb2NhdGlvbnMvdXMtY2VudHJhbDEvb3BlcmF0aW9ucy9vcGVyYXRpb24tMTc3MzcyNjY3NjIxNy02NGQzMWVjNzZlZDA2LTRlNzZlOTc0LWQ1NGViOTUx","metadata":{"@type":"type.googleapis.com/google.cloud.functions.v1.OperationMetadataV1","target":"projects/prompt-battle-c5e6a/locations/us-central1/functions/grantBattlePassXp","updateTime":"2026-03-17T05:51:16.533404027Z"}}
[debug] [2026-03-17T05:51:16.824Z] Checked if tokens are valid: true, expires at: 1773729535384
[debug] [2026-03-17T05:51:16.824Z] Checked if tokens are valid: true, expires at: 1773729535384
[debug] [2026-03-17T05:51:16.824Z] >>> [apiv2][query] GET https://cloudfunctions.googleapis.com/v1/operations/cHJvamVjdHMvcHJvbXB0LWJhdHRsZS1jNWU2YS9sb2NhdGlvbnMvdXMtY2VudHJhbDEvb3BlcmF0aW9ucy9vcGVyYXRpb24tMTc3MzcyNjY3NjIxNy02NGQzMWVjNzZlZDA2LTRlNzZlOTc0LWQ1NGViOTUx [none]
[debug] [2026-03-17T05:51:16.832Z] <<< [apiv2][status] POST https://cloudfunctions.googleapis.com/v1/projects/prompt-battle-c5e6a/locations/us-central1/functions 200
[debug] [2026-03-17T05:51:16.832Z] <<< [apiv2][body] POST https://cloudfunctions.googleapis.com/v1/projects/prompt-battle-c5e6a/locations/us-central1/functions {"name":"operations/cHJvamVjdHMvcHJvbXB0LWJhdHRsZS1jNWU2YS9sb2NhdGlvbnMvdXMtY2VudHJhbDEvb3BlcmF0aW9ucy9vcGVyYXRpb24tMTc3MzcyNjY3NjE5Mi02NGQzMWVjNzY4ZGMxLWFmMDgwOGZlLTFkZDMxOGVk","metadata":{"@type":"type.googleapis.com/google.cloud.functions.v1.OperationMetadataV1","target":"projects/prompt-battle-c5e6a/locations/us-central1/functions/processPlayerCommand","updateTime":"2026-03-17T05:51:16.532030436Z"}}
[debug] [2026-03-17T05:51:16.832Z] Checked if tokens are valid: true, expires at: 1773729535384
[debug] [2026-03-17T05:51:16.833Z] Checked if tokens are valid: true, expires at: 1773729535384
[debug] [2026-03-17T05:51:16.833Z] >>> [apiv2][query] GET https://cloudfunctions.googleapis.com/v1/operations/cHJvamVjdHMvcHJvbXB0LWJhdHRsZS1jNWU2YS9sb2NhdGlvbnMvdXMtY2VudHJhbDEvb3BlcmF0aW9ucy9vcGVyYXRpb24tMTc3MzcyNjY3NjE5Mi02NGQzMWVjNzY4ZGMxLWFmMDgwOGZlLTFkZDMxOGVk [none]
[debug] [2026-03-17T05:51:16.833Z] <<< [apiv2][status] POST https://cloudfunctions.googleapis.com/v1/projects/prompt-battle-c5e6a/locations/us-central1/functions 200
[debug] [2026-03-17T05:51:16.833Z] <<< [apiv2][body] POST https://cloudfunctions.googleapis.com/v1/projects/prompt-battle-c5e6a/locations/us-central1/functions {"name":"operations/cHJvamVjdHMvcHJvbXB0LWJhdHRsZS1jNWU2YS9sb2NhdGlvbnMvdXMtY2VudHJhbDEvb3BlcmF0aW9ucy9vcGVyYXRpb24tMTc3MzcyNjY3NjIxOS02NGQzMWVjNzZmNGViLTAyZGExNjEwLTBmNzE3NmMx","metadata":{"@type":"type.googleapis.com/google.cloud.functions.v1.OperationMetadataV1","target":"projects/prompt-battle-c5e6a/locations/us-central1/functions/adminGrantItems","updateTime":"2026-03-17T05:51:16.534572298Z"}}
[debug] [2026-03-17T05:51:16.833Z] Checked if tokens are valid: true, expires at: 1773729535384
[debug] [2026-03-17T05:51:16.833Z] Checked if tokens are valid: true, expires at: 1773729535384
[debug] [2026-03-17T05:51:16.833Z] >>> [apiv2][query] GET https://cloudfunctions.googleapis.com/v1/operations/cHJvamVjdHMvcHJvbXB0LWJhdHRsZS1jNWU2YS9sb2NhdGlvbnMvdXMtY2VudHJhbDEvb3BlcmF0aW9ucy9vcGVyYXRpb24tMTc3MzcyNjY3NjIxOS02NGQzMWVjNzZmNGViLTAyZGExNjEwLTBmNzE3NmMx [none]
[debug] [2026-03-17T05:51:16.837Z] <<< [apiv2][status] POST https://cloudfunctions.googleapis.com/v1/projects/prompt-battle-c5e6a/locations/us-central1/functions 200
[debug] [2026-03-17T05:51:16.837Z] <<< [apiv2][body] POST https://cloudfunctions.googleapis.com/v1/projects/prompt-battle-c5e6a/locations/us-central1/functions {"name":"operations/cHJvamVjdHMvcHJvbXB0LWJhdHRsZS1jNWU2YS9sb2NhdGlvbnMvdXMtY2VudHJhbDEvb3BlcmF0aW9ucy9vcGVyYXRpb24tMTc3MzcyNjY3NjE4Ny02NGQzMWVjNzY3N2Y5LTZmNTFlNzMxLWNmYjczZDgz","metadata":{"@type":"type.googleapis.com/google.cloud.functions.v1.OperationMetadataV1","target":"projects/prompt-battle-c5e6a/locations/us-central1/functions/grantGlory","updateTime":"2026-03-17T05:51:16.540514037Z"}}
[debug] [2026-03-17T05:51:16.837Z] Checked if tokens are valid: true, expires at: 1773729535384
[debug] [2026-03-17T05:51:16.837Z] Checked if tokens are valid: true, expires at: 1773729535384
[debug] [2026-03-17T05:51:16.837Z] >>> [apiv2][query] GET https://cloudfunctions.googleapis.com/v1/operations/cHJvamVjdHMvcHJvbXB0LWJhdHRsZS1jNWU2YS9sb2NhdGlvbnMvdXMtY2VudHJhbDEvb3BlcmF0aW9ucy9vcGVyYXRpb24tMTc3MzcyNjY3NjE4Ny02NGQzMWVjNzY3N2Y5LTZmNTFlNzMxLWNmYjczZDgz [none]
[debug] [2026-03-17T05:51:16.838Z] <<< [apiv2][status] POST https://cloudfunctions.googleapis.com/v1/projects/prompt-battle-c5e6a/locations/us-central1/functions 200
[debug] [2026-03-17T05:51:16.838Z] <<< [apiv2][body] POST https://cloudfunctions.googleapis.com/v1/projects/prompt-battle-c5e6a/locations/us-central1/functions {"name":"operations/cHJvamVjdHMvcHJvbXB0LWJhdHRsZS1jNWU2YS9sb2NhdGlvbnMvdXMtY2VudHJhbDEvb3BlcmF0aW9ucy9vcGVyYXRpb24tMTc3MzcyNjY3NjE5Mi02NGQzMWVjNzY4ZTUzLWNkMTkyZDI5LTQ2N2RkZDJj","metadata":{"@type":"type.googleapis.com/google.cloud.functions.v1.OperationMetadataV1","target":"projects/prompt-battle-c5e6a/locations/us-central1/functions/claimBattlePassReward","updateTime":"2026-03-17T05:51:16.539548124Z"}}
[debug] [2026-03-17T05:51:16.838Z] Checked if tokens are valid: true, expires at: 1773729535384
[debug] [2026-03-17T05:51:16.838Z] Checked if tokens are valid: true, expires at: 1773729535384
[debug] [2026-03-17T05:51:16.838Z] >>> [apiv2][query] GET https://cloudfunctions.googleapis.com/v1/operations/cHJvamVjdHMvcHJvbXB0LWJhdHRsZS1jNWU2YS9sb2NhdGlvbnMvdXMtY2VudHJhbDEvb3BlcmF0aW9ucy9vcGVyYXRpb24tMTc3MzcyNjY3NjE5Mi02NGQzMWVjNzY4ZTUzLWNkMTkyZDI5LTQ2N2RkZDJj [none]
[debug] [2026-03-17T05:51:16.839Z] <<< [apiv2][status] POST https://cloudfunctions.googleapis.com/v1/projects/prompt-battle-c5e6a/locations/us-central1/functions 200
[debug] [2026-03-17T05:51:16.839Z] <<< [apiv2][body] POST https://cloudfunctions.googleapis.com/v1/projects/prompt-battle-c5e6a/locations/us-central1/functions {"name":"operations/cHJvamVjdHMvcHJvbXB0LWJhdHRsZS1jNWU2YS9sb2NhdGlvbnMvdXMtY2VudHJhbDEvb3BlcmF0aW9ucy9vcGVyYXRpb24tMTc3MzcyNjY3NjIwMi02NGQzMWVjNzZiNWYwLTE4YTQxYWRhLTU1ZmU5NmVk","metadata":{"@type":"type.googleapis.com/google.cloud.functions.v1.OperationMetadataV1","target":"projects/prompt-battle-c5e6a/locations/us-central1/functions/itchOAuthCallback","updateTime":"2026-03-17T05:51:16.542322036Z"}}
[debug] [2026-03-17T05:51:16.839Z] Checked if tokens are valid: true, expires at: 1773729535384
[debug] [2026-03-17T05:51:16.839Z] Checked if tokens are valid: true, expires at: 1773729535384
[debug] [2026-03-17T05:51:16.839Z] >>> [apiv2][query] GET https://cloudfunctions.googleapis.com/v1/operations/cHJvamVjdHMvcHJvbXB0LWJhdHRsZS1jNWU2YS9sb2NhdGlvbnMvdXMtY2VudHJhbDEvb3BlcmF0aW9ucy9vcGVyYXRpb24tMTc3MzcyNjY3NjIwMi02NGQzMWVjNzZiNWYwLTE4YTQxYWRhLTU1ZmU5NmVk [none]
[debug] [2026-03-17T05:51:16.840Z] <<< [apiv2][status] POST https://cloudfunctions.googleapis.com/v1/projects/prompt-battle-c5e6a/locations/us-central1/functions 200
[debug] [2026-03-17T05:51:16.840Z] <<< [apiv2][body] POST https://cloudfunctions.googleapis.com/v1/projects/prompt-battle-c5e6a/locations/us-central1/functions {"name":"operations/cHJvamVjdHMvcHJvbXB0LWJhdHRsZS1jNWU2YS9sb2NhdGlvbnMvdXMtY2VudHJhbDEvb3BlcmF0aW9ucy9vcGVyYXRpb24tMTc3MzcyNjY3NjE5NC02NGQzMWVjNzY5NDc3LWE2ZWY0MGE1LWZhYTg3YjBm","metadata":{"@type":"type.googleapis.com/google.cloud.functions.v1.OperationMetadataV1","target":"projects/prompt-battle-c5e6a/locations/us-central1/functions/redeemItchKey","updateTime":"2026-03-17T05:51:16.544539883Z"}}
[debug] [2026-03-17T05:51:16.840Z] Checked if tokens are valid: true, expires at: 1773729535384
[debug] [2026-03-17T05:51:16.840Z] Checked if tokens are valid: true, expires at: 1773729535384
[debug] [2026-03-17T05:51:16.840Z] >>> [apiv2][query] GET https://cloudfunctions.googleapis.com/v1/operations/cHJvamVjdHMvcHJvbXB0LWJhdHRsZS1jNWU2YS9sb2NhdGlvbnMvdXMtY2VudHJhbDEvb3BlcmF0aW9ucy9vcGVyYXRpb24tMTc3MzcyNjY3NjE5NC02NGQzMWVjNzY5NDc3LWE2ZWY0MGE1LWZhYTg3YjBm [none]
[debug] [2026-03-17T05:51:16.843Z] <<< [apiv2][status] POST https://cloudfunctions.googleapis.com/v1/projects/prompt-battle-c5e6a/locations/us-central1/functions 200
[debug] [2026-03-17T05:51:16.843Z] <<< [apiv2][body] POST https://cloudfunctions.googleapis.com/v1/projects/prompt-battle-c5e6a/locations/us-central1/functions {"name":"operations/cHJvamVjdHMvcHJvbXB0LWJhdHRsZS1jNWU2YS9sb2NhdGlvbnMvdXMtY2VudHJhbDEvb3BlcmF0aW9ucy9vcGVyYXRpb24tMTc3MzcyNjY3NjE5MS02NGQzMWVjNzY4YTQ2LTAzZDEwMTg0LTVhODc0ZmFm","metadata":{"@type":"type.googleapis.com/google.cloud.functions.v1.OperationMetadataV1","target":"projects/prompt-battle-c5e6a/locations/us-central1/functions/squareWebhook","updateTime":"2026-03-17T05:51:16.550368221Z"}}
[debug] [2026-03-17T05:51:16.843Z] Checked if tokens are valid: true, expires at: 1773729535384
[debug] [2026-03-17T05:51:16.843Z] Checked if tokens are valid: true, expires at: 1773729535384
[debug] [2026-03-17T05:51:16.843Z] >>> [apiv2][query] GET https://cloudfunctions.googleapis.com/v1/operations/cHJvamVjdHMvcHJvbXB0LWJhdHRsZS1jNWU2YS9sb2NhdGlvbnMvdXMtY2VudHJhbDEvb3BlcmF0aW9ucy9vcGVyYXRpb24tMTc3MzcyNjY3NjE5MS02NGQzMWVjNzY4YTQ2LTAzZDEwMTg0LTVhODc0ZmFm [none]
[debug] [2026-03-17T05:51:16.847Z] <<< [apiv2][status] POST https://cloudfunctions.googleapis.com/v1/projects/prompt-battle-c5e6a/locations/us-central1/functions 200
[debug] [2026-03-17T05:51:16.847Z] <<< [apiv2][body] POST https://cloudfunctions.googleapis.com/v1/projects/prompt-battle-c5e6a/locations/us-central1/functions {"name":"operations/cHJvamVjdHMvcHJvbXB0LWJhdHRsZS1jNWU2YS9sb2NhdGlvbnMvdXMtY2VudHJhbDEvb3BlcmF0aW9ucy9vcGVyYXRpb24tMTc3MzcyNjY3NjIxMy02NGQzMWVjNzZlMGI3LWI4MTQ0NTA4LTcxYWExMDkw","metadata":{"@type":"type.googleapis.com/google.cloud.functions.v1.OperationMetadataV1","target":"projects/prompt-battle-c5e6a/locations/us-central1/functions/purchaseItem","updateTime":"2026-03-17T05:51:16.553843845Z"}}
[debug] [2026-03-17T05:51:16.847Z] Checked if tokens are valid: true, expires at: 1773729535384
[debug] [2026-03-17T05:51:16.847Z] Checked if tokens are valid: true, expires at: 1773729535384
[debug] [2026-03-17T05:51:16.847Z] >>> [apiv2][query] GET https://cloudfunctions.googleapis.com/v1/operations/cHJvamVjdHMvcHJvbXB0LWJhdHRsZS1jNWU2YS9sb2NhdGlvbnMvdXMtY2VudHJhbDEvb3BlcmF0aW9ucy9vcGVyYXRpb24tMTc3MzcyNjY3NjIxMy02NGQzMWVjNzZlMGI3LWI4MTQ0NTA4LTcxYWExMDkw [none]
[debug] [2026-03-17T05:51:16.915Z] <<< [apiv2][status] GET https://cloudfunctions.googleapis.com/v1/operations/cHJvamVjdHMvcHJvbXB0LWJhdHRsZS1jNWU2YS9sb2NhdGlvbnMvdXMtY2VudHJhbDEvb3BlcmF0aW9ucy9vcGVyYXRpb24tMTc3MzcyNjY3NjE2Mi02NGQzMWVjNzYxOGQ1LTA4ZTRkYjMyLTY1NWNhZjNh 200
[debug] [2026-03-17T05:51:16.915Z] <<< [apiv2][body] GET https://cloudfunctions.googleapis.com/v1/operations/cHJvamVjdHMvcHJvbXB0LWJhdHRsZS1jNWU2YS9sb2NhdGlvbnMvdXMtY2VudHJhbDEvb3BlcmF0aW9ucy9vcGVyYXRpb24tMTc3MzcyNjY3NjE2Mi02NGQzMWVjNzYxOGQ1LTA4ZTRkYjMyLTY1NWNhZjNh {"name":"operations/cHJvamVjdHMvcHJvbXB0LWJhdHRsZS1jNWU2YS9sb2NhdGlvbnMvdXMtY2VudHJhbDEvb3BlcmF0aW9ucy9vcGVyYXRpb24tMTc3MzcyNjY3NjE2Mi02NGQzMWVjNzYxOGQ1LTA4ZTRkYjMyLTY1NWNhZjNh","metadata":{"@type":"type.googleapis.com/google.cloud.functions.v1.OperationMetadataV1","target":"projects/prompt-battle-c5e6a/locations/us-central1/functions/completePayment","updateTime":"2026-03-17T05:51:16.492032866Z"}}
[debug] [2026-03-17T05:51:16.927Z] <<< [apiv2][status] GET https://cloudfunctions.googleapis.com/v1/operations/cHJvamVjdHMvcHJvbXB0LWJhdHRsZS1jNWU2YS9sb2NhdGlvbnMvdXMtY2VudHJhbDEvb3BlcmF0aW9ucy9vcGVyYXRpb24tMTc3MzcyNjY3NjIwMC02NGQzMWVjNzZhYjcyLWY4ZjEyNjc4LWFlOWVmNDJm 200
[debug] [2026-03-17T05:51:16.928Z] <<< [apiv2][body] GET https://cloudfunctions.googleapis.com/v1/operations/cHJvamVjdHMvcHJvbXB0LWJhdHRsZS1jNWU2YS9sb2NhdGlvbnMvdXMtY2VudHJhbDEvb3BlcmF0aW9ucy9vcGVyYXRpb24tMTc3MzcyNjY3NjIwMC02NGQzMWVjNzZhYjcyLWY4ZjEyNjc4LWFlOWVmNDJm {"name":"operations/cHJvamVjdHMvcHJvbXB0LWJhdHRsZS1jNWU2YS9sb2NhdGlvbnMvdXMtY2VudHJhbDEvb3BlcmF0aW9ucy9vcGVyYXRpb24tMTc3MzcyNjY3NjIwMC02NGQzMWVjNzZhYjcyLWY4ZjEyNjc4LWFlOWVmNDJm","metadata":{"@type":"type.googleapis.com/google.cloud.functions.v1.OperationMetadataV1","target":"projects/prompt-battle-c5e6a/locations/us-central1/functions/grantXp","updateTime":"2026-03-17T05:51:16.501918760Z"}}
[debug] [2026-03-17T05:51:16.943Z] <<< [apiv2][status] GET https://cloudfunctions.googleapis.com/v1/operations/cHJvamVjdHMvcHJvbXB0LWJhdHRsZS1jNWU2YS9sb2NhdGlvbnMvdXMtY2VudHJhbDEvb3BlcmF0aW9ucy9vcGVyYXRpb24tMTc3MzcyNjY3NjIxNy02NGQzMWVjNzZlZDA2LTRlNzZlOTc0LWQ1NGViOTUx 200
[debug] [2026-03-17T05:51:16.944Z] <<< [apiv2][body] GET https://cloudfunctions.googleapis.com/v1/operations/cHJvamVjdHMvcHJvbXB0LWJhdHRsZS1jNWU2YS9sb2NhdGlvbnMvdXMtY2VudHJhbDEvb3BlcmF0aW9ucy9vcGVyYXRpb24tMTc3MzcyNjY3NjIxNy02NGQzMWVjNzZlZDA2LTRlNzZlOTc0LWQ1NGViOTUx {"name":"operations/cHJvamVjdHMvcHJvbXB0LWJhdHRsZS1jNWU2YS9sb2NhdGlvbnMvdXMtY2VudHJhbDEvb3BlcmF0aW9ucy9vcGVyYXRpb24tMTc3MzcyNjY3NjIxNy02NGQzMWVjNzZlZDA2LTRlNzZlOTc0LWQ1NGViOTUx","metadata":{"@type":"type.googleapis.com/google.cloud.functions.v1.OperationMetadataV1","target":"projects/prompt-battle-c5e6a/locations/us-central1/functions/grantBattlePassXp","updateTime":"2026-03-17T05:51:16.533404027Z"}}
[debug] [2026-03-17T05:51:16.945Z] <<< [apiv2][status] GET https://cloudfunctions.googleapis.com/v1/operations/cHJvamVjdHMvcHJvbXB0LWJhdHRsZS1jNWU2YS9sb2NhdGlvbnMvdXMtY2VudHJhbDEvb3BlcmF0aW9ucy9vcGVyYXRpb24tMTc3MzcyNjY3NjIxNy02NGQzMWVjNzZlZjI4LWU1MWQ2Mzk1LTYwZjNmZjhj 200
[debug] [2026-03-17T05:51:16.946Z] <<< [apiv2][body] GET https://cloudfunctions.googleapis.com/v1/operations/cHJvamVjdHMvcHJvbXB0LWJhdHRsZS1jNWU2YS9sb2NhdGlvbnMvdXMtY2VudHJhbDEvb3BlcmF0aW9ucy9vcGVyYXRpb24tMTc3MzcyNjY3NjIxNy02NGQzMWVjNzZlZjI4LWU1MWQ2Mzk1LTYwZjNmZjhj {"name":"operations/cHJvamVjdHMvcHJvbXB0LWJhdHRsZS1jNWU2YS9sb2NhdGlvbnMvdXMtY2VudHJhbDEvb3BlcmF0aW9ucy9vcGVyYXRpb24tMTc3MzcyNjY3NjIxNy02NGQzMWVjNzZlZjI4LWU1MWQ2Mzk1LTYwZjNmZjhj","metadata":{"@type":"type.googleapis.com/google.cloud.functions.v1.OperationMetadataV1","target":"projects/prompt-battle-c5e6a/locations/us-central1/functions/onPlayerJoinQueue","updateTime":"2026-03-17T05:51:16.524092895Z"}}
[debug] [2026-03-17T05:51:16.951Z] <<< [apiv2][status] GET https://cloudfunctions.googleapis.com/v1/operations/cHJvamVjdHMvcHJvbXB0LWJhdHRsZS1jNWU2YS9sb2NhdGlvbnMvdXMtY2VudHJhbDEvb3BlcmF0aW9ucy9vcGVyYXRpb24tMTc3MzcyNjY3NjE5Mi02NGQzMWVjNzY4ZTUzLWNkMTkyZDI5LTQ2N2RkZDJj 200
[debug] [2026-03-17T05:51:16.952Z] <<< [apiv2][body] GET https://cloudfunctions.googleapis.com/v1/operations/cHJvamVjdHMvcHJvbXB0LWJhdHRsZS1jNWU2YS9sb2NhdGlvbnMvdXMtY2VudHJhbDEvb3BlcmF0aW9ucy9vcGVyYXRpb24tMTc3MzcyNjY3NjE5Mi02NGQzMWVjNzY4ZTUzLWNkMTkyZDI5LTQ2N2RkZDJj {"name":"operations/cHJvamVjdHMvcHJvbXB0LWJhdHRsZS1jNWU2YS9sb2NhdGlvbnMvdXMtY2VudHJhbDEvb3BlcmF0aW9ucy9vcGVyYXRpb24tMTc3MzcyNjY3NjE5Mi02NGQzMWVjNzY4ZTUzLWNkMTkyZDI5LTQ2N2RkZDJj","metadata":{"@type":"type.googleapis.com/google.cloud.functions.v1.OperationMetadataV1","target":"projects/prompt-battle-c5e6a/locations/us-central1/functions/claimBattlePassReward","updateTime":"2026-03-17T05:51:16.539548124Z"}}
[debug] [2026-03-17T05:51:16.952Z] <<< [apiv2][status] GET https://cloudfunctions.googleapis.com/v1/operations/cHJvamVjdHMvcHJvbXB0LWJhdHRsZS1jNWU2YS9sb2NhdGlvbnMvdXMtY2VudHJhbDEvb3BlcmF0aW9ucy9vcGVyYXRpb24tMTc3MzcyNjY3NjE5OC02NGQzMWVjNzZhNDM3LTdkYjUzYTQ3LWIwY2Q5YTcw 200
[debug] [2026-03-17T05:51:16.952Z] <<< [apiv2][body] GET https://cloudfunctions.googleapis.com/v1/operations/cHJvamVjdHMvcHJvbXB0LWJhdHRsZS1jNWU2YS9sb2NhdGlvbnMvdXMtY2VudHJhbDEvb3BlcmF0aW9ucy9vcGVyYXRpb24tMTc3MzcyNjY3NjE5OC02NGQzMWVjNzZhNDM3LTdkYjUzYTQ3LWIwY2Q5YTcw {"name":"operations/cHJvamVjdHMvcHJvbXB0LWJhdHRsZS1jNWU2YS9sb2NhdGlvbnMvdXMtY2VudHJhbDEvb3BlcmF0aW9ucy9vcGVyYXRpb24tMTc3MzcyNjY3NjE5OC02NGQzMWVjNzZhNDM3LTdkYjUzYTQ3LWIwY2Q5YTcw","metadata":{"@type":"type.googleapis.com/google.cloud.functions.v1.OperationMetadataV1","target":"projects/prompt-battle-c5e6a/locations/us-central1/functions/purchaseBattlePass","updateTime":"2026-03-17T05:51:16.530765237Z"}}
[debug] [2026-03-17T05:51:16.953Z] <<< [apiv2][status] GET https://cloudfunctions.googleapis.com/v1/operations/cHJvamVjdHMvcHJvbXB0LWJhdHRsZS1jNWU2YS9sb2NhdGlvbnMvdXMtY2VudHJhbDEvb3BlcmF0aW9ucy9vcGVyYXRpb24tMTc3MzcyNjY3NjE5Mi02NGQzMWVjNzY4ZGMxLWFmMDgwOGZlLTFkZDMxOGVk 200
[debug] [2026-03-17T05:51:16.953Z] <<< [apiv2][body] GET https://cloudfunctions.googleapis.com/v1/operations/cHJvamVjdHMvcHJvbXB0LWJhdHRsZS1jNWU2YS9sb2NhdGlvbnMvdXMtY2VudHJhbDEvb3BlcmF0aW9ucy9vcGVyYXRpb24tMTc3MzcyNjY3NjE5Mi02NGQzMWVjNzY4ZGMxLWFmMDgwOGZlLTFkZDMxOGVk {"name":"operations/cHJvamVjdHMvcHJvbXB0LWJhdHRsZS1jNWU2YS9sb2NhdGlvbnMvdXMtY2VudHJhbDEvb3BlcmF0aW9ucy9vcGVyYXRpb24tMTc3MzcyNjY3NjE5Mi02NGQzMWVjNzY4ZGMxLWFmMDgwOGZlLTFkZDMxOGVk","metadata":{"@type":"type.googleapis.com/google.cloud.functions.v1.OperationMetadataV1","target":"projects/prompt-battle-c5e6a/locations/us-central1/functions/processPlayerCommand","updateTime":"2026-03-17T05:51:16.532030436Z"}}
[debug] [2026-03-17T05:51:16.953Z] <<< [apiv2][status] GET https://cloudfunctions.googleapis.com/v1/operations/cHJvamVjdHMvcHJvbXB0LWJhdHRsZS1jNWU2YS9sb2NhdGlvbnMvdXMtY2VudHJhbDEvb3BlcmF0aW9ucy9vcGVyYXRpb24tMTc3MzcyNjY3NjE5Ny02NGQzMWVjNzZhMWI4LTFhNDVhMDVkLTI3Y2NmN2Ji 200
[debug] [2026-03-17T05:51:16.953Z] <<< [apiv2][body] GET https://cloudfunctions.googleapis.com/v1/operations/cHJvamVjdHMvcHJvbXB0LWJhdHRsZS1jNWU2YS9sb2NhdGlvbnMvdXMtY2VudHJhbDEvb3BlcmF0aW9ucy9vcGVyYXRpb24tMTc3MzcyNjY3NjE5Ny02NGQzMWVjNzZhMWI4LTFhNDVhMDVkLTI3Y2NmN2Ji {"name":"operations/cHJvamVjdHMvcHJvbXB0LWJhdHRsZS1jNWU2YS9sb2NhdGlvbnMvdXMtY2VudHJhbDEvb3BlcmF0aW9ucy9vcGVyYXRpb24tMTc3MzcyNjY3NjE5Ny02NGQzMWVjNzZhMWI4LTFhNDVhMDVkLTI3Y2NmN2Ji","metadata":{"@type":"type.googleapis.com/google.cloud.functions.v1.OperationMetadataV1","target":"projects/prompt-battle-c5e6a/locations/us-central1/functions/itchAppAuth","updateTime":"2026-03-17T05:51:16.522093481Z"}}
[debug] [2026-03-17T05:51:16.960Z] <<< [apiv2][status] GET https://cloudfunctions.googleapis.com/v1/operations/cHJvamVjdHMvcHJvbXB0LWJhdHRsZS1jNWU2YS9sb2NhdGlvbnMvdXMtY2VudHJhbDEvb3BlcmF0aW9ucy9vcGVyYXRpb24tMTc3MzcyNjY3NjIxMy02NGQzMWVjNzZlMGI3LWI4MTQ0NTA4LTcxYWExMDkw 200
[debug] [2026-03-17T05:51:16.960Z] <<< [apiv2][body] GET https://cloudfunctions.googleapis.com/v1/operations/cHJvamVjdHMvcHJvbXB0LWJhdHRsZS1jNWU2YS9sb2NhdGlvbnMvdXMtY2VudHJhbDEvb3BlcmF0aW9ucy9vcGVyYXRpb24tMTc3MzcyNjY3NjIxMy02NGQzMWVjNzZlMGI3LWI4MTQ0NTA4LTcxYWExMDkw {"name":"operations/cHJvamVjdHMvcHJvbXB0LWJhdHRsZS1jNWU2YS9sb2NhdGlvbnMvdXMtY2VudHJhbDEvb3BlcmF0aW9ucy9vcGVyYXRpb24tMTc3MzcyNjY3NjIxMy02NGQzMWVjNzZlMGI3LWI4MTQ0NTA4LTcxYWExMDkw","metadata":{"@type":"type.googleapis.com/google.cloud.functions.v1.OperationMetadataV1","target":"projects/prompt-battle-c5e6a/locations/us-central1/functions/purchaseItem","updateTime":"2026-03-17T05:51:16.553843845Z"}}
[debug] [2026-03-17T05:51:16.963Z] <<< [apiv2][status] GET https://cloudfunctions.googleapis.com/v1/operations/cHJvamVjdHMvcHJvbXB0LWJhdHRsZS1jNWU2YS9sb2NhdGlvbnMvdXMtY2VudHJhbDEvb3BlcmF0aW9ucy9vcGVyYXRpb24tMTc3MzcyNjY3NjE5MS02NGQzMWVjNzY4YTQ2LTAzZDEwMTg0LTVhODc0ZmFm 200
[debug] [2026-03-17T05:51:16.963Z] <<< [apiv2][body] GET https://cloudfunctions.googleapis.com/v1/operations/cHJvamVjdHMvcHJvbXB0LWJhdHRsZS1jNWU2YS9sb2NhdGlvbnMvdXMtY2VudHJhbDEvb3BlcmF0aW9ucy9vcGVyYXRpb24tMTc3MzcyNjY3NjE5MS02NGQzMWVjNzY4YTQ2LTAzZDEwMTg0LTVhODc0ZmFm {"name":"operations/cHJvamVjdHMvcHJvbXB0LWJhdHRsZS1jNWU2YS9sb2NhdGlvbnMvdXMtY2VudHJhbDEvb3BlcmF0aW9ucy9vcGVyYXRpb24tMTc3MzcyNjY3NjE5MS02NGQzMWVjNzY4YTQ2LTAzZDEwMTg0LTVhODc0ZmFm","metadata":{"@type":"type.googleapis.com/google.cloud.functions.v1.OperationMetadataV1","target":"projects/prompt-battle-c5e6a/locations/us-central1/functions/squareWebhook","updateTime":"2026-03-17T05:51:16.550368221Z"}}
[debug] [2026-03-17T05:51:16.965Z] <<< [apiv2][status] GET https://cloudfunctions.googleapis.com/v1/operations/cHJvamVjdHMvcHJvbXB0LWJhdHRsZS1jNWU2YS9sb2NhdGlvbnMvdXMtY2VudHJhbDEvb3BlcmF0aW9ucy9vcGVyYXRpb24tMTc3MzcyNjY3NjIxOS02NGQzMWVjNzZmNGViLTAyZGExNjEwLTBmNzE3NmMx 200
[debug] [2026-03-17T05:51:16.965Z] <<< [apiv2][body] GET https://cloudfunctions.googleapis.com/v1/operations/cHJvamVjdHMvcHJvbXB0LWJhdHRsZS1jNWU2YS9sb2NhdGlvbnMvdXMtY2VudHJhbDEvb3BlcmF0aW9ucy9vcGVyYXRpb24tMTc3MzcyNjY3NjIxOS02NGQzMWVjNzZmNGViLTAyZGExNjEwLTBmNzE3NmMx {"name":"operations/cHJvamVjdHMvcHJvbXB0LWJhdHRsZS1jNWU2YS9sb2NhdGlvbnMvdXMtY2VudHJhbDEvb3BlcmF0aW9ucy9vcGVyYXRpb24tMTc3MzcyNjY3NjIxOS02NGQzMWVjNzZmNGViLTAyZGExNjEwLTBmNzE3NmMx","metadata":{"@type":"type.googleapis.com/google.cloud.functions.v1.OperationMetadataV1","target":"projects/prompt-battle-c5e6a/locations/us-central1/functions/adminGrantItems","updateTime":"2026-03-17T05:51:16.534572298Z"}}
[debug] [2026-03-17T05:51:16.977Z] <<< [apiv2][status] GET https://cloudfunctions.googleapis.com/v1/operations/cHJvamVjdHMvcHJvbXB0LWJhdHRsZS1jNWU2YS9sb2NhdGlvbnMvdXMtY2VudHJhbDEvb3BlcmF0aW9ucy9vcGVyYXRpb24tMTc3MzcyNjY3NjIwMi02NGQzMWVjNzZiNWYwLTE4YTQxYWRhLTU1ZmU5NmVk 200
[debug] [2026-03-17T05:51:16.977Z] <<< [apiv2][body] GET https://cloudfunctions.googleapis.com/v1/operations/cHJvamVjdHMvcHJvbXB0LWJhdHRsZS1jNWU2YS9sb2NhdGlvbnMvdXMtY2VudHJhbDEvb3BlcmF0aW9ucy9vcGVyYXRpb24tMTc3MzcyNjY3NjIwMi02NGQzMWVjNzZiNWYwLTE4YTQxYWRhLTU1ZmU5NmVk {"name":"operations/cHJvamVjdHMvcHJvbXB0LWJhdHRsZS1jNWU2YS9sb2NhdGlvbnMvdXMtY2VudHJhbDEvb3BlcmF0aW9ucy9vcGVyYXRpb24tMTc3MzcyNjY3NjIwMi02NGQzMWVjNzZiNWYwLTE4YTQxYWRhLTU1ZmU5NmVk","metadata":{"@type":"type.googleapis.com/google.cloud.functions.v1.OperationMetadataV1","target":"projects/prompt-battle-c5e6a/locations/us-central1/functions/itchOAuthCallback","updateTime":"2026-03-17T05:51:16.542322036Z"}}
[debug] [2026-03-17T05:51:16.981Z] <<< [apiv2][status] GET https://cloudfunctions.googleapis.com/v1/operations/cHJvamVjdHMvcHJvbXB0LWJhdHRsZS1jNWU2YS9sb2NhdGlvbnMvdXMtY2VudHJhbDEvb3BlcmF0aW9ucy9vcGVyYXRpb24tMTc3MzcyNjY3NjE5NC02NGQzMWVjNzY5NDc3LWE2ZWY0MGE1LWZhYTg3YjBm 200
[debug] [2026-03-17T05:51:16.981Z] <<< [apiv2][body] GET https://cloudfunctions.googleapis.com/v1/operations/cHJvamVjdHMvcHJvbXB0LWJhdHRsZS1jNWU2YS9sb2NhdGlvbnMvdXMtY2VudHJhbDEvb3BlcmF0aW9ucy9vcGVyYXRpb24tMTc3MzcyNjY3NjE5NC02NGQzMWVjNzY5NDc3LWE2ZWY0MGE1LWZhYTg3YjBm {"name":"operations/cHJvamVjdHMvcHJvbXB0LWJhdHRsZS1jNWU2YS9sb2NhdGlvbnMvdXMtY2VudHJhbDEvb3BlcmF0aW9ucy9vcGVyYXRpb24tMTc3MzcyNjY3NjE5NC02NGQzMWVjNzY5NDc3LWE2ZWY0MGE1LWZhYTg3YjBm","metadata":{"@type":"type.googleapis.com/google.cloud.functions.v1.OperationMetadataV1","target":"projects/prompt-battle-c5e6a/locations/us-central1/functions/redeemItchKey","updateTime":"2026-03-17T05:51:16.544539883Z"}}
[debug] [2026-03-17T05:51:16.984Z] <<< [apiv2][status] GET https://cloudfunctions.googleapis.com/v1/operations/cHJvamVjdHMvcHJvbXB0LWJhdHRsZS1jNWU2YS9sb2NhdGlvbnMvdXMtY2VudHJhbDEvb3BlcmF0aW9ucy9vcGVyYXRpb24tMTc3MzcyNjY3NjE4Ny02NGQzMWVjNzY3N2Y5LTZmNTFlNzMxLWNmYjczZDgz 200
[debug] [2026-03-17T05:51:16.984Z] <<< [apiv2][body] GET https://cloudfunctions.googleapis.com/v1/operations/cHJvamVjdHMvcHJvbXB0LWJhdHRsZS1jNWU2YS9sb2NhdGlvbnMvdXMtY2VudHJhbDEvb3BlcmF0aW9ucy9vcGVyYXRpb24tMTc3MzcyNjY3NjE4Ny02NGQzMWVjNzY3N2Y5LTZmNTFlNzMxLWNmYjczZDgz {"name":"operations/cHJvamVjdHMvcHJvbXB0LWJhdHRsZS1jNWU2YS9sb2NhdGlvbnMvdXMtY2VudHJhbDEvb3BlcmF0aW9ucy9vcGVyYXRpb24tMTc3MzcyNjY3NjE4Ny02NGQzMWVjNzY3N2Y5LTZmNTFlNzMxLWNmYjczZDgz","metadata":{"@type":"type.googleapis.com/google.cloud.functions.v1.OperationMetadataV1","target":"projects/prompt-battle-c5e6a/locations/us-central1/functions/grantGlory","updateTime":"2026-03-17T05:51:16.540514037Z"}}
[debug] [2026-03-17T05:51:17.423Z] [create-default-us-central1-completePayment] Retrying task index 0
[debug] [2026-03-17T05:51:17.423Z] Checked if tokens are valid: true, expires at: 1773729535384
[debug] [2026-03-17T05:51:17.423Z] Checked if tokens are valid: true, expires at: 1773729535384
[debug] [2026-03-17T05:51:17.423Z] >>> [apiv2][query] GET https://cloudfunctions.googleapis.com/v1/operations/cHJvamVjdHMvcHJvbXB0LWJhdHRsZS1jNWU2YS9sb2NhdGlvbnMvdXMtY2VudHJhbDEvb3BlcmF0aW9ucy9vcGVyYXRpb24tMTc3MzcyNjY3NjE2Mi02NGQzMWVjNzYxOGQ1LTA4ZTRkYjMyLTY1NWNhZjNh [none]
[debug] [2026-03-17T05:51:17.438Z] [create-default-us-central1-grantXp] Retrying task index 0
[debug] [2026-03-17T05:51:17.438Z] Checked if tokens are valid: true, expires at: 1773729535384
[debug] [2026-03-17T05:51:17.438Z] Checked if tokens are valid: true, expires at: 1773729535384
[debug] [2026-03-17T05:51:17.438Z] >>> [apiv2][query] GET https://cloudfunctions.googleapis.com/v1/operations/cHJvamVjdHMvcHJvbXB0LWJhdHRsZS1jNWU2YS9sb2NhdGlvbnMvdXMtY2VudHJhbDEvb3BlcmF0aW9ucy9vcGVyYXRpb24tMTc3MzcyNjY3NjIwMC02NGQzMWVjNzZhYjcyLWY4ZjEyNjc4LWFlOWVmNDJm [none]
[debug] [2026-03-17T05:51:17.453Z] [create-default-us-central1-grantBattlePassXp] Retrying task index 0
[debug] [2026-03-17T05:51:17.453Z] Checked if tokens are valid: true, expires at: 1773729535384
[debug] [2026-03-17T05:51:17.453Z] Checked if tokens are valid: true, expires at: 1773729535384
[debug] [2026-03-17T05:51:17.453Z] >>> [apiv2][query] GET https://cloudfunctions.googleapis.com/v1/operations/cHJvamVjdHMvcHJvbXB0LWJhdHRsZS1jNWU2YS9sb2NhdGlvbnMvdXMtY2VudHJhbDEvb3BlcmF0aW9ucy9vcGVyYXRpb24tMTc3MzcyNjY3NjIxNy02NGQzMWVjNzZlZDA2LTRlNzZlOTc0LWQ1NGViOTUx [none]
[debug] [2026-03-17T05:51:17.453Z] [create-default-us-central1-onPlayerJoinQueue] Retrying task index 0
[debug] [2026-03-17T05:51:17.454Z] Checked if tokens are valid: true, expires at: 1773729535384
[debug] [2026-03-17T05:51:17.454Z] Checked if tokens are valid: true, expires at: 1773729535384
[debug] [2026-03-17T05:51:17.454Z] >>> [apiv2][query] GET https://cloudfunctions.googleapis.com/v1/operations/cHJvamVjdHMvcHJvbXB0LWJhdHRsZS1jNWU2YS9sb2NhdGlvbnMvdXMtY2VudHJhbDEvb3BlcmF0aW9ucy9vcGVyYXRpb24tMTc3MzcyNjY3NjIxNy02NGQzMWVjNzZlZjI4LWU1MWQ2Mzk1LTYwZjNmZjhj [none]
[debug] [2026-03-17T05:51:17.454Z] [create-default-us-central1-claimBattlePassReward] Retrying task index 0
[debug] [2026-03-17T05:51:17.454Z] Checked if tokens are valid: true, expires at: 1773729535384
[debug] [2026-03-17T05:51:17.454Z] Checked if tokens are valid: true, expires at: 1773729535384
[debug] [2026-03-17T05:51:17.454Z] >>> [apiv2][query] GET https://cloudfunctions.googleapis.com/v1/operations/cHJvamVjdHMvcHJvbXB0LWJhdHRsZS1jNWU2YS9sb2NhdGlvbnMvdXMtY2VudHJhbDEvb3BlcmF0aW9ucy9vcGVyYXRpb24tMTc3MzcyNjY3NjE5Mi02NGQzMWVjNzY4ZTUzLWNkMTkyZDI5LTQ2N2RkZDJj [none]
[debug] [2026-03-17T05:51:17.454Z] [create-default-us-central1-purchaseBattlePass] Retrying task index 0
[debug] [2026-03-17T05:51:17.454Z] Checked if tokens are valid: true, expires at: 1773729535384
[debug] [2026-03-17T05:51:17.454Z] Checked if tokens are valid: true, expires at: 1773729535384
[debug] [2026-03-17T05:51:17.455Z] >>> [apiv2][query] GET https://cloudfunctions.googleapis.com/v1/operations/cHJvamVjdHMvcHJvbXB0LWJhdHRsZS1jNWU2YS9sb2NhdGlvbnMvdXMtY2VudHJhbDEvb3BlcmF0aW9ucy9vcGVyYXRpb24tMTc3MzcyNjY3NjE5OC02NGQzMWVjNzZhNDM3LTdkYjUzYTQ3LWIwY2Q5YTcw [none]
[debug] [2026-03-17T05:51:17.455Z] [create-default-us-central1-processPlayerCommand] Retrying task index 0
[debug] [2026-03-17T05:51:17.455Z] Checked if tokens are valid: true, expires at: 1773729535384
[debug] [2026-03-17T05:51:17.455Z] Checked if tokens are valid: true, expires at: 1773729535384
[debug] [2026-03-17T05:51:17.455Z] >>> [apiv2][query] GET https://cloudfunctions.googleapis.com/v1/operations/cHJvamVjdHMvcHJvbXB0LWJhdHRsZS1jNWU2YS9sb2NhdGlvbnMvdXMtY2VudHJhbDEvb3BlcmF0aW9ucy9vcGVyYXRpb24tMTc3MzcyNjY3NjE5Mi02NGQzMWVjNzY4ZGMxLWFmMDgwOGZlLTFkZDMxOGVk [none]
[debug] [2026-03-17T05:51:17.468Z] [create-default-us-central1-itchAppAuth] Retrying task index 0
[debug] [2026-03-17T05:51:17.469Z] Checked if tokens are valid: true, expires at: 1773729535384
[debug] [2026-03-17T05:51:17.469Z] Checked if tokens are valid: true, expires at: 1773729535384
[debug] [2026-03-17T05:51:17.469Z] >>> [apiv2][query] GET https://cloudfunctions.googleapis.com/v1/operations/cHJvamVjdHMvcHJvbXB0LWJhdHRsZS1jNWU2YS9sb2NhdGlvbnMvdXMtY2VudHJhbDEvb3BlcmF0aW9ucy9vcGVyYXRpb24tMTc3MzcyNjY3NjE5Ny02NGQzMWVjNzZhMWI4LTFhNDVhMDVkLTI3Y2NmN2Ji [none]
[debug] [2026-03-17T05:51:17.469Z] [create-default-us-central1-purchaseItem] Retrying task index 0
[debug] [2026-03-17T05:51:17.469Z] Checked if tokens are valid: true, expires at: 1773729535384
[debug] [2026-03-17T05:51:17.469Z] Checked if tokens are valid: true, expires at: 1773729535384
[debug] [2026-03-17T05:51:17.469Z] >>> [apiv2][query] GET https://cloudfunctions.googleapis.com/v1/operations/cHJvamVjdHMvcHJvbXB0LWJhdHRsZS1jNWU2YS9sb2NhdGlvbnMvdXMtY2VudHJhbDEvb3BlcmF0aW9ucy9vcGVyYXRpb24tMTc3MzcyNjY3NjIxMy02NGQzMWVjNzZlMGI3LWI4MTQ0NTA4LTcxYWExMDkw [none]
[debug] [2026-03-17T05:51:17.470Z] [create-default-us-central1-squareWebhook] Retrying task index 0
[debug] [2026-03-17T05:51:17.470Z] Checked if tokens are valid: true, expires at: 1773729535384
[debug] [2026-03-17T05:51:17.470Z] Checked if tokens are valid: true, expires at: 1773729535384
[debug] [2026-03-17T05:51:17.470Z] >>> [apiv2][query] GET https://cloudfunctions.googleapis.com/v1/operations/cHJvamVjdHMvcHJvbXB0LWJhdHRsZS1jNWU2YS9sb2NhdGlvbnMvdXMtY2VudHJhbDEvb3BlcmF0aW9ucy9vcGVyYXRpb24tMTc3MzcyNjY3NjE5MS02NGQzMWVjNzY4YTQ2LTAzZDEwMTg0LTVhODc0ZmFm [none]
[debug] [2026-03-17T05:51:17.470Z] [create-default-us-central1-adminGrantItems] Retrying task index 0
[debug] [2026-03-17T05:51:17.470Z] Checked if tokens are valid: true, expires at: 1773729535384
[debug] [2026-03-17T05:51:17.470Z] Checked if tokens are valid: true, expires at: 1773729535384
[debug] [2026-03-17T05:51:17.470Z] >>> [apiv2][query] GET https://cloudfunctions.googleapis.com/v1/operations/cHJvamVjdHMvcHJvbXB0LWJhdHRsZS1jNWU2YS9sb2NhdGlvbnMvdXMtY2VudHJhbDEvb3BlcmF0aW9ucy9vcGVyYXRpb24tMTc3MzcyNjY3NjIxOS02NGQzMWVjNzZmNGViLTAyZGExNjEwLTBmNzE3NmMx [none]
[debug] [2026-03-17T05:51:17.483Z] [create-default-us-central1-itchOAuthCallback] Retrying task index 0
[debug] [2026-03-17T05:51:17.484Z] Checked if tokens are valid: true, expires at: 1773729535384
[debug] [2026-03-17T05:51:17.484Z] Checked if tokens are valid: true, expires at: 1773729535384
[debug] [2026-03-17T05:51:17.484Z] >>> [apiv2][query] GET https://cloudfunctions.googleapis.com/v1/operations/cHJvamVjdHMvcHJvbXB0LWJhdHRsZS1jNWU2YS9sb2NhdGlvbnMvdXMtY2VudHJhbDEvb3BlcmF0aW9ucy9vcGVyYXRpb24tMTc3MzcyNjY3NjIwMi02NGQzMWVjNzZiNWYwLTE4YTQxYWRhLTU1ZmU5NmVk [none]
[debug] [2026-03-17T05:51:17.484Z] [create-default-us-central1-redeemItchKey] Retrying task index 0
[debug] [2026-03-17T05:51:17.484Z] Checked if tokens are valid: true, expires at: 1773729535384
[debug] [2026-03-17T05:51:17.484Z] Checked if tokens are valid: true, expires at: 1773729535384
[debug] [2026-03-17T05:51:17.484Z] >>> [apiv2][query] GET https://cloudfunctions.googleapis.com/v1/operations/cHJvamVjdHMvcHJvbXB0LWJhdHRsZS1jNWU2YS9sb2NhdGlvbnMvdXMtY2VudHJhbDEvb3BlcmF0aW9ucy9vcGVyYXRpb24tMTc3MzcyNjY3NjE5NC02NGQzMWVjNzY5NDc3LWE2ZWY0MGE1LWZhYTg3YjBm [none]
[debug] [2026-03-17T05:51:17.485Z] [create-default-us-central1-grantGlory] Retrying task index 0
[debug] [2026-03-17T05:51:17.485Z] Checked if tokens are valid: true, expires at: 1773729535384
[debug] [2026-03-17T05:51:17.485Z] Checked if tokens are valid: true, expires at: 1773729535384
[debug] [2026-03-17T05:51:17.485Z] >>> [apiv2][query] GET https://cloudfunctions.googleapis.com/v1/operations/cHJvamVjdHMvcHJvbXB0LWJhdHRsZS1jNWU2YS9sb2NhdGlvbnMvdXMtY2VudHJhbDEvb3BlcmF0aW9ucy9vcGVyYXRpb24tMTc3MzcyNjY3NjE4Ny02NGQzMWVjNzY3N2Y5LTZmNTFlNzMxLWNmYjczZDgz [none]
[debug] [2026-03-17T05:51:17.494Z] <<< [apiv2][status] GET https://cloudfunctions.googleapis.com/v1/operations/cHJvamVjdHMvcHJvbXB0LWJhdHRsZS1jNWU2YS9sb2NhdGlvbnMvdXMtY2VudHJhbDEvb3BlcmF0aW9ucy9vcGVyYXRpb24tMTc3MzcyNjY3NjIxNy02NGQzMWVjNzZlZDA2LTRlNzZlOTc0LWQ1NGViOTUx 503
[debug] [2026-03-17T05:51:17.494Z] <<< [apiv2][body] GET https://cloudfunctions.googleapis.com/v1/operations/cHJvamVjdHMvcHJvbXB0LWJhdHRsZS1jNWU2YS9sb2NhdGlvbnMvdXMtY2VudHJhbDEvb3BlcmF0aW9ucy9vcGVyYXRpb24tMTc3MzcyNjY3NjIxNy02NGQzMWVjNzZlZDA2LTRlNzZlOTc0LWQ1NGViOTUx {"error":{"code":503,"message":"The service is currently unavailable.","status":"UNAVAILABLE"}}
[debug] [2026-03-17T05:51:17.503Z] <<< [apiv2][status] GET https://cloudfunctions.googleapis.com/v1/operations/cHJvamVjdHMvcHJvbXB0LWJhdHRsZS1jNWU2YS9sb2NhdGlvbnMvdXMtY2VudHJhbDEvb3BlcmF0aW9ucy9vcGVyYXRpb24tMTc3MzcyNjY3NjE5MS02NGQzMWVjNzY4YTQ2LTAzZDEwMTg0LTVhODc0ZmFm 503
[debug] [2026-03-17T05:51:17.503Z] <<< [apiv2][body] GET https://cloudfunctions.googleapis.com/v1/operations/cHJvamVjdHMvcHJvbXB0LWJhdHRsZS1jNWU2YS9sb2NhdGlvbnMvdXMtY2VudHJhbDEvb3BlcmF0aW9ucy9vcGVyYXRpb24tMTc3MzcyNjY3NjE5MS02NGQzMWVjNzY4YTQ2LTAzZDEwMTg0LTVhODc0ZmFm {"error":{"code":503,"message":"The service is currently unavailable.","status":"UNAVAILABLE"}}
[debug] [2026-03-17T05:51:17.552Z] <<< [apiv2][status] GET https://cloudfunctions.googleapis.com/v1/operations/cHJvamVjdHMvcHJvbXB0LWJhdHRsZS1jNWU2YS9sb2NhdGlvbnMvdXMtY2VudHJhbDEvb3BlcmF0aW9ucy9vcGVyYXRpb24tMTc3MzcyNjY3NjE2Mi02NGQzMWVjNzYxOGQ1LTA4ZTRkYjMyLTY1NWNhZjNh 200
[debug] [2026-03-17T05:51:17.552Z] <<< [apiv2][body] GET https://cloudfunctions.googleapis.com/v1/operations/cHJvamVjdHMvcHJvbXB0LWJhdHRsZS1jNWU2YS9sb2NhdGlvbnMvdXMtY2VudHJhbDEvb3BlcmF0aW9ucy9vcGVyYXRpb24tMTc3MzcyNjY3NjE2Mi02NGQzMWVjNzYxOGQ1LTA4ZTRkYjMyLTY1NWNhZjNh {"name":"operations/cHJvamVjdHMvcHJvbXB0LWJhdHRsZS1jNWU2YS9sb2NhdGlvbnMvdXMtY2VudHJhbDEvb3BlcmF0aW9ucy9vcGVyYXRpb24tMTc3MzcyNjY3NjE2Mi02NGQzMWVjNzYxOGQ1LTA4ZTRkYjMyLTY1NWNhZjNh","metadata":{"@type":"type.googleapis.com/google.cloud.functions.v1.OperationMetadataV1","target":"projects/prompt-battle-c5e6a/locations/us-central1/functions/completePayment","type":"CREATE_FUNCTION","request":{"@type":"type.googleapis.com/google.cloud.functions.v1.CloudFunction","name":"projects/prompt-battle-c5e6a/locations/us-central1/functions/completePayment","httpsTrigger":{"securityLevel":"SECURE_ALWAYS"},"entryPoint":"completePayment","updateTime":"1970-01-01T00:00:00Z","labels":{"deployment-tool":"cli-firebase","firebase-functions-hash":"d4fa81547bac1ca707eb0988d534e987f547df30"},"sourceUploadUrl":"https://storage.googleapis.com/uploads-763700285092.us-central1.cloudfunctions.appspot.com/8f0a08e6-ee58-4376-90f5-a123a31d90fb.zip?GoogleAccessId=service-329010584107@gcf-admin-robot.iam.gserviceaccount.com&Expires=1773728448&Signature=wPYDBa3v9T%2BzEdJcwe58wa%2BOF31A3I8IU4soZsWOuLLq8KY6rTCw9a0Q%2FG88%2BTUOtnzfuuIvbP%2FN%2FfjWKkkMuORIKJ0FLc8yC9gEzL%2FAXEFWfeReHwGJ%2BHxGE%2FpnE4GcuYshlG86F7fKbBpidvkYKu%2BhJJ5ViD5MBrntGkTB%2BosFIV0kdqs%2FvxPh2eTY5H60WGoGozw2uSzb6OhkN7sRFd9%2FCjozGwlS3ZGtRfyaPt1YTGFEP0%2BltvBZvVSFRsNnEFh2RkhLFUl0JSY8%2FOtbL6p5D5bVQAbBbJj1bnNHXaS6VhcuLCa6NhW3pZSCaWWXXyxBEGHgHJVMOU%2FU9XbNsg%3D%3D","environmentVariables":{"FIREBASE_CONFIG":"{\"projectId\":\"prompt-battle-c5e6a\",\"databaseURL\":\"https://prompt-battle-c5e6a-default-rtdb.firebaseio.com\",\"storageBucket\":\"prompt-battle-c5e6a.firebasestorage.app\"}","GCLOUD_PROJECT":"prompt-battle-c5e6a","EVENTARC_CLOUD_EVENT_SOURCE":"projects/prompt-battle-c5e6a/locations/us-central1/functions/completePayment"},"runtime":"nodejs20","buildEnvironmentVariables":{"GOOGLE_NODE_RUN_SCRIPTS":""},"dockerRegistry":"ARTIFACT_REGISTRY"},"versionId":"1","updateTime":"2026-03-17T05:51:16.492032866Z"}}
[debug] [2026-03-17T05:51:17.565Z] <<< [apiv2][status] GET https://cloudfunctions.googleapis.com/v1/operations/cHJvamVjdHMvcHJvbXB0LWJhdHRsZS1jNWU2YS9sb2NhdGlvbnMvdXMtY2VudHJhbDEvb3BlcmF0aW9ucy9vcGVyYXRpb24tMTc3MzcyNjY3NjIwMC02NGQzMWVjNzZhYjcyLWY4ZjEyNjc4LWFlOWVmNDJm 200
[debug] [2026-03-17T05:51:17.565Z] <<< [apiv2][body] GET https://cloudfunctions.googleapis.com/v1/operations/cHJvamVjdHMvcHJvbXB0LWJhdHRsZS1jNWU2YS9sb2NhdGlvbnMvdXMtY2VudHJhbDEvb3BlcmF0aW9ucy9vcGVyYXRpb24tMTc3MzcyNjY3NjIwMC02NGQzMWVjNzZhYjcyLWY4ZjEyNjc4LWFlOWVmNDJm {"name":"operations/cHJvamVjdHMvcHJvbXB0LWJhdHRsZS1jNWU2YS9sb2NhdGlvbnMvdXMtY2VudHJhbDEvb3BlcmF0aW9ucy9vcGVyYXRpb24tMTc3MzcyNjY3NjIwMC02NGQzMWVjNzZhYjcyLWY4ZjEyNjc4LWFlOWVmNDJm","metadata":{"@type":"type.googleapis.com/google.cloud.functions.v1.OperationMetadataV1","target":"projects/prompt-battle-c5e6a/locations/us-central1/functions/grantXp","type":"CREATE_FUNCTION","request":{"@type":"type.googleapis.com/google.cloud.functions.v1.CloudFunction","name":"projects/prompt-battle-c5e6a/locations/us-central1/functions/grantXp","httpsTrigger":{"securityLevel":"SECURE_ALWAYS"},"entryPoint":"grantXp","updateTime":"1970-01-01T00:00:00Z","labels":{"deployment-tool":"cli-firebase","firebase-functions-hash":"d4fa81547bac1ca707eb0988d534e987f547df30"},"sourceUploadUrl":"https://storage.googleapis.com/uploads-763700285092.us-central1.cloudfunctions.appspot.com/8f0a08e6-ee58-4376-90f5-a123a31d90fb.zip?GoogleAccessId=service-329010584107@gcf-admin-robot.iam.gserviceaccount.com&Expires=1773728448&Signature=wPYDBa3v9T%2BzEdJcwe58wa%2BOF31A3I8IU4soZsWOuLLq8KY6rTCw9a0Q%2FG88%2BTUOtnzfuuIvbP%2FN%2FfjWKkkMuORIKJ0FLc8yC9gEzL%2FAXEFWfeReHwGJ%2BHxGE%2FpnE4GcuYshlG86F7fKbBpidvkYKu%2BhJJ5ViD5MBrntGkTB%2BosFIV0kdqs%2FvxPh2eTY5H60WGoGozw2uSzb6OhkN7sRFd9%2FCjozGwlS3ZGtRfyaPt1YTGFEP0%2BltvBZvVSFRsNnEFh2RkhLFUl0JSY8%2FOtbL6p5D5bVQAbBbJj1bnNHXaS6VhcuLCa6NhW3pZSCaWWXXyxBEGHgHJVMOU%2FU9XbNsg%3D%3D","environmentVariables":{"FIREBASE_CONFIG":"{\"projectId\":\"prompt-battle-c5e6a\",\"databaseURL\":\"https://prompt-battle-c5e6a-default-rtdb.firebaseio.com\",\"storageBucket\":\"prompt-battle-c5e6a.firebasestorage.app\"}","GCLOUD_PROJECT":"prompt-battle-c5e6a","EVENTARC_CLOUD_EVENT_SOURCE":"projects/prompt-battle-c5e6a/locations/us-central1/functions/grantXp"},"runtime":"nodejs20","buildEnvironmentVariables":{"GOOGLE_NODE_RUN_SCRIPTS":""},"dockerRegistry":"ARTIFACT_REGISTRY"},"versionId":"1","updateTime":"2026-03-17T05:51:16.501918760Z"}}
[debug] [2026-03-17T05:51:17.574Z] <<< [apiv2][status] GET https://cloudfunctions.googleapis.com/v1/operations/cHJvamVjdHMvcHJvbXB0LWJhdHRsZS1jNWU2YS9sb2NhdGlvbnMvdXMtY2VudHJhbDEvb3BlcmF0aW9ucy9vcGVyYXRpb24tMTc3MzcyNjY3NjE5OC02NGQzMWVjNzZhNDM3LTdkYjUzYTQ3LWIwY2Q5YTcw 200
[debug] [2026-03-17T05:51:17.574Z] <<< [apiv2][body] GET https://cloudfunctions.googleapis.com/v1/operations/cHJvamVjdHMvcHJvbXB0LWJhdHRsZS1jNWU2YS9sb2NhdGlvbnMvdXMtY2VudHJhbDEvb3BlcmF0aW9ucy9vcGVyYXRpb24tMTc3MzcyNjY3NjE5OC02NGQzMWVjNzZhNDM3LTdkYjUzYTQ3LWIwY2Q5YTcw {"name":"operations/cHJvamVjdHMvcHJvbXB0LWJhdHRsZS1jNWU2YS9sb2NhdGlvbnMvdXMtY2VudHJhbDEvb3BlcmF0aW9ucy9vcGVyYXRpb24tMTc3MzcyNjY3NjE5OC02NGQzMWVjNzZhNDM3LTdkYjUzYTQ3LWIwY2Q5YTcw","metadata":{"@type":"type.googleapis.com/google.cloud.functions.v1.OperationMetadataV1","target":"projects/prompt-battle-c5e6a/locations/us-central1/functions/purchaseBattlePass","type":"CREATE_FUNCTION","request":{"@type":"type.googleapis.com/google.cloud.functions.v1.CloudFunction","name":"projects/prompt-battle-c5e6a/locations/us-central1/functions/purchaseBattlePass","httpsTrigger":{"securityLevel":"SECURE_ALWAYS"},"entryPoint":"purchaseBattlePass","updateTime":"1970-01-01T00:00:00Z","labels":{"deployment-tool":"cli-firebase","firebase-functions-hash":"d4fa81547bac1ca707eb0988d534e987f547df30"},"sourceUploadUrl":"https://storage.googleapis.com/uploads-763700285092.us-central1.cloudfunctions.appspot.com/8f0a08e6-ee58-4376-90f5-a123a31d90fb.zip?GoogleAccessId=service-329010584107@gcf-admin-robot.iam.gserviceaccount.com&Expires=1773728448&Signature=wPYDBa3v9T%2BzEdJcwe58wa%2BOF31A3I8IU4soZsWOuLLq8KY6rTCw9a0Q%2FG88%2BTUOtnzfuuIvbP%2FN%2FfjWKkkMuORIKJ0FLc8yC9gEzL%2FAXEFWfeReHwGJ%2BHxGE%2FpnE4GcuYshlG86F7fKbBpidvkYKu%2BhJJ5ViD5MBrntGkTB%2BosFIV0kdqs%2FvxPh2eTY5H60WGoGozw2uSzb6OhkN7sRFd9%2FCjozGwlS3ZGtRfyaPt1YTGFEP0%2BltvBZvVSFRsNnEFh2RkhLFUl0JSY8%2FOtbL6p5D5bVQAbBbJj1bnNHXaS6VhcuLCa6NhW3pZSCaWWXXyxBEGHgHJVMOU%2FU9XbNsg%3D%3D","environmentVariables":{"FIREBASE_CONFIG":"{\"projectId\":\"prompt-battle-c5e6a\",\"databaseURL\":\"https://prompt-battle-c5e6a-default-rtdb.firebaseio.com\",\"storageBucket\":\"prompt-battle-c5e6a.firebasestorage.app\"}","GCLOUD_PROJECT":"prompt-battle-c5e6a","EVENTARC_CLOUD_EVENT_SOURCE":"projects/prompt-battle-c5e6a/locations/us-central1/functions/purchaseBattlePass"},"runtime":"nodejs20","buildEnvironmentVariables":{"GOOGLE_NODE_RUN_SCRIPTS":""},"dockerRegistry":"ARTIFACT_REGISTRY"},"versionId":"1","updateTime":"2026-03-17T05:51:16.530765237Z"}}
[debug] [2026-03-17T05:51:17.582Z] <<< [apiv2][status] GET https://cloudfunctions.googleapis.com/v1/operations/cHJvamVjdHMvcHJvbXB0LWJhdHRsZS1jNWU2YS9sb2NhdGlvbnMvdXMtY2VudHJhbDEvb3BlcmF0aW9ucy9vcGVyYXRpb24tMTc3MzcyNjY3NjIxMy02NGQzMWVjNzZlMGI3LWI4MTQ0NTA4LTcxYWExMDkw 200
[debug] [2026-03-17T05:51:17.582Z] <<< [apiv2][body] GET https://cloudfunctions.googleapis.com/v1/operations/cHJvamVjdHMvcHJvbXB0LWJhdHRsZS1jNWU2YS9sb2NhdGlvbnMvdXMtY2VudHJhbDEvb3BlcmF0aW9ucy9vcGVyYXRpb24tMTc3MzcyNjY3NjIxMy02NGQzMWVjNzZlMGI3LWI4MTQ0NTA4LTcxYWExMDkw {"name":"operations/cHJvamVjdHMvcHJvbXB0LWJhdHRsZS1jNWU2YS9sb2NhdGlvbnMvdXMtY2VudHJhbDEvb3BlcmF0aW9ucy9vcGVyYXRpb24tMTc3MzcyNjY3NjIxMy02NGQzMWVjNzZlMGI3LWI4MTQ0NTA4LTcxYWExMDkw","metadata":{"@type":"type.googleapis.com/google.cloud.functions.v1.OperationMetadataV1","target":"projects/prompt-battle-c5e6a/locations/us-central1/functions/purchaseItem","type":"CREATE_FUNCTION","request":{"@type":"type.googleapis.com/google.cloud.functions.v1.CloudFunction","name":"projects/prompt-battle-c5e6a/locations/us-central1/functions/purchaseItem","httpsTrigger":{"securityLevel":"SECURE_ALWAYS"},"entryPoint":"purchaseItem","updateTime":"1970-01-01T00:00:00Z","labels":{"deployment-tool":"cli-firebase","firebase-functions-hash":"d4fa81547bac1ca707eb0988d534e987f547df30"},"sourceUploadUrl":"https://storage.googleapis.com/uploads-763700285092.us-central1.cloudfunctions.appspot.com/8f0a08e6-ee58-4376-90f5-a123a31d90fb.zip?GoogleAccessId=service-329010584107@gcf-admin-robot.iam.gserviceaccount.com&Expires=1773728448&Signature=wPYDBa3v9T%2BzEdJcwe58wa%2BOF31A3I8IU4soZsWOuLLq8KY6rTCw9a0Q%2FG88%2BTUOtnzfuuIvbP%2FN%2FfjWKkkMuORIKJ0FLc8yC9gEzL%2FAXEFWfeReHwGJ%2BHxGE%2FpnE4GcuYshlG86F7fKbBpidvkYKu%2BhJJ5ViD5MBrntGkTB%2BosFIV0kdqs%2FvxPh2eTY5H60WGoGozw2uSzb6OhkN7sRFd9%2FCjozGwlS3ZGtRfyaPt1YTGFEP0%2BltvBZvVSFRsNnEFh2RkhLFUl0JSY8%2FOtbL6p5D5bVQAbBbJj1bnNHXaS6VhcuLCa6NhW3pZSCaWWXXyxBEGHgHJVMOU%2FU9XbNsg%3D%3D","environmentVariables":{"FIREBASE_CONFIG":"{\"projectId\":\"prompt-battle-c5e6a\",\"databaseURL\":\"https://prompt-battle-c5e6a-default-rtdb.firebaseio.com\",\"storageBucket\":\"prompt-battle-c5e6a.firebasestorage.app\"}","GCLOUD_PROJECT":"prompt-battle-c5e6a","EVENTARC_CLOUD_EVENT_SOURCE":"projects/prompt-battle-c5e6a/locations/us-central1/functions/purchaseItem"},"runtime":"nodejs20","buildEnvironmentVariables":{"GOOGLE_NODE_RUN_SCRIPTS":""},"dockerRegistry":"ARTIFACT_REGISTRY"},"versionId":"1","updateTime":"2026-03-17T05:51:16.553843845Z"}}
[debug] [2026-03-17T05:51:17.583Z] <<< [apiv2][status] GET https://cloudfunctions.googleapis.com/v1/operations/cHJvamVjdHMvcHJvbXB0LWJhdHRsZS1jNWU2YS9sb2NhdGlvbnMvdXMtY2VudHJhbDEvb3BlcmF0aW9ucy9vcGVyYXRpb24tMTc3MzcyNjY3NjE5Mi02NGQzMWVjNzY4ZGMxLWFmMDgwOGZlLTFkZDMxOGVk 200
[debug] [2026-03-17T05:51:17.583Z] <<< [apiv2][body] GET https://cloudfunctions.googleapis.com/v1/operations/cHJvamVjdHMvcHJvbXB0LWJhdHRsZS1jNWU2YS9sb2NhdGlvbnMvdXMtY2VudHJhbDEvb3BlcmF0aW9ucy9vcGVyYXRpb24tMTc3MzcyNjY3NjE5Mi02NGQzMWVjNzY4ZGMxLWFmMDgwOGZlLTFkZDMxOGVk {"name":"operations/cHJvamVjdHMvcHJvbXB0LWJhdHRsZS1jNWU2YS9sb2NhdGlvbnMvdXMtY2VudHJhbDEvb3BlcmF0aW9ucy9vcGVyYXRpb24tMTc3MzcyNjY3NjE5Mi02NGQzMWVjNzY4ZGMxLWFmMDgwOGZlLTFkZDMxOGVk","metadata":{"@type":"type.googleapis.com/google.cloud.functions.v1.OperationMetadataV1","target":"projects/prompt-battle-c5e6a/locations/us-central1/functions/processPlayerCommand","type":"CREATE_FUNCTION","request":{"@type":"type.googleapis.com/google.cloud.functions.v1.CloudFunction","name":"projects/prompt-battle-c5e6a/locations/us-central1/functions/processPlayerCommand","httpsTrigger":{"securityLevel":"SECURE_ALWAYS"},"entryPoint":"processPlayerCommand","updateTime":"1970-01-01T00:00:00Z","labels":{"deployment-tool":"cli-firebase","firebase-functions-hash":"d4fa81547bac1ca707eb0988d534e987f547df30"},"sourceUploadUrl":"https://storage.googleapis.com/uploads-763700285092.us-central1.cloudfunctions.appspot.com/8f0a08e6-ee58-4376-90f5-a123a31d90fb.zip?GoogleAccessId=service-329010584107@gcf-admin-robot.iam.gserviceaccount.com&Expires=1773728448&Signature=wPYDBa3v9T%2BzEdJcwe58wa%2BOF31A3I8IU4soZsWOuLLq8KY6rTCw9a0Q%2FG88%2BTUOtnzfuuIvbP%2FN%2FfjWKkkMuORIKJ0FLc8yC9gEzL%2FAXEFWfeReHwGJ%2BHxGE%2FpnE4GcuYshlG86F7fKbBpidvkYKu%2BhJJ5ViD5MBrntGkTB%2BosFIV0kdqs%2FvxPh2eTY5H60WGoGozw2uSzb6OhkN7sRFd9%2FCjozGwlS3ZGtRfyaPt1YTGFEP0%2BltvBZvVSFRsNnEFh2RkhLFUl0JSY8%2FOtbL6p5D5bVQAbBbJj1bnNHXaS6VhcuLCa6NhW3pZSCaWWXXyxBEGHgHJVMOU%2FU9XbNsg%3D%3D","environmentVariables":{"FIREBASE_CONFIG":"{\"projectId\":\"prompt-battle-c5e6a\",\"databaseURL\":\"https://prompt-battle-c5e6a-default-rtdb.firebaseio.com\",\"storageBucket\":\"prompt-battle-c5e6a.firebasestorage.app\"}","GCLOUD_PROJECT":"prompt-battle-c5e6a","EVENTARC_CLOUD_EVENT_SOURCE":"projects/prompt-battle-c5e6a/locations/us-central1/functions/processPlayerCommand"},"runtime":"nodejs20","buildEnvironmentVariables":{"GOOGLE_NODE_RUN_SCRIPTS":""},"dockerRegistry":"ARTIFACT_REGISTRY"},"versionId":"1","updateTime":"2026-03-17T05:51:16.532030436Z"}}
[debug] [2026-03-17T05:51:17.590Z] <<< [apiv2][status] GET https://cloudfunctions.googleapis.com/v1/operations/cHJvamVjdHMvcHJvbXB0LWJhdHRsZS1jNWU2YS9sb2NhdGlvbnMvdXMtY2VudHJhbDEvb3BlcmF0aW9ucy9vcGVyYXRpb24tMTc3MzcyNjY3NjE4Ny02NGQzMWVjNzY3N2Y5LTZmNTFlNzMxLWNmYjczZDgz 200
[debug] [2026-03-17T05:51:17.590Z] <<< [apiv2][body] GET https://cloudfunctions.googleapis.com/v1/operations/cHJvamVjdHMvcHJvbXB0LWJhdHRsZS1jNWU2YS9sb2NhdGlvbnMvdXMtY2VudHJhbDEvb3BlcmF0aW9ucy9vcGVyYXRpb24tMTc3MzcyNjY3NjE4Ny02NGQzMWVjNzY3N2Y5LTZmNTFlNzMxLWNmYjczZDgz {"name":"operations/cHJvamVjdHMvcHJvbXB0LWJhdHRsZS1jNWU2YS9sb2NhdGlvbnMvdXMtY2VudHJhbDEvb3BlcmF0aW9ucy9vcGVyYXRpb24tMTc3MzcyNjY3NjE4Ny02NGQzMWVjNzY3N2Y5LTZmNTFlNzMxLWNmYjczZDgz","metadata":{"@type":"type.googleapis.com/google.cloud.functions.v1.OperationMetadataV1","target":"projects/prompt-battle-c5e6a/locations/us-central1/functions/grantGlory","type":"CREATE_FUNCTION","request":{"@type":"type.googleapis.com/google.cloud.functions.v1.CloudFunction","name":"projects/prompt-battle-c5e6a/locations/us-central1/functions/grantGlory","httpsTrigger":{"securityLevel":"SECURE_ALWAYS"},"entryPoint":"grantGlory","updateTime":"1970-01-01T00:00:00Z","labels":{"deployment-tool":"cli-firebase","firebase-functions-hash":"d4fa81547bac1ca707eb0988d534e987f547df30"},"sourceUploadUrl":"https://storage.googleapis.com/uploads-763700285092.us-central1.cloudfunctions.appspot.com/8f0a08e6-ee58-4376-90f5-a123a31d90fb.zip?GoogleAccessId=service-329010584107@gcf-admin-robot.iam.gserviceaccount.com&Expires=1773728448&Signature=wPYDBa3v9T%2BzEdJcwe58wa%2BOF31A3I8IU4soZsWOuLLq8KY6rTCw9a0Q%2FG88%2BTUOtnzfuuIvbP%2FN%2FfjWKkkMuORIKJ0FLc8yC9gEzL%2FAXEFWfeReHwGJ%2BHxGE%2FpnE4GcuYshlG86F7fKbBpidvkYKu%2BhJJ5ViD5MBrntGkTB%2BosFIV0kdqs%2FvxPh2eTY5H60WGoGozw2uSzb6OhkN7sRFd9%2FCjozGwlS3ZGtRfyaPt1YTGFEP0%2BltvBZvVSFRsNnEFh2RkhLFUl0JSY8%2FOtbL6p5D5bVQAbBbJj1bnNHXaS6VhcuLCa6NhW3pZSCaWWXXyxBEGHgHJVMOU%2FU9XbNsg%3D%3D","environmentVariables":{"FIREBASE_CONFIG":"{\"projectId\":\"prompt-battle-c5e6a\",\"databaseURL\":\"https://prompt-battle-c5e6a-default-rtdb.firebaseio.com\",\"storageBucket\":\"prompt-battle-c5e6a.firebasestorage.app\"}","GCLOUD_PROJECT":"prompt-battle-c5e6a","EVENTARC_CLOUD_EVENT_SOURCE":"projects/prompt-battle-c5e6a/locations/us-central1/functions/grantGlory"},"runtime":"nodejs20","buildEnvironmentVariables":{"GOOGLE_NODE_RUN_SCRIPTS":""},"dockerRegistry":"ARTIFACT_REGISTRY"},"versionId":"1","updateTime":"2026-03-17T05:51:16.540514037Z"}}
[debug] [2026-03-17T05:51:17.593Z] <<< [apiv2][status] GET https://cloudfunctions.googleapis.com/v1/operations/cHJvamVjdHMvcHJvbXB0LWJhdHRsZS1jNWU2YS9sb2NhdGlvbnMvdXMtY2VudHJhbDEvb3BlcmF0aW9ucy9vcGVyYXRpb24tMTc3MzcyNjY3NjE5Mi02NGQzMWVjNzY4ZTUzLWNkMTkyZDI5LTQ2N2RkZDJj 200
[debug] [2026-03-17T05:51:17.593Z] <<< [apiv2][body] GET https://cloudfunctions.googleapis.com/v1/operations/cHJvamVjdHMvcHJvbXB0LWJhdHRsZS1jNWU2YS9sb2NhdGlvbnMvdXMtY2VudHJhbDEvb3BlcmF0aW9ucy9vcGVyYXRpb24tMTc3MzcyNjY3NjE5Mi02NGQzMWVjNzY4ZTUzLWNkMTkyZDI5LTQ2N2RkZDJj {"name":"operations/cHJvamVjdHMvcHJvbXB0LWJhdHRsZS1jNWU2YS9sb2NhdGlvbnMvdXMtY2VudHJhbDEvb3BlcmF0aW9ucy9vcGVyYXRpb24tMTc3MzcyNjY3NjE5Mi02NGQzMWVjNzY4ZTUzLWNkMTkyZDI5LTQ2N2RkZDJj","metadata":{"@type":"type.googleapis.com/google.cloud.functions.v1.OperationMetadataV1","target":"projects/prompt-battle-c5e6a/locations/us-central1/functions/claimBattlePassReward","type":"CREATE_FUNCTION","request":{"@type":"type.googleapis.com/google.cloud.functions.v1.CloudFunction","name":"projects/prompt-battle-c5e6a/locations/us-central1/functions/claimBattlePassReward","httpsTrigger":{"securityLevel":"SECURE_ALWAYS"},"entryPoint":"claimBattlePassReward","updateTime":"1970-01-01T00:00:00Z","labels":{"deployment-tool":"cli-firebase","firebase-functions-hash":"d4fa81547bac1ca707eb0988d534e987f547df30"},"sourceUploadUrl":"https://storage.googleapis.com/uploads-763700285092.us-central1.cloudfunctions.appspot.com/8f0a08e6-ee58-4376-90f5-a123a31d90fb.zip?GoogleAccessId=service-329010584107@gcf-admin-robot.iam.gserviceaccount.com&Expires=1773728448&Signature=wPYDBa3v9T%2BzEdJcwe58wa%2BOF31A3I8IU4soZsWOuLLq8KY6rTCw9a0Q%2FG88%2BTUOtnzfuuIvbP%2FN%2FfjWKkkMuORIKJ0FLc8yC9gEzL%2FAXEFWfeReHwGJ%2BHxGE%2FpnE4GcuYshlG86F7fKbBpidvkYKu%2BhJJ5ViD5MBrntGkTB%2BosFIV0kdqs%2FvxPh2eTY5H60WGoGozw2uSzb6OhkN7sRFd9%2FCjozGwlS3ZGtRfyaPt1YTGFEP0%2BltvBZvVSFRsNnEFh2RkhLFUl0JSY8%2FOtbL6p5D5bVQAbBbJj1bnNHXaS6VhcuLCa6NhW3pZSCaWWXXyxBEGHgHJVMOU%2FU9XbNsg%3D%3D","environmentVariables":{"FIREBASE_CONFIG":"{\"projectId\":\"prompt-battle-c5e6a\",\"databaseURL\":\"https://prompt-battle-c5e6a-default-rtdb.firebaseio.com\",\"storageBucket\":\"prompt-battle-c5e6a.firebasestorage.app\"}","GCLOUD_PROJECT":"prompt-battle-c5e6a","EVENTARC_CLOUD_EVENT_SOURCE":"projects/prompt-battle-c5e6a/locations/us-central1/functions/claimBattlePassReward"},"runtime":"nodejs20","buildEnvironmentVariables":{"GOOGLE_NODE_RUN_SCRIPTS":""},"dockerRegistry":"ARTIFACT_REGISTRY"},"versionId":"1","updateTime":"2026-03-17T05:51:16.539548124Z"}}
[debug] [2026-03-17T05:51:17.594Z] <<< [apiv2][status] GET https://cloudfunctions.googleapis.com/v1/operations/cHJvamVjdHMvcHJvbXB0LWJhdHRsZS1jNWU2YS9sb2NhdGlvbnMvdXMtY2VudHJhbDEvb3BlcmF0aW9ucy9vcGVyYXRpb24tMTc3MzcyNjY3NjE5NC02NGQzMWVjNzY5NDc3LWE2ZWY0MGE1LWZhYTg3YjBm 200
[debug] [2026-03-17T05:51:17.594Z] <<< [apiv2][body] GET https://cloudfunctions.googleapis.com/v1/operations/cHJvamVjdHMvcHJvbXB0LWJhdHRsZS1jNWU2YS9sb2NhdGlvbnMvdXMtY2VudHJhbDEvb3BlcmF0aW9ucy9vcGVyYXRpb24tMTc3MzcyNjY3NjE5NC02NGQzMWVjNzY5NDc3LWE2ZWY0MGE1LWZhYTg3YjBm {"name":"operations/cHJvamVjdHMvcHJvbXB0LWJhdHRsZS1jNWU2YS9sb2NhdGlvbnMvdXMtY2VudHJhbDEvb3BlcmF0aW9ucy9vcGVyYXRpb24tMTc3MzcyNjY3NjE5NC02NGQzMWVjNzY5NDc3LWE2ZWY0MGE1LWZhYTg3YjBm","metadata":{"@type":"type.googleapis.com/google.cloud.functions.v1.OperationMetadataV1","target":"projects/prompt-battle-c5e6a/locations/us-central1/functions/redeemItchKey","type":"CREATE_FUNCTION","request":{"@type":"type.googleapis.com/google.cloud.functions.v1.CloudFunction","name":"projects/prompt-battle-c5e6a/locations/us-central1/functions/redeemItchKey","httpsTrigger":{"securityLevel":"SECURE_ALWAYS"},"entryPoint":"redeemItchKey","updateTime":"1970-01-01T00:00:00Z","labels":{"deployment-tool":"cli-firebase","firebase-functions-hash":"d4fa81547bac1ca707eb0988d534e987f547df30"},"sourceUploadUrl":"https://storage.googleapis.com/uploads-763700285092.us-central1.cloudfunctions.appspot.com/8f0a08e6-ee58-4376-90f5-a123a31d90fb.zip?GoogleAccessId=service-329010584107@gcf-admin-robot.iam.gserviceaccount.com&Expires=1773728448&Signature=wPYDBa3v9T%2BzEdJcwe58wa%2BOF31A3I8IU4soZsWOuLLq8KY6rTCw9a0Q%2FG88%2BTUOtnzfuuIvbP%2FN%2FfjWKkkMuORIKJ0FLc8yC9gEzL%2FAXEFWfeReHwGJ%2BHxGE%2FpnE4GcuYshlG86F7fKbBpidvkYKu%2BhJJ5ViD5MBrntGkTB%2BosFIV0kdqs%2FvxPh2eTY5H60WGoGozw2uSzb6OhkN7sRFd9%2FCjozGwlS3ZGtRfyaPt1YTGFEP0%2BltvBZvVSFRsNnEFh2RkhLFUl0JSY8%2FOtbL6p5D5bVQAbBbJj1bnNHXaS6VhcuLCa6NhW3pZSCaWWXXyxBEGHgHJVMOU%2FU9XbNsg%3D%3D","environmentVariables":{"FIREBASE_CONFIG":"{\"projectId\":\"prompt-battle-c5e6a\",\"databaseURL\":\"https://prompt-battle-c5e6a-default-rtdb.firebaseio.com\",\"storageBucket\":\"prompt-battle-c5e6a.firebasestorage.app\"}","GCLOUD_PROJECT":"prompt-battle-c5e6a","EVENTARC_CLOUD_EVENT_SOURCE":"projects/prompt-battle-c5e6a/locations/us-central1/functions/redeemItchKey"},"runtime":"nodejs20","buildEnvironmentVariables":{"GOOGLE_NODE_RUN_SCRIPTS":""},"dockerRegistry":"ARTIFACT_REGISTRY"},"versionId":"1","updateTime":"2026-03-17T05:51:16.544539883Z"}}
[debug] [2026-03-17T05:51:17.598Z] <<< [apiv2][status] GET https://cloudfunctions.googleapis.com/v1/operations/cHJvamVjdHMvcHJvbXB0LWJhdHRsZS1jNWU2YS9sb2NhdGlvbnMvdXMtY2VudHJhbDEvb3BlcmF0aW9ucy9vcGVyYXRpb24tMTc3MzcyNjY3NjIxNy02NGQzMWVjNzZlZjI4LWU1MWQ2Mzk1LTYwZjNmZjhj 200
[debug] [2026-03-17T05:51:17.598Z] <<< [apiv2][body] GET https://cloudfunctions.googleapis.com/v1/operations/cHJvamVjdHMvcHJvbXB0LWJhdHRsZS1jNWU2YS9sb2NhdGlvbnMvdXMtY2VudHJhbDEvb3BlcmF0aW9ucy9vcGVyYXRpb24tMTc3MzcyNjY3NjIxNy02NGQzMWVjNzZlZjI4LWU1MWQ2Mzk1LTYwZjNmZjhj {"name":"operations/cHJvamVjdHMvcHJvbXB0LWJhdHRsZS1jNWU2YS9sb2NhdGlvbnMvdXMtY2VudHJhbDEvb3BlcmF0aW9ucy9vcGVyYXRpb24tMTc3MzcyNjY3NjIxNy02NGQzMWVjNzZlZjI4LWU1MWQ2Mzk1LTYwZjNmZjhj","metadata":{"@type":"type.googleapis.com/google.cloud.functions.v1.OperationMetadataV1","target":"projects/prompt-battle-c5e6a/locations/us-central1/functions/onPlayerJoinQueue","type":"CREATE_FUNCTION","request":{"@type":"type.googleapis.com/google.cloud.functions.v1.CloudFunction","name":"projects/prompt-battle-c5e6a/locations/us-central1/functions/onPlayerJoinQueue","eventTrigger":{"eventType":"providers/google.firebase.database/eventTypes/ref.create","resource":"projects/_/instances/prompt-battle-c5e6a-default-rtdb/refs/matchmaking/queue/{playerId}","failurePolicy":{}},"entryPoint":"onPlayerJoinQueue","updateTime":"1970-01-01T00:00:00Z","labels":{"deployment-tool":"cli-firebase","firebase-functions-hash":"d4fa81547bac1ca707eb0988d534e987f547df30"},"sourceUploadUrl":"https://storage.googleapis.com/uploads-763700285092.us-central1.cloudfunctions.appspot.com/8f0a08e6-ee58-4376-90f5-a123a31d90fb.zip?GoogleAccessId=service-329010584107@gcf-admin-robot.iam.gserviceaccount.com&Expires=1773728448&Signature=wPYDBa3v9T%2BzEdJcwe58wa%2BOF31A3I8IU4soZsWOuLLq8KY6rTCw9a0Q%2FG88%2BTUOtnzfuuIvbP%2FN%2FfjWKkkMuORIKJ0FLc8yC9gEzL%2FAXEFWfeReHwGJ%2BHxGE%2FpnE4GcuYshlG86F7fKbBpidvkYKu%2BhJJ5ViD5MBrntGkTB%2BosFIV0kdqs%2FvxPh2eTY5H60WGoGozw2uSzb6OhkN7sRFd9%2FCjozGwlS3ZGtRfyaPt1YTGFEP0%2BltvBZvVSFRsNnEFh2RkhLFUl0JSY8%2FOtbL6p5D5bVQAbBbJj1bnNHXaS6VhcuLCa6NhW3pZSCaWWXXyxBEGHgHJVMOU%2FU9XbNsg%3D%3D","environmentVariables":{"FIREBASE_CONFIG":"{\"projectId\":\"prompt-battle-c5e6a\",\"databaseURL\":\"https://prompt-battle-c5e6a-default-rtdb.firebaseio.com\",\"storageBucket\":\"prompt-battle-c5e6a.firebasestorage.app\"}","GCLOUD_PROJECT":"prompt-battle-c5e6a","EVENTARC_CLOUD_EVENT_SOURCE":"projects/prompt-battle-c5e6a/locations/us-central1/functions/onPlayerJoinQueue"},"runtime":"nodejs20","buildEnvironmentVariables":{"GOOGLE_NODE_RUN_SCRIPTS":""},"dockerRegistry":"ARTIFACT_REGISTRY"},"versionId":"1","updateTime":"2026-03-17T05:51:16.524092895Z"}}
[debug] [2026-03-17T05:51:17.598Z] <<< [apiv2][status] GET https://cloudfunctions.googleapis.com/v1/operations/cHJvamVjdHMvcHJvbXB0LWJhdHRsZS1jNWU2YS9sb2NhdGlvbnMvdXMtY2VudHJhbDEvb3BlcmF0aW9ucy9vcGVyYXRpb24tMTc3MzcyNjY3NjE5Ny02NGQzMWVjNzZhMWI4LTFhNDVhMDVkLTI3Y2NmN2Ji 200
[debug] [2026-03-17T05:51:17.599Z] <<< [apiv2][body] GET https://cloudfunctions.googleapis.com/v1/operations/cHJvamVjdHMvcHJvbXB0LWJhdHRsZS1jNWU2YS9sb2NhdGlvbnMvdXMtY2VudHJhbDEvb3BlcmF0aW9ucy9vcGVyYXRpb24tMTc3MzcyNjY3NjE5Ny02NGQzMWVjNzZhMWI4LTFhNDVhMDVkLTI3Y2NmN2Ji {"name":"operations/cHJvamVjdHMvcHJvbXB0LWJhdHRsZS1jNWU2YS9sb2NhdGlvbnMvdXMtY2VudHJhbDEvb3BlcmF0aW9ucy9vcGVyYXRpb24tMTc3MzcyNjY3NjE5Ny02NGQzMWVjNzZhMWI4LTFhNDVhMDVkLTI3Y2NmN2Ji","metadata":{"@type":"type.googleapis.com/google.cloud.functions.v1.OperationMetadataV1","target":"projects/prompt-battle-c5e6a/locations/us-central1/functions/itchAppAuth","type":"CREATE_FUNCTION","request":{"@type":"type.googleapis.com/google.cloud.functions.v1.CloudFunction","name":"projects/prompt-battle-c5e6a/locations/us-central1/functions/itchAppAuth","httpsTrigger":{"securityLevel":"SECURE_ALWAYS"},"entryPoint":"itchAppAuth","updateTime":"1970-01-01T00:00:00Z","labels":{"deployment-tool":"cli-firebase","firebase-functions-hash":"d4fa81547bac1ca707eb0988d534e987f547df30"},"sourceUploadUrl":"https://storage.googleapis.com/uploads-763700285092.us-central1.cloudfunctions.appspot.com/8f0a08e6-ee58-4376-90f5-a123a31d90fb.zip?GoogleAccessId=service-329010584107@gcf-admin-robot.iam.gserviceaccount.com&Expires=1773728448&Signature=wPYDBa3v9T%2BzEdJcwe58wa%2BOF31A3I8IU4soZsWOuLLq8KY6rTCw9a0Q%2FG88%2BTUOtnzfuuIvbP%2FN%2FfjWKkkMuORIKJ0FLc8yC9gEzL%2FAXEFWfeReHwGJ%2BHxGE%2FpnE4GcuYshlG86F7fKbBpidvkYKu%2BhJJ5ViD5MBrntGkTB%2BosFIV0kdqs%2FvxPh2eTY5H60WGoGozw2uSzb6OhkN7sRFd9%2FCjozGwlS3ZGtRfyaPt1YTGFEP0%2BltvBZvVSFRsNnEFh2RkhLFUl0JSY8%2FOtbL6p5D5bVQAbBbJj1bnNHXaS6VhcuLCa6NhW3pZSCaWWXXyxBEGHgHJVMOU%2FU9XbNsg%3D%3D","environmentVariables":{"FIREBASE_CONFIG":"{\"projectId\":\"prompt-battle-c5e6a\",\"databaseURL\":\"https://prompt-battle-c5e6a-default-rtdb.firebaseio.com\",\"storageBucket\":\"prompt-battle-c5e6a.firebasestorage.app\"}","GCLOUD_PROJECT":"prompt-battle-c5e6a","EVENTARC_CLOUD_EVENT_SOURCE":"projects/prompt-battle-c5e6a/locations/us-central1/functions/itchAppAuth"},"runtime":"nodejs20","buildEnvironmentVariables":{"GOOGLE_NODE_RUN_SCRIPTS":""},"dockerRegistry":"ARTIFACT_REGISTRY"},"versionId":"1","updateTime":"2026-03-17T05:51:16.522093481Z"}}
[debug] [2026-03-17T05:51:17.600Z] <<< [apiv2][status] GET https://cloudfunctions.googleapis.com/v1/operations/cHJvamVjdHMvcHJvbXB0LWJhdHRsZS1jNWU2YS9sb2NhdGlvbnMvdXMtY2VudHJhbDEvb3BlcmF0aW9ucy9vcGVyYXRpb24tMTc3MzcyNjY3NjIxOS02NGQzMWVjNzZmNGViLTAyZGExNjEwLTBmNzE3NmMx 200
[debug] [2026-03-17T05:51:17.600Z] <<< [apiv2][body] GET https://cloudfunctions.googleapis.com/v1/operations/cHJvamVjdHMvcHJvbXB0LWJhdHRsZS1jNWU2YS9sb2NhdGlvbnMvdXMtY2VudHJhbDEvb3BlcmF0aW9ucy9vcGVyYXRpb24tMTc3MzcyNjY3NjIxOS02NGQzMWVjNzZmNGViLTAyZGExNjEwLTBmNzE3NmMx {"name":"operations/cHJvamVjdHMvcHJvbXB0LWJhdHRsZS1jNWU2YS9sb2NhdGlvbnMvdXMtY2VudHJhbDEvb3BlcmF0aW9ucy9vcGVyYXRpb24tMTc3MzcyNjY3NjIxOS02NGQzMWVjNzZmNGViLTAyZGExNjEwLTBmNzE3NmMx","metadata":{"@type":"type.googleapis.com/google.cloud.functions.v1.OperationMetadataV1","target":"projects/prompt-battle-c5e6a/locations/us-central1/functions/adminGrantItems","type":"CREATE_FUNCTION","request":{"@type":"type.googleapis.com/google.cloud.functions.v1.CloudFunction","name":"projects/prompt-battle-c5e6a/locations/us-central1/functions/adminGrantItems","httpsTrigger":{"securityLevel":"SECURE_ALWAYS"},"entryPoint":"adminGrantItems","updateTime":"1970-01-01T00:00:00Z","labels":{"deployment-tool":"cli-firebase","firebase-functions-hash":"d4fa81547bac1ca707eb0988d534e987f547df30"},"sourceUploadUrl":"https://storage.googleapis.com/uploads-763700285092.us-central1.cloudfunctions.appspot.com/8f0a08e6-ee58-4376-90f5-a123a31d90fb.zip?GoogleAccessId=service-329010584107@gcf-admin-robot.iam.gserviceaccount.com&Expires=1773728448&Signature=wPYDBa3v9T%2BzEdJcwe58wa%2BOF31A3I8IU4soZsWOuLLq8KY6rTCw9a0Q%2FG88%2BTUOtnzfuuIvbP%2FN%2FfjWKkkMuORIKJ0FLc8yC9gEzL%2FAXEFWfeReHwGJ%2BHxGE%2FpnE4GcuYshlG86F7fKbBpidvkYKu%2BhJJ5ViD5MBrntGkTB%2BosFIV0kdqs%2FvxPh2eTY5H60WGoGozw2uSzb6OhkN7sRFd9%2FCjozGwlS3ZGtRfyaPt1YTGFEP0%2BltvBZvVSFRsNnEFh2RkhLFUl0JSY8%2FOtbL6p5D5bVQAbBbJj1bnNHXaS6VhcuLCa6NhW3pZSCaWWXXyxBEGHgHJVMOU%2FU9XbNsg%3D%3D","environmentVariables":{"FIREBASE_CONFIG":"{\"projectId\":\"prompt-battle-c5e6a\",\"databaseURL\":\"https://prompt-battle-c5e6a-default-rtdb.firebaseio.com\",\"storageBucket\":\"prompt-battle-c5e6a.firebasestorage.app\"}","GCLOUD_PROJECT":"prompt-battle-c5e6a","EVENTARC_CLOUD_EVENT_SOURCE":"projects/prompt-battle-c5e6a/locations/us-central1/functions/adminGrantItems"},"runtime":"nodejs20","buildEnvironmentVariables":{"GOOGLE_NODE_RUN_SCRIPTS":""},"dockerRegistry":"ARTIFACT_REGISTRY"},"versionId":"1","updateTime":"2026-03-17T05:51:16.534572298Z"}}
[debug] [2026-03-17T05:51:17.600Z] <<< [apiv2][status] GET https://cloudfunctions.googleapis.com/v1/operations/cHJvamVjdHMvcHJvbXB0LWJhdHRsZS1jNWU2YS9sb2NhdGlvbnMvdXMtY2VudHJhbDEvb3BlcmF0aW9ucy9vcGVyYXRpb24tMTc3MzcyNjY3NjIwMi02NGQzMWVjNzZiNWYwLTE4YTQxYWRhLTU1ZmU5NmVk 200
[debug] [2026-03-17T05:51:17.600Z] <<< [apiv2][body] GET https://cloudfunctions.googleapis.com/v1/operations/cHJvamVjdHMvcHJvbXB0LWJhdHRsZS1jNWU2YS9sb2NhdGlvbnMvdXMtY2VudHJhbDEvb3BlcmF0aW9ucy9vcGVyYXRpb24tMTc3MzcyNjY3NjIwMi02NGQzMWVjNzZiNWYwLTE4YTQxYWRhLTU1ZmU5NmVk {"name":"operations/cHJvamVjdHMvcHJvbXB0LWJhdHRsZS1jNWU2YS9sb2NhdGlvbnMvdXMtY2VudHJhbDEvb3BlcmF0aW9ucy9vcGVyYXRpb24tMTc3MzcyNjY3NjIwMi02NGQzMWVjNzZiNWYwLTE4YTQxYWRhLTU1ZmU5NmVk","metadata":{"@type":"type.googleapis.com/google.cloud.functions.v1.OperationMetadataV1","target":"projects/prompt-battle-c5e6a/locations/us-central1/functions/itchOAuthCallback","type":"CREATE_FUNCTION","request":{"@type":"type.googleapis.com/google.cloud.functions.v1.CloudFunction","name":"projects/prompt-battle-c5e6a/locations/us-central1/functions/itchOAuthCallback","httpsTrigger":{"securityLevel":"SECURE_ALWAYS"},"entryPoint":"itchOAuthCallback","updateTime":"1970-01-01T00:00:00Z","labels":{"deployment-tool":"cli-firebase","firebase-functions-hash":"d4fa81547bac1ca707eb0988d534e987f547df30"},"sourceUploadUrl":"https://storage.googleapis.com/uploads-763700285092.us-central1.cloudfunctions.appspot.com/8f0a08e6-ee58-4376-90f5-a123a31d90fb.zip?GoogleAccessId=service-329010584107@gcf-admin-robot.iam.gserviceaccount.com&Expires=1773728448&Signature=wPYDBa3v9T%2BzEdJcwe58wa%2BOF31A3I8IU4soZsWOuLLq8KY6rTCw9a0Q%2FG88%2BTUOtnzfuuIvbP%2FN%2FfjWKkkMuORIKJ0FLc8yC9gEzL%2FAXEFWfeReHwGJ%2BHxGE%2FpnE4GcuYshlG86F7fKbBpidvkYKu%2BhJJ5ViD5MBrntGkTB%2BosFIV0kdqs%2FvxPh2eTY5H60WGoGozw2uSzb6OhkN7sRFd9%2FCjozGwlS3ZGtRfyaPt1YTGFEP0%2BltvBZvVSFRsNnEFh2RkhLFUl0JSY8%2FOtbL6p5D5bVQAbBbJj1bnNHXaS6VhcuLCa6NhW3pZSCaWWXXyxBEGHgHJVMOU%2FU9XbNsg%3D%3D","environmentVariables":{"FIREBASE_CONFIG":"{\"projectId\":\"prompt-battle-c5e6a\",\"databaseURL\":\"https://prompt-battle-c5e6a-default-rtdb.firebaseio.com\",\"storageBucket\":\"prompt-battle-c5e6a.firebasestorage.app\"}","GCLOUD_PROJECT":"prompt-battle-c5e6a","EVENTARC_CLOUD_EVENT_SOURCE":"projects/prompt-battle-c5e6a/locations/us-central1/functions/itchOAuthCallback"},"runtime":"nodejs20","buildEnvironmentVariables":{"GOOGLE_NODE_RUN_SCRIPTS":""},"dockerRegistry":"ARTIFACT_REGISTRY"},"versionId":"1","updateTime":"2026-03-17T05:51:16.542322036Z"}}
[debug] [2026-03-17T05:51:18.505Z] [create-default-us-central1-grantBattlePassXp] Retrying task index 0
[debug] [2026-03-17T05:51:18.506Z] Checked if tokens are valid: true, expires at: 1773729535384
[debug] [2026-03-17T05:51:18.506Z] Checked if tokens are valid: true, expires at: 1773729535384
[debug] [2026-03-17T05:51:18.506Z] >>> [apiv2][query] GET https://cloudfunctions.googleapis.com/v1/operations/cHJvamVjdHMvcHJvbXB0LWJhdHRsZS1jNWU2YS9sb2NhdGlvbnMvdXMtY2VudHJhbDEvb3BlcmF0aW9ucy9vcGVyYXRpb24tMTc3MzcyNjY3NjIxNy02NGQzMWVjNzZlZDA2LTRlNzZlOTc0LWQ1NGViOTUx [none]
[debug] [2026-03-17T05:51:18.506Z] [create-default-us-central1-squareWebhook] Retrying task index 0
[debug] [2026-03-17T05:51:18.506Z] Checked if tokens are valid: true, expires at: 1773729535384
[debug] [2026-03-17T05:51:18.506Z] Checked if tokens are valid: true, expires at: 1773729535384
[debug] [2026-03-17T05:51:18.506Z] >>> [apiv2][query] GET https://cloudfunctions.googleapis.com/v1/operations/cHJvamVjdHMvcHJvbXB0LWJhdHRsZS1jNWU2YS9sb2NhdGlvbnMvdXMtY2VudHJhbDEvb3BlcmF0aW9ucy9vcGVyYXRpb24tMTc3MzcyNjY3NjE5MS02NGQzMWVjNzY4YTQ2LTAzZDEwMTg0LTVhODc0ZmFm [none]
[debug] [2026-03-17T05:51:18.553Z] [create-default-us-central1-completePayment] Retrying task index 0
[debug] [2026-03-17T05:51:18.553Z] Checked if tokens are valid: true, expires at: 1773729535384
[debug] [2026-03-17T05:51:18.553Z] Checked if tokens are valid: true, expires at: 1773729535384
[debug] [2026-03-17T05:51:18.553Z] >>> [apiv2][query] GET https://cloudfunctions.googleapis.com/v1/operations/cHJvamVjdHMvcHJvbXB0LWJhdHRsZS1jNWU2YS9sb2NhdGlvbnMvdXMtY2VudHJhbDEvb3BlcmF0aW9ucy9vcGVyYXRpb24tMTc3MzcyNjY3NjE2Mi02NGQzMWVjNzYxOGQ1LTA4ZTRkYjMyLTY1NWNhZjNh [none]
[debug] [2026-03-17T05:51:18.568Z] [create-default-us-central1-grantXp] Retrying task index 0
[debug] [2026-03-17T05:51:18.568Z] Checked if tokens are valid: true, expires at: 1773729535384
[debug] [2026-03-17T05:51:18.568Z] Checked if tokens are valid: true, expires at: 1773729535384
[debug] [2026-03-17T05:51:18.568Z] >>> [apiv2][query] GET https://cloudfunctions.googleapis.com/v1/operations/cHJvamVjdHMvcHJvbXB0LWJhdHRsZS1jNWU2YS9sb2NhdGlvbnMvdXMtY2VudHJhbDEvb3BlcmF0aW9ucy9vcGVyYXRpb24tMTc3MzcyNjY3NjIwMC02NGQzMWVjNzZhYjcyLWY4ZjEyNjc4LWFlOWVmNDJm [none]
[debug] [2026-03-17T05:51:18.583Z] [create-default-us-central1-purchaseBattlePass] Retrying task index 0
[debug] [2026-03-17T05:51:18.583Z] Checked if tokens are valid: true, expires at: 1773729535384
[debug] [2026-03-17T05:51:18.583Z] Checked if tokens are valid: true, expires at: 1773729535384
[debug] [2026-03-17T05:51:18.583Z] >>> [apiv2][query] GET https://cloudfunctions.googleapis.com/v1/operations/cHJvamVjdHMvcHJvbXB0LWJhdHRsZS1jNWU2YS9sb2NhdGlvbnMvdXMtY2VudHJhbDEvb3BlcmF0aW9ucy9vcGVyYXRpb24tMTc3MzcyNjY3NjE5OC02NGQzMWVjNzZhNDM3LTdkYjUzYTQ3LWIwY2Q5YTcw [none]
[debug] [2026-03-17T05:51:18.583Z] [create-default-us-central1-purchaseItem] Retrying task index 0
[debug] [2026-03-17T05:51:18.583Z] Checked if tokens are valid: true, expires at: 1773729535384
[debug] [2026-03-17T05:51:18.583Z] Checked if tokens are valid: true, expires at: 1773729535384
[debug] [2026-03-17T05:51:18.584Z] >>> [apiv2][query] GET https://cloudfunctions.googleapis.com/v1/operations/cHJvamVjdHMvcHJvbXB0LWJhdHRsZS1jNWU2YS9sb2NhdGlvbnMvdXMtY2VudHJhbDEvb3BlcmF0aW9ucy9vcGVyYXRpb24tMTc3MzcyNjY3NjIxMy02NGQzMWVjNzZlMGI3LWI4MTQ0NTA4LTcxYWExMDkw [none]
[debug] [2026-03-17T05:51:18.584Z] [create-default-us-central1-processPlayerCommand] Retrying task index 0
[debug] [2026-03-17T05:51:18.584Z] Checked if tokens are valid: true, expires at: 1773729535384
[debug] [2026-03-17T05:51:18.584Z] Checked if tokens are valid: true, expires at: 1773729535384
[debug] [2026-03-17T05:51:18.584Z] >>> [apiv2][query] GET https://cloudfunctions.googleapis.com/v1/operations/cHJvamVjdHMvcHJvbXB0LWJhdHRsZS1jNWU2YS9sb2NhdGlvbnMvdXMtY2VudHJhbDEvb3BlcmF0aW9ucy9vcGVyYXRpb24tMTc3MzcyNjY3NjE5Mi02NGQzMWVjNzY4ZGMxLWFmMDgwOGZlLTFkZDMxOGVk [none]
[debug] [2026-03-17T05:51:18.598Z] [create-default-us-central1-grantGlory] Retrying task index 0
[debug] [2026-03-17T05:51:18.598Z] Checked if tokens are valid: true, expires at: 1773729535384
[debug] [2026-03-17T05:51:18.598Z] Checked if tokens are valid: true, expires at: 1773729535384
[debug] [2026-03-17T05:51:18.598Z] >>> [apiv2][query] GET https://cloudfunctions.googleapis.com/v1/operations/cHJvamVjdHMvcHJvbXB0LWJhdHRsZS1jNWU2YS9sb2NhdGlvbnMvdXMtY2VudHJhbDEvb3BlcmF0aW9ucy9vcGVyYXRpb24tMTc3MzcyNjY3NjE4Ny02NGQzMWVjNzY3N2Y5LTZmNTFlNzMxLWNmYjczZDgz [none]
[debug] [2026-03-17T05:51:18.598Z] [create-default-us-central1-claimBattlePassReward] Retrying task index 0
[debug] [2026-03-17T05:51:18.598Z] Checked if tokens are valid: true, expires at: 1773729535384
[debug] [2026-03-17T05:51:18.598Z] Checked if tokens are valid: true, expires at: 1773729535384
[debug] [2026-03-17T05:51:18.599Z] >>> [apiv2][query] GET https://cloudfunctions.googleapis.com/v1/operations/cHJvamVjdHMvcHJvbXB0LWJhdHRsZS1jNWU2YS9sb2NhdGlvbnMvdXMtY2VudHJhbDEvb3BlcmF0aW9ucy9vcGVyYXRpb24tMTc3MzcyNjY3NjE5Mi02NGQzMWVjNzY4ZTUzLWNkMTkyZDI5LTQ2N2RkZDJj [none]
[debug] [2026-03-17T05:51:18.599Z] [create-default-us-central1-redeemItchKey] Retrying task index 0
[debug] [2026-03-17T05:51:18.599Z] Checked if tokens are valid: true, expires at: 1773729535384
[debug] [2026-03-17T05:51:18.599Z] Checked if tokens are valid: true, expires at: 1773729535384
[debug] [2026-03-17T05:51:18.599Z] >>> [apiv2][query] GET https://cloudfunctions.googleapis.com/v1/operations/cHJvamVjdHMvcHJvbXB0LWJhdHRsZS1jNWU2YS9sb2NhdGlvbnMvdXMtY2VudHJhbDEvb3BlcmF0aW9ucy9vcGVyYXRpb24tMTc3MzcyNjY3NjE5NC02NGQzMWVjNzY5NDc3LWE2ZWY0MGE1LWZhYTg3YjBm [none]
[debug] [2026-03-17T05:51:18.609Z] [create-default-us-central1-onPlayerJoinQueue] Retrying task index 0
[debug] [2026-03-17T05:51:18.610Z] Checked if tokens are valid: true, expires at: 1773729535384
[debug] [2026-03-17T05:51:18.610Z] Checked if tokens are valid: true, expires at: 1773729535384
[debug] [2026-03-17T05:51:18.610Z] >>> [apiv2][query] GET https://cloudfunctions.googleapis.com/v1/operations/cHJvamVjdHMvcHJvbXB0LWJhdHRsZS1jNWU2YS9sb2NhdGlvbnMvdXMtY2VudHJhbDEvb3BlcmF0aW9ucy9vcGVyYXRpb24tMTc3MzcyNjY3NjIxNy02NGQzMWVjNzZlZjI4LWU1MWQ2Mzk1LTYwZjNmZjhj [none]
[debug] [2026-03-17T05:51:18.610Z] [create-default-us-central1-itchAppAuth] Retrying task index 0
[debug] [2026-03-17T05:51:18.610Z] Checked if tokens are valid: true, expires at: 1773729535384
[debug] [2026-03-17T05:51:18.610Z] Checked if tokens are valid: true, expires at: 1773729535384
[debug] [2026-03-17T05:51:18.610Z] >>> [apiv2][query] GET https://cloudfunctions.googleapis.com/v1/operations/cHJvamVjdHMvcHJvbXB0LWJhdHRsZS1jNWU2YS9sb2NhdGlvbnMvdXMtY2VudHJhbDEvb3BlcmF0aW9ucy9vcGVyYXRpb24tMTc3MzcyNjY3NjE5Ny02NGQzMWVjNzZhMWI4LTFhNDVhMDVkLTI3Y2NmN2Ji [none]
[debug] [2026-03-17T05:51:18.611Z] [create-default-us-central1-adminGrantItems] Retrying task index 0
[debug] [2026-03-17T05:51:18.611Z] Checked if tokens are valid: true, expires at: 1773729535384
[debug] [2026-03-17T05:51:18.611Z] Checked if tokens are valid: true, expires at: 1773729535384
[debug] [2026-03-17T05:51:18.611Z] >>> [apiv2][query] GET https://cloudfunctions.googleapis.com/v1/operations/cHJvamVjdHMvcHJvbXB0LWJhdHRsZS1jNWU2YS9sb2NhdGlvbnMvdXMtY2VudHJhbDEvb3BlcmF0aW9ucy9vcGVyYXRpb24tMTc3MzcyNjY3NjIxOS02NGQzMWVjNzZmNGViLTAyZGExNjEwLTBmNzE3NmMx [none]
[debug] [2026-03-17T05:51:18.611Z] [create-default-us-central1-itchOAuthCallback] Retrying task index 0
[debug] [2026-03-17T05:51:18.611Z] Checked if tokens are valid: true, expires at: 1773729535384
[debug] [2026-03-17T05:51:18.611Z] Checked if tokens are valid: true, expires at: 1773729535384
[debug] [2026-03-17T05:51:18.611Z] >>> [apiv2][query] GET https://cloudfunctions.googleapis.com/v1/operations/cHJvamVjdHMvcHJvbXB0LWJhdHRsZS1jNWU2YS9sb2NhdGlvbnMvdXMtY2VudHJhbDEvb3BlcmF0aW9ucy9vcGVyYXRpb24tMTc3MzcyNjY3NjIwMi02NGQzMWVjNzZiNWYwLTE4YTQxYWRhLTU1ZmU5NmVk [none]
[debug] [2026-03-17T05:51:18.614Z] <<< [apiv2][status] GET https://cloudfunctions.googleapis.com/v1/operations/cHJvamVjdHMvcHJvbXB0LWJhdHRsZS1jNWU2YS9sb2NhdGlvbnMvdXMtY2VudHJhbDEvb3BlcmF0aW9ucy9vcGVyYXRpb24tMTc3MzcyNjY3NjIxNy02NGQzMWVjNzZlZDA2LTRlNzZlOTc0LWQ1NGViOTUx 200
[debug] [2026-03-17T05:51:18.614Z] <<< [apiv2][body] GET https://cloudfunctions.googleapis.com/v1/operations/cHJvamVjdHMvcHJvbXB0LWJhdHRsZS1jNWU2YS9sb2NhdGlvbnMvdXMtY2VudHJhbDEvb3BlcmF0aW9ucy9vcGVyYXRpb24tMTc3MzcyNjY3NjIxNy02NGQzMWVjNzZlZDA2LTRlNzZlOTc0LWQ1NGViOTUx {"name":"operations/cHJvamVjdHMvcHJvbXB0LWJhdHRsZS1jNWU2YS9sb2NhdGlvbnMvdXMtY2VudHJhbDEvb3BlcmF0aW9ucy9vcGVyYXRpb24tMTc3MzcyNjY3NjIxNy02NGQzMWVjNzZlZDA2LTRlNzZlOTc0LWQ1NGViOTUx","metadata":{"@type":"type.googleapis.com/google.cloud.functions.v1.OperationMetadataV1","target":"projects/prompt-battle-c5e6a/locations/us-central1/functions/grantBattlePassXp","type":"CREATE_FUNCTION","request":{"@type":"type.googleapis.com/google.cloud.functions.v1.CloudFunction","name":"projects/prompt-battle-c5e6a/locations/us-central1/functions/grantBattlePassXp","httpsTrigger":{"securityLevel":"SECURE_ALWAYS"},"entryPoint":"grantBattlePassXp","updateTime":"1970-01-01T00:00:00Z","labels":{"deployment-tool":"cli-firebase","firebase-functions-hash":"d4fa81547bac1ca707eb0988d534e987f547df30"},"sourceUploadUrl":"https://storage.googleapis.com/uploads-763700285092.us-central1.cloudfunctions.appspot.com/8f0a08e6-ee58-4376-90f5-a123a31d90fb.zip?GoogleAccessId=service-329010584107@gcf-admin-robot.iam.gserviceaccount.com&Expires=1773728448&Signature=wPYDBa3v9T%2BzEdJcwe58wa%2BOF31A3I8IU4soZsWOuLLq8KY6rTCw9a0Q%2FG88%2BTUOtnzfuuIvbP%2FN%2FfjWKkkMuORIKJ0FLc8yC9gEzL%2FAXEFWfeReHwGJ%2BHxGE%2FpnE4GcuYshlG86F7fKbBpidvkYKu%2BhJJ5ViD5MBrntGkTB%2BosFIV0kdqs%2FvxPh2eTY5H60WGoGozw2uSzb6OhkN7sRFd9%2FCjozGwlS3ZGtRfyaPt1YTGFEP0%2BltvBZvVSFRsNnEFh2RkhLFUl0JSY8%2FOtbL6p5D5bVQAbBbJj1bnNHXaS6VhcuLCa6NhW3pZSCaWWXXyxBEGHgHJVMOU%2FU9XbNsg%3D%3D","environmentVariables":{"FIREBASE_CONFIG":"{\"projectId\":\"prompt-battle-c5e6a\",\"databaseURL\":\"https://prompt-battle-c5e6a-default-rtdb.firebaseio.com\",\"storageBucket\":\"prompt-battle-c5e6a.firebasestorage.app\"}","GCLOUD_PROJECT":"prompt-battle-c5e6a","EVENTARC_CLOUD_EVENT_SOURCE":"projects/prompt-battle-c5e6a/locations/us-central1/functions/grantBattlePassXp"},"runtime":"nodejs20","buildEnvironmentVariables":{"GOOGLE_NODE_RUN_SCRIPTS":""},"dockerRegistry":"ARTIFACT_REGISTRY"},"versionId":"1","updateTime":"2026-03-17T05:51:16.533404027Z"}}
[debug] [2026-03-17T05:51:18.622Z] <<< [apiv2][status] GET https://cloudfunctions.googleapis.com/v1/operations/cHJvamVjdHMvcHJvbXB0LWJhdHRsZS1jNWU2YS9sb2NhdGlvbnMvdXMtY2VudHJhbDEvb3BlcmF0aW9ucy9vcGVyYXRpb24tMTc3MzcyNjY3NjE5MS02NGQzMWVjNzY4YTQ2LTAzZDEwMTg0LTVhODc0ZmFm 200
[debug] [2026-03-17T05:51:18.623Z] <<< [apiv2][body] GET https://cloudfunctions.googleapis.com/v1/operations/cHJvamVjdHMvcHJvbXB0LWJhdHRsZS1jNWU2YS9sb2NhdGlvbnMvdXMtY2VudHJhbDEvb3BlcmF0aW9ucy9vcGVyYXRpb24tMTc3MzcyNjY3NjE5MS02NGQzMWVjNzY4YTQ2LTAzZDEwMTg0LTVhODc0ZmFm {"name":"operations/cHJvamVjdHMvcHJvbXB0LWJhdHRsZS1jNWU2YS9sb2NhdGlvbnMvdXMtY2VudHJhbDEvb3BlcmF0aW9ucy9vcGVyYXRpb24tMTc3MzcyNjY3NjE5MS02NGQzMWVjNzY4YTQ2LTAzZDEwMTg0LTVhODc0ZmFm","metadata":{"@type":"type.googleapis.com/google.cloud.functions.v1.OperationMetadataV1","target":"projects/prompt-battle-c5e6a/locations/us-central1/functions/squareWebhook","type":"CREATE_FUNCTION","request":{"@type":"type.googleapis.com/google.cloud.functions.v1.CloudFunction","name":"projects/prompt-battle-c5e6a/locations/us-central1/functions/squareWebhook","httpsTrigger":{"securityLevel":"SECURE_ALWAYS"},"entryPoint":"squareWebhook","updateTime":"1970-01-01T00:00:00Z","labels":{"deployment-tool":"cli-firebase","firebase-functions-hash":"d4fa81547bac1ca707eb0988d534e987f547df30"},"sourceUploadUrl":"https://storage.googleapis.com/uploads-763700285092.us-central1.cloudfunctions.appspot.com/8f0a08e6-ee58-4376-90f5-a123a31d90fb.zip?GoogleAccessId=service-329010584107@gcf-admin-robot.iam.gserviceaccount.com&Expires=1773728448&Signature=wPYDBa3v9T%2BzEdJcwe58wa%2BOF31A3I8IU4soZsWOuLLq8KY6rTCw9a0Q%2FG88%2BTUOtnzfuuIvbP%2FN%2FfjWKkkMuORIKJ0FLc8yC9gEzL%2FAXEFWfeReHwGJ%2BHxGE%2FpnE4GcuYshlG86F7fKbBpidvkYKu%2BhJJ5ViD5MBrntGkTB%2BosFIV0kdqs%2FvxPh2eTY5H60WGoGozw2uSzb6OhkN7sRFd9%2FCjozGwlS3ZGtRfyaPt1YTGFEP0%2BltvBZvVSFRsNnEFh2RkhLFUl0JSY8%2FOtbL6p5D5bVQAbBbJj1bnNHXaS6VhcuLCa6NhW3pZSCaWWXXyxBEGHgHJVMOU%2FU9XbNsg%3D%3D","environmentVariables":{"FIREBASE_CONFIG":"{\"projectId\":\"prompt-battle-c5e6a\",\"databaseURL\":\"https://prompt-battle-c5e6a-default-rtdb.firebaseio.com\",\"storageBucket\":\"prompt-battle-c5e6a.firebasestorage.app\"}","GCLOUD_PROJECT":"prompt-battle-c5e6a","EVENTARC_CLOUD_EVENT_SOURCE":"projects/prompt-battle-c5e6a/locations/us-central1/functions/squareWebhook"},"runtime":"nodejs20","buildEnvironmentVariables":{"GOOGLE_NODE_RUN_SCRIPTS":""},"dockerRegistry":"ARTIFACT_REGISTRY"},"versionId":"1","updateTime":"2026-03-17T05:51:16.550368221Z"}}
[debug] [2026-03-17T05:51:18.658Z] <<< [apiv2][status] GET https://cloudfunctions.googleapis.com/v1/operations/cHJvamVjdHMvcHJvbXB0LWJhdHRsZS1jNWU2YS9sb2NhdGlvbnMvdXMtY2VudHJhbDEvb3BlcmF0aW9ucy9vcGVyYXRpb24tMTc3MzcyNjY3NjE2Mi02NGQzMWVjNzYxOGQ1LTA4ZTRkYjMyLTY1NWNhZjNh 200
[debug] [2026-03-17T05:51:18.658Z] <<< [apiv2][body] GET https://cloudfunctions.googleapis.com/v1/operations/cHJvamVjdHMvcHJvbXB0LWJhdHRsZS1jNWU2YS9sb2NhdGlvbnMvdXMtY2VudHJhbDEvb3BlcmF0aW9ucy9vcGVyYXRpb24tMTc3MzcyNjY3NjE2Mi02NGQzMWVjNzYxOGQ1LTA4ZTRkYjMyLTY1NWNhZjNh {"name":"operations/cHJvamVjdHMvcHJvbXB0LWJhdHRsZS1jNWU2YS9sb2NhdGlvbnMvdXMtY2VudHJhbDEvb3BlcmF0aW9ucy9vcGVyYXRpb24tMTc3MzcyNjY3NjE2Mi02NGQzMWVjNzYxOGQ1LTA4ZTRkYjMyLTY1NWNhZjNh","metadata":{"@type":"type.googleapis.com/google.cloud.functions.v1.OperationMetadataV1","target":"projects/prompt-battle-c5e6a/locations/us-central1/functions/completePayment","type":"CREATE_FUNCTION","request":{"@type":"type.googleapis.com/google.cloud.functions.v1.CloudFunction","name":"projects/prompt-battle-c5e6a/locations/us-central1/functions/completePayment","httpsTrigger":{"securityLevel":"SECURE_ALWAYS"},"entryPoint":"completePayment","updateTime":"1970-01-01T00:00:00Z","labels":{"deployment-tool":"cli-firebase","firebase-functions-hash":"d4fa81547bac1ca707eb0988d534e987f547df30"},"sourceUploadUrl":"https://storage.googleapis.com/uploads-763700285092.us-central1.cloudfunctions.appspot.com/8f0a08e6-ee58-4376-90f5-a123a31d90fb.zip?GoogleAccessId=service-329010584107@gcf-admin-robot.iam.gserviceaccount.com&Expires=1773728448&Signature=wPYDBa3v9T%2BzEdJcwe58wa%2BOF31A3I8IU4soZsWOuLLq8KY6rTCw9a0Q%2FG88%2BTUOtnzfuuIvbP%2FN%2FfjWKkkMuORIKJ0FLc8yC9gEzL%2FAXEFWfeReHwGJ%2BHxGE%2FpnE4GcuYshlG86F7fKbBpidvkYKu%2BhJJ5ViD5MBrntGkTB%2BosFIV0kdqs%2FvxPh2eTY5H60WGoGozw2uSzb6OhkN7sRFd9%2FCjozGwlS3ZGtRfyaPt1YTGFEP0%2BltvBZvVSFRsNnEFh2RkhLFUl0JSY8%2FOtbL6p5D5bVQAbBbJj1bnNHXaS6VhcuLCa6NhW3pZSCaWWXXyxBEGHgHJVMOU%2FU9XbNsg%3D%3D","environmentVariables":{"FIREBASE_CONFIG":"{\"projectId\":\"prompt-battle-c5e6a\",\"databaseURL\":\"https://prompt-battle-c5e6a-default-rtdb.firebaseio.com\",\"storageBucket\":\"prompt-battle-c5e6a.firebasestorage.app\"}","GCLOUD_PROJECT":"prompt-battle-c5e6a","EVENTARC_CLOUD_EVENT_SOURCE":"projects/prompt-battle-c5e6a/locations/us-central1/functions/completePayment"},"runtime":"nodejs20","buildEnvironmentVariables":{"GOOGLE_NODE_RUN_SCRIPTS":""},"dockerRegistry":"ARTIFACT_REGISTRY"},"versionId":"1","updateTime":"2026-03-17T05:51:16.492032866Z"}}
[debug] [2026-03-17T05:51:18.673Z] <<< [apiv2][status] GET https://cloudfunctions.googleapis.com/v1/operations/cHJvamVjdHMvcHJvbXB0LWJhdHRsZS1jNWU2YS9sb2NhdGlvbnMvdXMtY2VudHJhbDEvb3BlcmF0aW9ucy9vcGVyYXRpb24tMTc3MzcyNjY3NjIwMC02NGQzMWVjNzZhYjcyLWY4ZjEyNjc4LWFlOWVmNDJm 200
[debug] [2026-03-17T05:51:18.674Z] <<< [apiv2][body] GET https://cloudfunctions.googleapis.com/v1/operations/cHJvamVjdHMvcHJvbXB0LWJhdHRsZS1jNWU2YS9sb2NhdGlvbnMvdXMtY2VudHJhbDEvb3BlcmF0aW9ucy9vcGVyYXRpb24tMTc3MzcyNjY3NjIwMC02NGQzMWVjNzZhYjcyLWY4ZjEyNjc4LWFlOWVmNDJm {"name":"operations/cHJvamVjdHMvcHJvbXB0LWJhdHRsZS1jNWU2YS9sb2NhdGlvbnMvdXMtY2VudHJhbDEvb3BlcmF0aW9ucy9vcGVyYXRpb24tMTc3MzcyNjY3NjIwMC02NGQzMWVjNzZhYjcyLWY4ZjEyNjc4LWFlOWVmNDJm","metadata":{"@type":"type.googleapis.com/google.cloud.functions.v1.OperationMetadataV1","target":"projects/prompt-battle-c5e6a/locations/us-central1/functions/grantXp","type":"CREATE_FUNCTION","request":{"@type":"type.googleapis.com/google.cloud.functions.v1.CloudFunction","name":"projects/prompt-battle-c5e6a/locations/us-central1/functions/grantXp","httpsTrigger":{"securityLevel":"SECURE_ALWAYS"},"entryPoint":"grantXp","updateTime":"1970-01-01T00:00:00Z","labels":{"deployment-tool":"cli-firebase","firebase-functions-hash":"d4fa81547bac1ca707eb0988d534e987f547df30"},"sourceUploadUrl":"https://storage.googleapis.com/uploads-763700285092.us-central1.cloudfunctions.appspot.com/8f0a08e6-ee58-4376-90f5-a123a31d90fb.zip?GoogleAccessId=service-329010584107@gcf-admin-robot.iam.gserviceaccount.com&Expires=1773728448&Signature=wPYDBa3v9T%2BzEdJcwe58wa%2BOF31A3I8IU4soZsWOuLLq8KY6rTCw9a0Q%2FG88%2BTUOtnzfuuIvbP%2FN%2FfjWKkkMuORIKJ0FLc8yC9gEzL%2FAXEFWfeReHwGJ%2BHxGE%2FpnE4GcuYshlG86F7fKbBpidvkYKu%2BhJJ5ViD5MBrntGkTB%2BosFIV0kdqs%2FvxPh2eTY5H60WGoGozw2uSzb6OhkN7sRFd9%2FCjozGwlS3ZGtRfyaPt1YTGFEP0%2BltvBZvVSFRsNnEFh2RkhLFUl0JSY8%2FOtbL6p5D5bVQAbBbJj1bnNHXaS6VhcuLCa6NhW3pZSCaWWXXyxBEGHgHJVMOU%2FU9XbNsg%3D%3D","environmentVariables":{"FIREBASE_CONFIG":"{\"projectId\":\"prompt-battle-c5e6a\",\"databaseURL\":\"https://prompt-battle-c5e6a-default-rtdb.firebaseio.com\",\"storageBucket\":\"prompt-battle-c5e6a.firebasestorage.app\"}","GCLOUD_PROJECT":"prompt-battle-c5e6a","EVENTARC_CLOUD_EVENT_SOURCE":"projects/prompt-battle-c5e6a/locations/us-central1/functions/grantXp"},"runtime":"nodejs20","buildEnvironmentVariables":{"GOOGLE_NODE_RUN_SCRIPTS":""},"dockerRegistry":"ARTIFACT_REGISTRY"},"versionId":"1","updateTime":"2026-03-17T05:51:16.501918760Z"}}
[debug] [2026-03-17T05:51:18.683Z] <<< [apiv2][status] GET https://cloudfunctions.googleapis.com/v1/operations/cHJvamVjdHMvcHJvbXB0LWJhdHRsZS1jNWU2YS9sb2NhdGlvbnMvdXMtY2VudHJhbDEvb3BlcmF0aW9ucy9vcGVyYXRpb24tMTc3MzcyNjY3NjE5Mi02NGQzMWVjNzY4ZGMxLWFmMDgwOGZlLTFkZDMxOGVk 200
[debug] [2026-03-17T05:51:18.683Z] <<< [apiv2][body] GET https://cloudfunctions.googleapis.com/v1/operations/cHJvamVjdHMvcHJvbXB0LWJhdHRsZS1jNWU2YS9sb2NhdGlvbnMvdXMtY2VudHJhbDEvb3BlcmF0aW9ucy9vcGVyYXRpb24tMTc3MzcyNjY3NjE5Mi02NGQzMWVjNzY4ZGMxLWFmMDgwOGZlLTFkZDMxOGVk {"name":"operations/cHJvamVjdHMvcHJvbXB0LWJhdHRsZS1jNWU2YS9sb2NhdGlvbnMvdXMtY2VudHJhbDEvb3BlcmF0aW9ucy9vcGVyYXRpb24tMTc3MzcyNjY3NjE5Mi02NGQzMWVjNzY4ZGMxLWFmMDgwOGZlLTFkZDMxOGVk","metadata":{"@type":"type.googleapis.com/google.cloud.functions.v1.OperationMetadataV1","target":"projects/prompt-battle-c5e6a/locations/us-central1/functions/processPlayerCommand","type":"CREATE_FUNCTION","request":{"@type":"type.googleapis.com/google.cloud.functions.v1.CloudFunction","name":"projects/prompt-battle-c5e6a/locations/us-central1/functions/processPlayerCommand","httpsTrigger":{"securityLevel":"SECURE_ALWAYS"},"entryPoint":"processPlayerCommand","updateTime":"1970-01-01T00:00:00Z","labels":{"deployment-tool":"cli-firebase","firebase-functions-hash":"d4fa81547bac1ca707eb0988d534e987f547df30"},"sourceUploadUrl":"https://storage.googleapis.com/uploads-763700285092.us-central1.cloudfunctions.appspot.com/8f0a08e6-ee58-4376-90f5-a123a31d90fb.zip?GoogleAccessId=service-329010584107@gcf-admin-robot.iam.gserviceaccount.com&Expires=1773728448&Signature=wPYDBa3v9T%2BzEdJcwe58wa%2BOF31A3I8IU4soZsWOuLLq8KY6rTCw9a0Q%2FG88%2BTUOtnzfuuIvbP%2FN%2FfjWKkkMuORIKJ0FLc8yC9gEzL%2FAXEFWfeReHwGJ%2BHxGE%2FpnE4GcuYshlG86F7fKbBpidvkYKu%2BhJJ5ViD5MBrntGkTB%2BosFIV0kdqs%2FvxPh2eTY5H60WGoGozw2uSzb6OhkN7sRFd9%2FCjozGwlS3ZGtRfyaPt1YTGFEP0%2BltvBZvVSFRsNnEFh2RkhLFUl0JSY8%2FOtbL6p5D5bVQAbBbJj1bnNHXaS6VhcuLCa6NhW3pZSCaWWXXyxBEGHgHJVMOU%2FU9XbNsg%3D%3D","environmentVariables":{"FIREBASE_CONFIG":"{\"projectId\":\"prompt-battle-c5e6a\",\"databaseURL\":\"https://prompt-battle-c5e6a-default-rtdb.firebaseio.com\",\"storageBucket\":\"prompt-battle-c5e6a.firebasestorage.app\"}","GCLOUD_PROJECT":"prompt-battle-c5e6a","EVENTARC_CLOUD_EVENT_SOURCE":"projects/prompt-battle-c5e6a/locations/us-central1/functions/processPlayerCommand"},"runtime":"nodejs20","buildEnvironmentVariables":{"GOOGLE_NODE_RUN_SCRIPTS":""},"dockerRegistry":"ARTIFACT_REGISTRY"},"versionId":"1","updateTime":"2026-03-17T05:51:16.532030436Z"}}
[debug] [2026-03-17T05:51:18.703Z] <<< [apiv2][status] GET https://cloudfunctions.googleapis.com/v1/operations/cHJvamVjdHMvcHJvbXB0LWJhdHRsZS1jNWU2YS9sb2NhdGlvbnMvdXMtY2VudHJhbDEvb3BlcmF0aW9ucy9vcGVyYXRpb24tMTc3MzcyNjY3NjIxMy02NGQzMWVjNzZlMGI3LWI4MTQ0NTA4LTcxYWExMDkw 200
[debug] [2026-03-17T05:51:18.703Z] <<< [apiv2][body] GET https://cloudfunctions.googleapis.com/v1/operations/cHJvamVjdHMvcHJvbXB0LWJhdHRsZS1jNWU2YS9sb2NhdGlvbnMvdXMtY2VudHJhbDEvb3BlcmF0aW9ucy9vcGVyYXRpb24tMTc3MzcyNjY3NjIxMy02NGQzMWVjNzZlMGI3LWI4MTQ0NTA4LTcxYWExMDkw {"name":"operations/cHJvamVjdHMvcHJvbXB0LWJhdHRsZS1jNWU2YS9sb2NhdGlvbnMvdXMtY2VudHJhbDEvb3BlcmF0aW9ucy9vcGVyYXRpb24tMTc3MzcyNjY3NjIxMy02NGQzMWVjNzZlMGI3LWI4MTQ0NTA4LTcxYWExMDkw","metadata":{"@type":"type.googleapis.com/google.cloud.functions.v1.OperationMetadataV1","target":"projects/prompt-battle-c5e6a/locations/us-central1/functions/purchaseItem","type":"CREATE_FUNCTION","request":{"@type":"type.googleapis.com/google.cloud.functions.v1.CloudFunction","name":"projects/prompt-battle-c5e6a/locations/us-central1/functions/purchaseItem","httpsTrigger":{"securityLevel":"SECURE_ALWAYS"},"entryPoint":"purchaseItem","updateTime":"1970-01-01T00:00:00Z","labels":{"deployment-tool":"cli-firebase","firebase-functions-hash":"d4fa81547bac1ca707eb0988d534e987f547df30"},"sourceUploadUrl":"https://storage.googleapis.com/uploads-763700285092.us-central1.cloudfunctions.appspot.com/8f0a08e6-ee58-4376-90f5-a123a31d90fb.zip?GoogleAccessId=service-329010584107@gcf-admin-robot.iam.gserviceaccount.com&Expires=1773728448&Signature=wPYDBa3v9T%2BzEdJcwe58wa%2BOF31A3I8IU4soZsWOuLLq8KY6rTCw9a0Q%2FG88%2BTUOtnzfuuIvbP%2FN%2FfjWKkkMuORIKJ0FLc8yC9gEzL%2FAXEFWfeReHwGJ%2BHxGE%2FpnE4GcuYshlG86F7fKbBpidvkYKu%2BhJJ5ViD5MBrntGkTB%2BosFIV0kdqs%2FvxPh2eTY5H60WGoGozw2uSzb6OhkN7sRFd9%2FCjozGwlS3ZGtRfyaPt1YTGFEP0%2BltvBZvVSFRsNnEFh2RkhLFUl0JSY8%2FOtbL6p5D5bVQAbBbJj1bnNHXaS6VhcuLCa6NhW3pZSCaWWXXyxBEGHgHJVMOU%2FU9XbNsg%3D%3D","environmentVariables":{"FIREBASE_CONFIG":"{\"projectId\":\"prompt-battle-c5e6a\",\"databaseURL\":\"https://prompt-battle-c5e6a-default-rtdb.firebaseio.com\",\"storageBucket\":\"prompt-battle-c5e6a.firebasestorage.app\"}","GCLOUD_PROJECT":"prompt-battle-c5e6a","EVENTARC_CLOUD_EVENT_SOURCE":"projects/prompt-battle-c5e6a/locations/us-central1/functions/purchaseItem"},"runtime":"nodejs20","buildEnvironmentVariables":{"GOOGLE_NODE_RUN_SCRIPTS":""},"dockerRegistry":"ARTIFACT_REGISTRY"},"versionId":"1","updateTime":"2026-03-17T05:51:16.553843845Z"}}
[debug] [2026-03-17T05:51:18.704Z] <<< [apiv2][status] GET https://cloudfunctions.googleapis.com/v1/operations/cHJvamVjdHMvcHJvbXB0LWJhdHRsZS1jNWU2YS9sb2NhdGlvbnMvdXMtY2VudHJhbDEvb3BlcmF0aW9ucy9vcGVyYXRpb24tMTc3MzcyNjY3NjE5Mi02NGQzMWVjNzY4ZTUzLWNkMTkyZDI5LTQ2N2RkZDJj 200
[debug] [2026-03-17T05:51:18.704Z] <<< [apiv2][body] GET https://cloudfunctions.googleapis.com/v1/operations/cHJvamVjdHMvcHJvbXB0LWJhdHRsZS1jNWU2YS9sb2NhdGlvbnMvdXMtY2VudHJhbDEvb3BlcmF0aW9ucy9vcGVyYXRpb24tMTc3MzcyNjY3NjE5Mi02NGQzMWVjNzY4ZTUzLWNkMTkyZDI5LTQ2N2RkZDJj {"name":"operations/cHJvamVjdHMvcHJvbXB0LWJhdHRsZS1jNWU2YS9sb2NhdGlvbnMvdXMtY2VudHJhbDEvb3BlcmF0aW9ucy9vcGVyYXRpb24tMTc3MzcyNjY3NjE5Mi02NGQzMWVjNzY4ZTUzLWNkMTkyZDI5LTQ2N2RkZDJj","metadata":{"@type":"type.googleapis.com/google.cloud.functions.v1.OperationMetadataV1","target":"projects/prompt-battle-c5e6a/locations/us-central1/functions/claimBattlePassReward","type":"CREATE_FUNCTION","request":{"@type":"type.googleapis.com/google.cloud.functions.v1.CloudFunction","name":"projects/prompt-battle-c5e6a/locations/us-central1/functions/claimBattlePassReward","httpsTrigger":{"securityLevel":"SECURE_ALWAYS"},"entryPoint":"claimBattlePassReward","updateTime":"1970-01-01T00:00:00Z","labels":{"deployment-tool":"cli-firebase","firebase-functions-hash":"d4fa81547bac1ca707eb0988d534e987f547df30"},"sourceUploadUrl":"https://storage.googleapis.com/uploads-763700285092.us-central1.cloudfunctions.appspot.com/8f0a08e6-ee58-4376-90f5-a123a31d90fb.zip?GoogleAccessId=service-329010584107@gcf-admin-robot.iam.gserviceaccount.com&Expires=1773728448&Signature=wPYDBa3v9T%2BzEdJcwe58wa%2BOF31A3I8IU4soZsWOuLLq8KY6rTCw9a0Q%2FG88%2BTUOtnzfuuIvbP%2FN%2FfjWKkkMuORIKJ0FLc8yC9gEzL%2FAXEFWfeReHwGJ%2BHxGE%2FpnE4GcuYshlG86F7fKbBpidvkYKu%2BhJJ5ViD5MBrntGkTB%2BosFIV0kdqs%2FvxPh2eTY5H60WGoGozw2uSzb6OhkN7sRFd9%2FCjozGwlS3ZGtRfyaPt1YTGFEP0%2BltvBZvVSFRsNnEFh2RkhLFUl0JSY8%2FOtbL6p5D5bVQAbBbJj1bnNHXaS6VhcuLCa6NhW3pZSCaWWXXyxBEGHgHJVMOU%2FU9XbNsg%3D%3D","environmentVariables":{"FIREBASE_CONFIG":"{\"projectId\":\"prompt-battle-c5e6a\",\"databaseURL\":\"https://prompt-battle-c5e6a-default-rtdb.firebaseio.com\",\"storageBucket\":\"prompt-battle-c5e6a.firebasestorage.app\"}","GCLOUD_PROJECT":"prompt-battle-c5e6a","EVENTARC_CLOUD_EVENT_SOURCE":"projects/prompt-battle-c5e6a/locations/us-central1/functions/claimBattlePassReward"},"runtime":"nodejs20","buildEnvironmentVariables":{"GOOGLE_NODE_RUN_SCRIPTS":""},"dockerRegistry":"ARTIFACT_REGISTRY"},"versionId":"1","updateTime":"2026-03-17T05:51:16.539548124Z"}}
[debug] [2026-03-17T05:51:18.707Z] <<< [apiv2][status] GET https://cloudfunctions.googleapis.com/v1/operations/cHJvamVjdHMvcHJvbXB0LWJhdHRsZS1jNWU2YS9sb2NhdGlvbnMvdXMtY2VudHJhbDEvb3BlcmF0aW9ucy9vcGVyYXRpb24tMTc3MzcyNjY3NjE4Ny02NGQzMWVjNzY3N2Y5LTZmNTFlNzMxLWNmYjczZDgz 200
[debug] [2026-03-17T05:51:18.707Z] <<< [apiv2][body] GET https://cloudfunctions.googleapis.com/v1/operations/cHJvamVjdHMvcHJvbXB0LWJhdHRsZS1jNWU2YS9sb2NhdGlvbnMvdXMtY2VudHJhbDEvb3BlcmF0aW9ucy9vcGVyYXRpb24tMTc3MzcyNjY3NjE4Ny02NGQzMWVjNzY3N2Y5LTZmNTFlNzMxLWNmYjczZDgz {"name":"operations/cHJvamVjdHMvcHJvbXB0LWJhdHRsZS1jNWU2YS9sb2NhdGlvbnMvdXMtY2VudHJhbDEvb3BlcmF0aW9ucy9vcGVyYXRpb24tMTc3MzcyNjY3NjE4Ny02NGQzMWVjNzY3N2Y5LTZmNTFlNzMxLWNmYjczZDgz","metadata":{"@type":"type.googleapis.com/google.cloud.functions.v1.OperationMetadataV1","target":"projects/prompt-battle-c5e6a/locations/us-central1/functions/grantGlory","type":"CREATE_FUNCTION","request":{"@type":"type.googleapis.com/google.cloud.functions.v1.CloudFunction","name":"projects/prompt-battle-c5e6a/locations/us-central1/functions/grantGlory","httpsTrigger":{"securityLevel":"SECURE_ALWAYS"},"entryPoint":"grantGlory","updateTime":"1970-01-01T00:00:00Z","labels":{"deployment-tool":"cli-firebase","firebase-functions-hash":"d4fa81547bac1ca707eb0988d534e987f547df30"},"sourceUploadUrl":"https://storage.googleapis.com/uploads-763700285092.us-central1.cloudfunctions.appspot.com/8f0a08e6-ee58-4376-90f5-a123a31d90fb.zip?GoogleAccessId=service-329010584107@gcf-admin-robot.iam.gserviceaccount.com&Expires=1773728448&Signature=wPYDBa3v9T%2BzEdJcwe58wa%2BOF31A3I8IU4soZsWOuLLq8KY6rTCw9a0Q%2FG88%2BTUOtnzfuuIvbP%2FN%2FfjWKkkMuORIKJ0FLc8yC9gEzL%2FAXEFWfeReHwGJ%2BHxGE%2FpnE4GcuYshlG86F7fKbBpidvkYKu%2BhJJ5ViD5MBrntGkTB%2BosFIV0kdqs%2FvxPh2eTY5H60WGoGozw2uSzb6OhkN7sRFd9%2FCjozGwlS3ZGtRfyaPt1YTGFEP0%2BltvBZvVSFRsNnEFh2RkhLFUl0JSY8%2FOtbL6p5D5bVQAbBbJj1bnNHXaS6VhcuLCa6NhW3pZSCaWWXXyxBEGHgHJVMOU%2FU9XbNsg%3D%3D","environmentVariables":{"FIREBASE_CONFIG":"{\"projectId\":\"prompt-battle-c5e6a\",\"databaseURL\":\"https://prompt-battle-c5e6a-default-rtdb.firebaseio.com\",\"storageBucket\":\"prompt-battle-c5e6a.firebasestorage.app\"}","GCLOUD_PROJECT":"prompt-battle-c5e6a","EVENTARC_CLOUD_EVENT_SOURCE":"projects/prompt-battle-c5e6a/locations/us-central1/functions/grantGlory"},"runtime":"nodejs20","buildEnvironmentVariables":{"GOOGLE_NODE_RUN_SCRIPTS":""},"dockerRegistry":"ARTIFACT_REGISTRY"},"versionId":"1","updateTime":"2026-03-17T05:51:16.540514037Z"}}
[debug] [2026-03-17T05:51:18.707Z] <<< [apiv2][status] GET https://cloudfunctions.googleapis.com/v1/operations/cHJvamVjdHMvcHJvbXB0LWJhdHRsZS1jNWU2YS9sb2NhdGlvbnMvdXMtY2VudHJhbDEvb3BlcmF0aW9ucy9vcGVyYXRpb24tMTc3MzcyNjY3NjE5OC02NGQzMWVjNzZhNDM3LTdkYjUzYTQ3LWIwY2Q5YTcw 200
[debug] [2026-03-17T05:51:18.708Z] <<< [apiv2][body] GET https://cloudfunctions.googleapis.com/v1/operations/cHJvamVjdHMvcHJvbXB0LWJhdHRsZS1jNWU2YS9sb2NhdGlvbnMvdXMtY2VudHJhbDEvb3BlcmF0aW9ucy9vcGVyYXRpb24tMTc3MzcyNjY3NjE5OC02NGQzMWVjNzZhNDM3LTdkYjUzYTQ3LWIwY2Q5YTcw {"name":"operations/cHJvamVjdHMvcHJvbXB0LWJhdHRsZS1jNWU2YS9sb2NhdGlvbnMvdXMtY2VudHJhbDEvb3BlcmF0aW9ucy9vcGVyYXRpb24tMTc3MzcyNjY3NjE5OC02NGQzMWVjNzZhNDM3LTdkYjUzYTQ3LWIwY2Q5YTcw","metadata":{"@type":"type.googleapis.com/google.cloud.functions.v1.OperationMetadataV1","target":"projects/prompt-battle-c5e6a/locations/us-central1/functions/purchaseBattlePass","type":"CREATE_FUNCTION","request":{"@type":"type.googleapis.com/google.cloud.functions.v1.CloudFunction","name":"projects/prompt-battle-c5e6a/locations/us-central1/functions/purchaseBattlePass","httpsTrigger":{"securityLevel":"SECURE_ALWAYS"},"entryPoint":"purchaseBattlePass","updateTime":"1970-01-01T00:00:00Z","labels":{"deployment-tool":"cli-firebase","firebase-functions-hash":"d4fa81547bac1ca707eb0988d534e987f547df30"},"sourceUploadUrl":"https://storage.googleapis.com/uploads-763700285092.us-central1.cloudfunctions.appspot.com/8f0a08e6-ee58-4376-90f5-a123a31d90fb.zip?GoogleAccessId=service-329010584107@gcf-admin-robot.iam.gserviceaccount.com&Expires=1773728448&Signature=wPYDBa3v9T%2BzEdJcwe58wa%2BOF31A3I8IU4soZsWOuLLq8KY6rTCw9a0Q%2FG88%2BTUOtnzfuuIvbP%2FN%2FfjWKkkMuORIKJ0FLc8yC9gEzL%2FAXEFWfeReHwGJ%2BHxGE%2FpnE4GcuYshlG86F7fKbBpidvkYKu%2BhJJ5ViD5MBrntGkTB%2BosFIV0kdqs%2FvxPh2eTY5H60WGoGozw2uSzb6OhkN7sRFd9%2FCjozGwlS3ZGtRfyaPt1YTGFEP0%2BltvBZvVSFRsNnEFh2RkhLFUl0JSY8%2FOtbL6p5D5bVQAbBbJj1bnNHXaS6VhcuLCa6NhW3pZSCaWWXXyxBEGHgHJVMOU%2FU9XbNsg%3D%3D","environmentVariables":{"FIREBASE_CONFIG":"{\"projectId\":\"prompt-battle-c5e6a\",\"databaseURL\":\"https://prompt-battle-c5e6a-default-rtdb.firebaseio.com\",\"storageBucket\":\"prompt-battle-c5e6a.firebasestorage.app\"}","GCLOUD_PROJECT":"prompt-battle-c5e6a","EVENTARC_CLOUD_EVENT_SOURCE":"projects/prompt-battle-c5e6a/locations/us-central1/functions/purchaseBattlePass"},"runtime":"nodejs20","buildEnvironmentVariables":{"GOOGLE_NODE_RUN_SCRIPTS":""},"dockerRegistry":"ARTIFACT_REGISTRY"},"versionId":"1","updateTime":"2026-03-17T05:51:16.530765237Z"}}
[debug] [2026-03-17T05:51:18.713Z] <<< [apiv2][status] GET https://cloudfunctions.googleapis.com/v1/operations/cHJvamVjdHMvcHJvbXB0LWJhdHRsZS1jNWU2YS9sb2NhdGlvbnMvdXMtY2VudHJhbDEvb3BlcmF0aW9ucy9vcGVyYXRpb24tMTc3MzcyNjY3NjE5NC02NGQzMWVjNzY5NDc3LWE2ZWY0MGE1LWZhYTg3YjBm 200
[debug] [2026-03-17T05:51:18.713Z] <<< [apiv2][body] GET https://cloudfunctions.googleapis.com/v1/operations/cHJvamVjdHMvcHJvbXB0LWJhdHRsZS1jNWU2YS9sb2NhdGlvbnMvdXMtY2VudHJhbDEvb3BlcmF0aW9ucy9vcGVyYXRpb24tMTc3MzcyNjY3NjE5NC02NGQzMWVjNzY5NDc3LWE2ZWY0MGE1LWZhYTg3YjBm {"name":"operations/cHJvamVjdHMvcHJvbXB0LWJhdHRsZS1jNWU2YS9sb2NhdGlvbnMvdXMtY2VudHJhbDEvb3BlcmF0aW9ucy9vcGVyYXRpb24tMTc3MzcyNjY3NjE5NC02NGQzMWVjNzY5NDc3LWE2ZWY0MGE1LWZhYTg3YjBm","metadata":{"@type":"type.googleapis.com/google.cloud.functions.v1.OperationMetadataV1","target":"projects/prompt-battle-c5e6a/locations/us-central1/functions/redeemItchKey","type":"CREATE_FUNCTION","request":{"@type":"type.googleapis.com/google.cloud.functions.v1.CloudFunction","name":"projects/prompt-battle-c5e6a/locations/us-central1/functions/redeemItchKey","httpsTrigger":{"securityLevel":"SECURE_ALWAYS"},"entryPoint":"redeemItchKey","updateTime":"1970-01-01T00:00:00Z","labels":{"deployment-tool":"cli-firebase","firebase-functions-hash":"d4fa81547bac1ca707eb0988d534e987f547df30"},"sourceUploadUrl":"https://storage.googleapis.com/uploads-763700285092.us-central1.cloudfunctions.appspot.com/8f0a08e6-ee58-4376-90f5-a123a31d90fb.zip?GoogleAccessId=service-329010584107@gcf-admin-robot.iam.gserviceaccount.com&Expires=1773728448&Signature=wPYDBa3v9T%2BzEdJcwe58wa%2BOF31A3I8IU4soZsWOuLLq8KY6rTCw9a0Q%2FG88%2BTUOtnzfuuIvbP%2FN%2FfjWKkkMuORIKJ0FLc8yC9gEzL%2FAXEFWfeReHwGJ%2BHxGE%2FpnE4GcuYshlG86F7fKbBpidvkYKu%2BhJJ5ViD5MBrntGkTB%2BosFIV0kdqs%2FvxPh2eTY5H60WGoGozw2uSzb6OhkN7sRFd9%2FCjozGwlS3ZGtRfyaPt1YTGFEP0%2BltvBZvVSFRsNnEFh2RkhLFUl0JSY8%2FOtbL6p5D5bVQAbBbJj1bnNHXaS6VhcuLCa6NhW3pZSCaWWXXyxBEGHgHJVMOU%2FU9XbNsg%3D%3D","environmentVariables":{"FIREBASE_CONFIG":"{\"projectId\":\"prompt-battle-c5e6a\",\"databaseURL\":\"https://prompt-battle-c5e6a-default-rtdb.firebaseio.com\",\"storageBucket\":\"prompt-battle-c5e6a.firebasestorage.app\"}","GCLOUD_PROJECT":"prompt-battle-c5e6a","EVENTARC_CLOUD_EVENT_SOURCE":"projects/prompt-battle-c5e6a/locations/us-central1/functions/redeemItchKey"},"runtime":"nodejs20","buildEnvironmentVariables":{"GOOGLE_NODE_RUN_SCRIPTS":""},"dockerRegistry":"ARTIFACT_REGISTRY"},"versionId":"1","updateTime":"2026-03-17T05:51:16.544539883Z"}}
[debug] [2026-03-17T05:51:18.713Z] <<< [apiv2][status] GET https://cloudfunctions.googleapis.com/v1/operations/cHJvamVjdHMvcHJvbXB0LWJhdHRsZS1jNWU2YS9sb2NhdGlvbnMvdXMtY2VudHJhbDEvb3BlcmF0aW9ucy9vcGVyYXRpb24tMTc3MzcyNjY3NjE5Ny02NGQzMWVjNzZhMWI4LTFhNDVhMDVkLTI3Y2NmN2Ji 200
[debug] [2026-03-17T05:51:18.714Z] <<< [apiv2][body] GET https://cloudfunctions.googleapis.com/v1/operations/cHJvamVjdHMvcHJvbXB0LWJhdHRsZS1jNWU2YS9sb2NhdGlvbnMvdXMtY2VudHJhbDEvb3BlcmF0aW9ucy9vcGVyYXRpb24tMTc3MzcyNjY3NjE5Ny02NGQzMWVjNzZhMWI4LTFhNDVhMDVkLTI3Y2NmN2Ji {"name":"operations/cHJvamVjdHMvcHJvbXB0LWJhdHRsZS1jNWU2YS9sb2NhdGlvbnMvdXMtY2VudHJhbDEvb3BlcmF0aW9ucy9vcGVyYXRpb24tMTc3MzcyNjY3NjE5Ny02NGQzMWVjNzZhMWI4LTFhNDVhMDVkLTI3Y2NmN2Ji","metadata":{"@type":"type.googleapis.com/google.cloud.functions.v1.OperationMetadataV1","target":"projects/prompt-battle-c5e6a/locations/us-central1/functions/itchAppAuth","type":"CREATE_FUNCTION","request":{"@type":"type.googleapis.com/google.cloud.functions.v1.CloudFunction","name":"projects/prompt-battle-c5e6a/locations/us-central1/functions/itchAppAuth","httpsTrigger":{"securityLevel":"SECURE_ALWAYS"},"entryPoint":"itchAppAuth","updateTime":"1970-01-01T00:00:00Z","labels":{"deployment-tool":"cli-firebase","firebase-functions-hash":"d4fa81547bac1ca707eb0988d534e987f547df30"},"sourceUploadUrl":"https://storage.googleapis.com/uploads-763700285092.us-central1.cloudfunctions.appspot.com/8f0a08e6-ee58-4376-90f5-a123a31d90fb.zip?GoogleAccessId=service-329010584107@gcf-admin-robot.iam.gserviceaccount.com&Expires=1773728448&Signature=wPYDBa3v9T%2BzEdJcwe58wa%2BOF31A3I8IU4soZsWOuLLq8KY6rTCw9a0Q%2FG88%2BTUOtnzfuuIvbP%2FN%2FfjWKkkMuORIKJ0FLc8yC9gEzL%2FAXEFWfeReHwGJ%2BHxGE%2FpnE4GcuYshlG86F7fKbBpidvkYKu%2BhJJ5ViD5MBrntGkTB%2BosFIV0kdqs%2FvxPh2eTY5H60WGoGozw2uSzb6OhkN7sRFd9%2FCjozGwlS3ZGtRfyaPt1YTGFEP0%2BltvBZvVSFRsNnEFh2RkhLFUl0JSY8%2FOtbL6p5D5bVQAbBbJj1bnNHXaS6VhcuLCa6NhW3pZSCaWWXXyxBEGHgHJVMOU%2FU9XbNsg%3D%3D","environmentVariables":{"FIREBASE_CONFIG":"{\"projectId\":\"prompt-battle-c5e6a\",\"databaseURL\":\"https://prompt-battle-c5e6a-default-rtdb.firebaseio.com\",\"storageBucket\":\"prompt-battle-c5e6a.firebasestorage.app\"}","GCLOUD_PROJECT":"prompt-battle-c5e6a","EVENTARC_CLOUD_EVENT_SOURCE":"projects/prompt-battle-c5e6a/locations/us-central1/functions/itchAppAuth"},"runtime":"nodejs20","buildEnvironmentVariables":{"GOOGLE_NODE_RUN_SCRIPTS":""},"dockerRegistry":"ARTIFACT_REGISTRY"},"versionId":"1","updateTime":"2026-03-17T05:51:16.522093481Z"}}
[debug] [2026-03-17T05:51:18.719Z] <<< [apiv2][status] GET https://cloudfunctions.googleapis.com/v1/operations/cHJvamVjdHMvcHJvbXB0LWJhdHRsZS1jNWU2YS9sb2NhdGlvbnMvdXMtY2VudHJhbDEvb3BlcmF0aW9ucy9vcGVyYXRpb24tMTc3MzcyNjY3NjIxNy02NGQzMWVjNzZlZjI4LWU1MWQ2Mzk1LTYwZjNmZjhj 200
[debug] [2026-03-17T05:51:18.719Z] <<< [apiv2][body] GET https://cloudfunctions.googleapis.com/v1/operations/cHJvamVjdHMvcHJvbXB0LWJhdHRsZS1jNWU2YS9sb2NhdGlvbnMvdXMtY2VudHJhbDEvb3BlcmF0aW9ucy9vcGVyYXRpb24tMTc3MzcyNjY3NjIxNy02NGQzMWVjNzZlZjI4LWU1MWQ2Mzk1LTYwZjNmZjhj {"name":"operations/cHJvamVjdHMvcHJvbXB0LWJhdHRsZS1jNWU2YS9sb2NhdGlvbnMvdXMtY2VudHJhbDEvb3BlcmF0aW9ucy9vcGVyYXRpb24tMTc3MzcyNjY3NjIxNy02NGQzMWVjNzZlZjI4LWU1MWQ2Mzk1LTYwZjNmZjhj","metadata":{"@type":"type.googleapis.com/google.cloud.functions.v1.OperationMetadataV1","target":"projects/prompt-battle-c5e6a/locations/us-central1/functions/onPlayerJoinQueue","type":"CREATE_FUNCTION","request":{"@type":"type.googleapis.com/google.cloud.functions.v1.CloudFunction","name":"projects/prompt-battle-c5e6a/locations/us-central1/functions/onPlayerJoinQueue","eventTrigger":{"eventType":"providers/google.firebase.database/eventTypes/ref.create","resource":"projects/_/instances/prompt-battle-c5e6a-default-rtdb/refs/matchmaking/queue/{playerId}","failurePolicy":{}},"entryPoint":"onPlayerJoinQueue","updateTime":"1970-01-01T00:00:00Z","labels":{"deployment-tool":"cli-firebase","firebase-functions-hash":"d4fa81547bac1ca707eb0988d534e987f547df30"},"sourceUploadUrl":"https://storage.googleapis.com/uploads-763700285092.us-central1.cloudfunctions.appspot.com/8f0a08e6-ee58-4376-90f5-a123a31d90fb.zip?GoogleAccessId=service-329010584107@gcf-admin-robot.iam.gserviceaccount.com&Expires=1773728448&Signature=wPYDBa3v9T%2BzEdJcwe58wa%2BOF31A3I8IU4soZsWOuLLq8KY6rTCw9a0Q%2FG88%2BTUOtnzfuuIvbP%2FN%2FfjWKkkMuORIKJ0FLc8yC9gEzL%2FAXEFWfeReHwGJ%2BHxGE%2FpnE4GcuYshlG86F7fKbBpidvkYKu%2BhJJ5ViD5MBrntGkTB%2BosFIV0kdqs%2FvxPh2eTY5H60WGoGozw2uSzb6OhkN7sRFd9%2FCjozGwlS3ZGtRfyaPt1YTGFEP0%2BltvBZvVSFRsNnEFh2RkhLFUl0JSY8%2FOtbL6p5D5bVQAbBbJj1bnNHXaS6VhcuLCa6NhW3pZSCaWWXXyxBEGHgHJVMOU%2FU9XbNsg%3D%3D","environmentVariables":{"FIREBASE_CONFIG":"{\"projectId\":\"prompt-battle-c5e6a\",\"databaseURL\":\"https://prompt-battle-c5e6a-default-rtdb.firebaseio.com\",\"storageBucket\":\"prompt-battle-c5e6a.firebasestorage.app\"}","GCLOUD_PROJECT":"prompt-battle-c5e6a","EVENTARC_CLOUD_EVENT_SOURCE":"projects/prompt-battle-c5e6a/locations/us-central1/functions/onPlayerJoinQueue"},"runtime":"nodejs20","buildEnvironmentVariables":{"GOOGLE_NODE_RUN_SCRIPTS":""},"dockerRegistry":"ARTIFACT_REGISTRY"},"versionId":"1","updateTime":"2026-03-17T05:51:16.524092895Z"}}
[debug] [2026-03-17T05:51:18.720Z] <<< [apiv2][status] GET https://cloudfunctions.googleapis.com/v1/operations/cHJvamVjdHMvcHJvbXB0LWJhdHRsZS1jNWU2YS9sb2NhdGlvbnMvdXMtY2VudHJhbDEvb3BlcmF0aW9ucy9vcGVyYXRpb24tMTc3MzcyNjY3NjIxOS02NGQzMWVjNzZmNGViLTAyZGExNjEwLTBmNzE3NmMx 200
[debug] [2026-03-17T05:51:18.720Z] <<< [apiv2][body] GET https://cloudfunctions.googleapis.com/v1/operations/cHJvamVjdHMvcHJvbXB0LWJhdHRsZS1jNWU2YS9sb2NhdGlvbnMvdXMtY2VudHJhbDEvb3BlcmF0aW9ucy9vcGVyYXRpb24tMTc3MzcyNjY3NjIxOS02NGQzMWVjNzZmNGViLTAyZGExNjEwLTBmNzE3NmMx {"name":"operations/cHJvamVjdHMvcHJvbXB0LWJhdHRsZS1jNWU2YS9sb2NhdGlvbnMvdXMtY2VudHJhbDEvb3BlcmF0aW9ucy9vcGVyYXRpb24tMTc3MzcyNjY3NjIxOS02NGQzMWVjNzZmNGViLTAyZGExNjEwLTBmNzE3NmMx","metadata":{"@type":"type.googleapis.com/google.cloud.functions.v1.OperationMetadataV1","target":"projects/prompt-battle-c5e6a/locations/us-central1/functions/adminGrantItems","type":"CREATE_FUNCTION","request":{"@type":"type.googleapis.com/google.cloud.functions.v1.CloudFunction","name":"projects/prompt-battle-c5e6a/locations/us-central1/functions/adminGrantItems","httpsTrigger":{"securityLevel":"SECURE_ALWAYS"},"entryPoint":"adminGrantItems","updateTime":"1970-01-01T00:00:00Z","labels":{"deployment-tool":"cli-firebase","firebase-functions-hash":"d4fa81547bac1ca707eb0988d534e987f547df30"},"sourceUploadUrl":"https://storage.googleapis.com/uploads-763700285092.us-central1.cloudfunctions.appspot.com/8f0a08e6-ee58-4376-90f5-a123a31d90fb.zip?GoogleAccessId=service-329010584107@gcf-admin-robot.iam.gserviceaccount.com&Expires=1773728448&Signature=wPYDBa3v9T%2BzEdJcwe58wa%2BOF31A3I8IU4soZsWOuLLq8KY6rTCw9a0Q%2FG88%2BTUOtnzfuuIvbP%2FN%2FfjWKkkMuORIKJ0FLc8yC9gEzL%2FAXEFWfeReHwGJ%2BHxGE%2FpnE4GcuYshlG86F7fKbBpidvkYKu%2BhJJ5ViD5MBrntGkTB%2BosFIV0kdqs%2FvxPh2eTY5H60WGoGozw2uSzb6OhkN7sRFd9%2FCjozGwlS3ZGtRfyaPt1YTGFEP0%2BltvBZvVSFRsNnEFh2RkhLFUl0JSY8%2FOtbL6p5D5bVQAbBbJj1bnNHXaS6VhcuLCa6NhW3pZSCaWWXXyxBEGHgHJVMOU%2FU9XbNsg%3D%3D","environmentVariables":{"FIREBASE_CONFIG":"{\"projectId\":\"prompt-battle-c5e6a\",\"databaseURL\":\"https://prompt-battle-c5e6a-default-rtdb.firebaseio.com\",\"storageBucket\":\"prompt-battle-c5e6a.firebasestorage.app\"}","GCLOUD_PROJECT":"prompt-battle-c5e6a","EVENTARC_CLOUD_EVENT_SOURCE":"projects/prompt-battle-c5e6a/locations/us-central1/functions/adminGrantItems"},"runtime":"nodejs20","buildEnvironmentVariables":{"GOOGLE_NODE_RUN_SCRIPTS":""},"dockerRegistry":"ARTIFACT_REGISTRY"},"versionId":"1","updateTime":"2026-03-17T05:51:16.534572298Z"}}
[debug] [2026-03-17T05:51:18.727Z] <<< [apiv2][status] GET https://cloudfunctions.googleapis.com/v1/operations/cHJvamVjdHMvcHJvbXB0LWJhdHRsZS1jNWU2YS9sb2NhdGlvbnMvdXMtY2VudHJhbDEvb3BlcmF0aW9ucy9vcGVyYXRpb24tMTc3MzcyNjY3NjIwMi02NGQzMWVjNzZiNWYwLTE4YTQxYWRhLTU1ZmU5NmVk 200
[debug] [2026-03-17T05:51:18.727Z] <<< [apiv2][body] GET https://cloudfunctions.googleapis.com/v1/operations/cHJvamVjdHMvcHJvbXB0LWJhdHRsZS1jNWU2YS9sb2NhdGlvbnMvdXMtY2VudHJhbDEvb3BlcmF0aW9ucy9vcGVyYXRpb24tMTc3MzcyNjY3NjIwMi02NGQzMWVjNzZiNWYwLTE4YTQxYWRhLTU1ZmU5NmVk {"name":"operations/cHJvamVjdHMvcHJvbXB0LWJhdHRsZS1jNWU2YS9sb2NhdGlvbnMvdXMtY2VudHJhbDEvb3BlcmF0aW9ucy9vcGVyYXRpb24tMTc3MzcyNjY3NjIwMi02NGQzMWVjNzZiNWYwLTE4YTQxYWRhLTU1ZmU5NmVk","metadata":{"@type":"type.googleapis.com/google.cloud.functions.v1.OperationMetadataV1","target":"projects/prompt-battle-c5e6a/locations/us-central1/functions/itchOAuthCallback","type":"CREATE_FUNCTION","request":{"@type":"type.googleapis.com/google.cloud.functions.v1.CloudFunction","name":"projects/prompt-battle-c5e6a/locations/us-central1/functions/itchOAuthCallback","httpsTrigger":{"securityLevel":"SECURE_ALWAYS"},"entryPoint":"itchOAuthCallback","updateTime":"1970-01-01T00:00:00Z","labels":{"deployment-tool":"cli-firebase","firebase-functions-hash":"d4fa81547bac1ca707eb0988d534e987f547df30"},"sourceUploadUrl":"https://storage.googleapis.com/uploads-763700285092.us-central1.cloudfunctions.appspot.com/8f0a08e6-ee58-4376-90f5-a123a31d90fb.zip?GoogleAccessId=service-329010584107@gcf-admin-robot.iam.gserviceaccount.com&Expires=1773728448&Signature=wPYDBa3v9T%2BzEdJcwe58wa%2BOF31A3I8IU4soZsWOuLLq8KY6rTCw9a0Q%2FG88%2BTUOtnzfuuIvbP%2FN%2FfjWKkkMuORIKJ0FLc8yC9gEzL%2FAXEFWfeReHwGJ%2BHxGE%2FpnE4GcuYshlG86F7fKbBpidvkYKu%2BhJJ5ViD5MBrntGkTB%2BosFIV0kdqs%2FvxPh2eTY5H60WGoGozw2uSzb6OhkN7sRFd9%2FCjozGwlS3ZGtRfyaPt1YTGFEP0%2BltvBZvVSFRsNnEFh2RkhLFUl0JSY8%2FOtbL6p5D5bVQAbBbJj1bnNHXaS6VhcuLCa6NhW3pZSCaWWXXyxBEGHgHJVMOU%2FU9XbNsg%3D%3D","environmentVariables":{"FIREBASE_CONFIG":"{\"projectId\":\"prompt-battle-c5e6a\",\"databaseURL\":\"https://prompt-battle-c5e6a-default-rtdb.firebaseio.com\",\"storageBucket\":\"prompt-battle-c5e6a.firebasestorage.app\"}","GCLOUD_PROJECT":"prompt-battle-c5e6a","EVENTARC_CLOUD_EVENT_SOURCE":"projects/prompt-battle-c5e6a/locations/us-central1/functions/itchOAuthCallback"},"runtime":"nodejs20","buildEnvironmentVariables":{"GOOGLE_NODE_RUN_SCRIPTS":""},"dockerRegistry":"ARTIFACT_REGISTRY"},"versionId":"1","updateTime":"2026-03-17T05:51:16.542322036Z"}}
[debug] [2026-03-17T05:51:20.624Z] [create-default-us-central1-grantBattlePassXp] Retrying task index 0
[debug] [2026-03-17T05:51:20.624Z] Checked if tokens are valid: true, expires at: 1773729535384
[debug] [2026-03-17T05:51:20.624Z] Checked if tokens are valid: true, expires at: 1773729535384
[debug] [2026-03-17T05:51:20.625Z] >>> [apiv2][query] GET https://cloudfunctions.googleapis.com/v1/operations/cHJvamVjdHMvcHJvbXB0LWJhdHRsZS1jNWU2YS9sb2NhdGlvbnMvdXMtY2VudHJhbDEvb3BlcmF0aW9ucy9vcGVyYXRpb24tMTc3MzcyNjY3NjIxNy02NGQzMWVjNzZlZDA2LTRlNzZlOTc0LWQ1NGViOTUx [none]
[debug] [2026-03-17T05:51:20.625Z] [create-default-us-central1-squareWebhook] Retrying task index 0
[debug] [2026-03-17T05:51:20.625Z] Checked if tokens are valid: true, expires at: 1773729535384
[debug] [2026-03-17T05:51:20.625Z] Checked if tokens are valid: true, expires at: 1773729535384
[debug] [2026-03-17T05:51:20.625Z] >>> [apiv2][query] GET https://cloudfunctions.googleapis.com/v1/operations/cHJvamVjdHMvcHJvbXB0LWJhdHRsZS1jNWU2YS9sb2NhdGlvbnMvdXMtY2VudHJhbDEvb3BlcmF0aW9ucy9vcGVyYXRpb24tMTc3MzcyNjY3NjE5MS02NGQzMWVjNzY4YTQ2LTAzZDEwMTg0LTVhODc0ZmFm [none]
[debug] [2026-03-17T05:51:20.671Z] [create-default-us-central1-completePayment] Retrying task index 0
[debug] [2026-03-17T05:51:20.672Z] Checked if tokens are valid: true, expires at: 1773729535384
[debug] [2026-03-17T05:51:20.673Z] Checked if tokens are valid: true, expires at: 1773729535384
[debug] [2026-03-17T05:51:20.673Z] >>> [apiv2][query] GET https://cloudfunctions.googleapis.com/v1/operations/cHJvamVjdHMvcHJvbXB0LWJhdHRsZS1jNWU2YS9sb2NhdGlvbnMvdXMtY2VudHJhbDEvb3BlcmF0aW9ucy9vcGVyYXRpb24tMTc3MzcyNjY3NjE2Mi02NGQzMWVjNzYxOGQ1LTA4ZTRkYjMyLTY1NWNhZjNh [none]
[debug] [2026-03-17T05:51:20.675Z] [create-default-us-central1-grantXp] Retrying task index 0
[debug] [2026-03-17T05:51:20.675Z] Checked if tokens are valid: true, expires at: 1773729535384
[debug] [2026-03-17T05:51:20.675Z] Checked if tokens are valid: true, expires at: 1773729535384
[debug] [2026-03-17T05:51:20.675Z] >>> [apiv2][query] GET https://cloudfunctions.googleapis.com/v1/operations/cHJvamVjdHMvcHJvbXB0LWJhdHRsZS1jNWU2YS9sb2NhdGlvbnMvdXMtY2VudHJhbDEvb3BlcmF0aW9ucy9vcGVyYXRpb24tMTc3MzcyNjY3NjIwMC02NGQzMWVjNzZhYjcyLWY4ZjEyNjc4LWFlOWVmNDJm [none]
[debug] [2026-03-17T05:51:20.686Z] [create-default-us-central1-processPlayerCommand] Retrying task index 0
[debug] [2026-03-17T05:51:20.687Z] Checked if tokens are valid: true, expires at: 1773729535384
[debug] [2026-03-17T05:51:20.687Z] Checked if tokens are valid: true, expires at: 1773729535384
[debug] [2026-03-17T05:51:20.687Z] >>> [apiv2][query] GET https://cloudfunctions.googleapis.com/v1/operations/cHJvamVjdHMvcHJvbXB0LWJhdHRsZS1jNWU2YS9sb2NhdGlvbnMvdXMtY2VudHJhbDEvb3BlcmF0aW9ucy9vcGVyYXRpb24tMTc3MzcyNjY3NjE5Mi02NGQzMWVjNzY4ZGMxLWFmMDgwOGZlLTFkZDMxOGVk [none]
[debug] [2026-03-17T05:51:20.717Z] [create-default-us-central1-purchaseItem] Retrying task index 0
[debug] [2026-03-17T05:51:20.717Z] Checked if tokens are valid: true, expires at: 1773729535384
[debug] [2026-03-17T05:51:20.717Z] Checked if tokens are valid: true, expires at: 1773729535384
[debug] [2026-03-17T05:51:20.718Z] >>> [apiv2][query] GET https://cloudfunctions.googleapis.com/v1/operations/cHJvamVjdHMvcHJvbXB0LWJhdHRsZS1jNWU2YS9sb2NhdGlvbnMvdXMtY2VudHJhbDEvb3BlcmF0aW9ucy9vcGVyYXRpb24tMTc3MzcyNjY3NjIxMy02NGQzMWVjNzZlMGI3LWI4MTQ0NTA4LTcxYWExMDkw [none]
[debug] [2026-03-17T05:51:20.718Z] [create-default-us-central1-claimBattlePassReward] Retrying task index 0
[debug] [2026-03-17T05:51:20.718Z] Checked if tokens are valid: true, expires at: 1773729535384
[debug] [2026-03-17T05:51:20.718Z] Checked if tokens are valid: true, expires at: 1773729535384
[debug] [2026-03-17T05:51:20.718Z] >>> [apiv2][query] GET https://cloudfunctions.googleapis.com/v1/operations/cHJvamVjdHMvcHJvbXB0LWJhdHRsZS1jNWU2YS9sb2NhdGlvbnMvdXMtY2VudHJhbDEvb3BlcmF0aW9ucy9vcGVyYXRpb24tMTc3MzcyNjY3NjE5Mi02NGQzMWVjNzY4ZTUzLWNkMTkyZDI5LTQ2N2RkZDJj [none]
[debug] [2026-03-17T05:51:20.718Z] [create-default-us-central1-grantGlory] Retrying task index 0
[debug] [2026-03-17T05:51:20.718Z] Checked if tokens are valid: true, expires at: 1773729535384
[debug] [2026-03-17T05:51:20.719Z] Checked if tokens are valid: true, expires at: 1773729535384
[debug] [2026-03-17T05:51:20.719Z] >>> [apiv2][query] GET https://cloudfunctions.googleapis.com/v1/operations/cHJvamVjdHMvcHJvbXB0LWJhdHRsZS1jNWU2YS9sb2NhdGlvbnMvdXMtY2VudHJhbDEvb3BlcmF0aW9ucy9vcGVyYXRpb24tMTc3MzcyNjY3NjE4Ny02NGQzMWVjNzY3N2Y5LTZmNTFlNzMxLWNmYjczZDgz [none]
[debug] [2026-03-17T05:51:20.719Z] [create-default-us-central1-purchaseBattlePass] Retrying task index 0
[debug] [2026-03-17T05:51:20.719Z] Checked if tokens are valid: true, expires at: 1773729535384
[debug] [2026-03-17T05:51:20.719Z] Checked if tokens are valid: true, expires at: 1773729535384
[debug] [2026-03-17T05:51:20.719Z] >>> [apiv2][query] GET https://cloudfunctions.googleapis.com/v1/operations/cHJvamVjdHMvcHJvbXB0LWJhdHRsZS1jNWU2YS9sb2NhdGlvbnMvdXMtY2VudHJhbDEvb3BlcmF0aW9ucy9vcGVyYXRpb24tMTc3MzcyNjY3NjE5OC02NGQzMWVjNzZhNDM3LTdkYjUzYTQ3LWIwY2Q5YTcw [none]
[debug] [2026-03-17T05:51:20.719Z] [create-default-us-central1-redeemItchKey] Retrying task index 0
[debug] [2026-03-17T05:51:20.719Z] Checked if tokens are valid: true, expires at: 1773729535384
[debug] [2026-03-17T05:51:20.719Z] Checked if tokens are valid: true, expires at: 1773729535384
[debug] [2026-03-17T05:51:20.720Z] >>> [apiv2][query] GET https://cloudfunctions.googleapis.com/v1/operations/cHJvamVjdHMvcHJvbXB0LWJhdHRsZS1jNWU2YS9sb2NhdGlvbnMvdXMtY2VudHJhbDEvb3BlcmF0aW9ucy9vcGVyYXRpb24tMTc3MzcyNjY3NjE5NC02NGQzMWVjNzY5NDc3LWE2ZWY0MGE1LWZhYTg3YjBm [none]
[debug] [2026-03-17T05:51:20.720Z] [create-default-us-central1-itchAppAuth] Retrying task index 0
[debug] [2026-03-17T05:51:20.720Z] Checked if tokens are valid: true, expires at: 1773729535384
[debug] [2026-03-17T05:51:20.720Z] Checked if tokens are valid: true, expires at: 1773729535384
[debug] [2026-03-17T05:51:20.720Z] >>> [apiv2][query] GET https://cloudfunctions.googleapis.com/v1/operations/cHJvamVjdHMvcHJvbXB0LWJhdHRsZS1jNWU2YS9sb2NhdGlvbnMvdXMtY2VudHJhbDEvb3BlcmF0aW9ucy9vcGVyYXRpb24tMTc3MzcyNjY3NjE5Ny02NGQzMWVjNzZhMWI4LTFhNDVhMDVkLTI3Y2NmN2Ji [none]
[debug] [2026-03-17T05:51:20.720Z] [create-default-us-central1-onPlayerJoinQueue] Retrying task index 0
[debug] [2026-03-17T05:51:20.721Z] Checked if tokens are valid: true, expires at: 1773729535384
[debug] [2026-03-17T05:51:20.721Z] Checked if tokens are valid: true, expires at: 1773729535384
[debug] [2026-03-17T05:51:20.721Z] >>> [apiv2][query] GET https://cloudfunctions.googleapis.com/v1/operations/cHJvamVjdHMvcHJvbXB0LWJhdHRsZS1jNWU2YS9sb2NhdGlvbnMvdXMtY2VudHJhbDEvb3BlcmF0aW9ucy9vcGVyYXRpb24tMTc3MzcyNjY3NjIxNy02NGQzMWVjNzZlZjI4LWU1MWQ2Mzk1LTYwZjNmZjhj [none]
[debug] [2026-03-17T05:51:20.721Z] [create-default-us-central1-adminGrantItems] Retrying task index 0
[debug] [2026-03-17T05:51:20.721Z] Checked if tokens are valid: true, expires at: 1773729535384
[debug] [2026-03-17T05:51:20.721Z] Checked if tokens are valid: true, expires at: 1773729535384
[debug] [2026-03-17T05:51:20.721Z] >>> [apiv2][query] GET https://cloudfunctions.googleapis.com/v1/operations/cHJvamVjdHMvcHJvbXB0LWJhdHRsZS1jNWU2YS9sb2NhdGlvbnMvdXMtY2VudHJhbDEvb3BlcmF0aW9ucy9vcGVyYXRpb24tMTc3MzcyNjY3NjIxOS02NGQzMWVjNzZmNGViLTAyZGExNjEwLTBmNzE3NmMx [none]
[debug] [2026-03-17T05:51:20.732Z] [create-default-us-central1-itchOAuthCallback] Retrying task index 0
[debug] [2026-03-17T05:51:20.732Z] Checked if tokens are valid: true, expires at: 1773729535384
[debug] [2026-03-17T05:51:20.732Z] Checked if tokens are valid: true, expires at: 1773729535384
[debug] [2026-03-17T05:51:20.732Z] >>> [apiv2][query] GET https://cloudfunctions.googleapis.com/v1/operations/cHJvamVjdHMvcHJvbXB0LWJhdHRsZS1jNWU2YS9sb2NhdGlvbnMvdXMtY2VudHJhbDEvb3BlcmF0aW9ucy9vcGVyYXRpb24tMTc3MzcyNjY3NjIwMi02NGQzMWVjNzZiNWYwLTE4YTQxYWRhLTU1ZmU5NmVk [none]
[debug] [2026-03-17T05:51:20.751Z] <<< [apiv2][status] GET https://cloudfunctions.googleapis.com/v1/operations/cHJvamVjdHMvcHJvbXB0LWJhdHRsZS1jNWU2YS9sb2NhdGlvbnMvdXMtY2VudHJhbDEvb3BlcmF0aW9ucy9vcGVyYXRpb24tMTc3MzcyNjY3NjIxNy02NGQzMWVjNzZlZDA2LTRlNzZlOTc0LWQ1NGViOTUx 200
[debug] [2026-03-17T05:51:20.751Z] <<< [apiv2][body] GET https://cloudfunctions.googleapis.com/v1/operations/cHJvamVjdHMvcHJvbXB0LWJhdHRsZS1jNWU2YS9sb2NhdGlvbnMvdXMtY2VudHJhbDEvb3BlcmF0aW9ucy9vcGVyYXRpb24tMTc3MzcyNjY3NjIxNy02NGQzMWVjNzZlZDA2LTRlNzZlOTc0LWQ1NGViOTUx {"name":"operations/cHJvamVjdHMvcHJvbXB0LWJhdHRsZS1jNWU2YS9sb2NhdGlvbnMvdXMtY2VudHJhbDEvb3BlcmF0aW9ucy9vcGVyYXRpb24tMTc3MzcyNjY3NjIxNy02NGQzMWVjNzZlZDA2LTRlNzZlOTc0LWQ1NGViOTUx","metadata":{"@type":"type.googleapis.com/google.cloud.functions.v1.OperationMetadataV1","target":"projects/prompt-battle-c5e6a/locations/us-central1/functions/grantBattlePassXp","type":"CREATE_FUNCTION","request":{"@type":"type.googleapis.com/google.cloud.functions.v1.CloudFunction","name":"projects/prompt-battle-c5e6a/locations/us-central1/functions/grantBattlePassXp","httpsTrigger":{"securityLevel":"SECURE_ALWAYS"},"entryPoint":"grantBattlePassXp","updateTime":"1970-01-01T00:00:00Z","labels":{"deployment-tool":"cli-firebase","firebase-functions-hash":"d4fa81547bac1ca707eb0988d534e987f547df30"},"sourceUploadUrl":"https://storage.googleapis.com/uploads-763700285092.us-central1.cloudfunctions.appspot.com/8f0a08e6-ee58-4376-90f5-a123a31d90fb.zip?GoogleAccessId=service-329010584107@gcf-admin-robot.iam.gserviceaccount.com&Expires=1773728448&Signature=wPYDBa3v9T%2BzEdJcwe58wa%2BOF31A3I8IU4soZsWOuLLq8KY6rTCw9a0Q%2FG88%2BTUOtnzfuuIvbP%2FN%2FfjWKkkMuORIKJ0FLc8yC9gEzL%2FAXEFWfeReHwGJ%2BHxGE%2FpnE4GcuYshlG86F7fKbBpidvkYKu%2BhJJ5ViD5MBrntGkTB%2BosFIV0kdqs%2FvxPh2eTY5H60WGoGozw2uSzb6OhkN7sRFd9%2FCjozGwlS3ZGtRfyaPt1YTGFEP0%2BltvBZvVSFRsNnEFh2RkhLFUl0JSY8%2FOtbL6p5D5bVQAbBbJj1bnNHXaS6VhcuLCa6NhW3pZSCaWWXXyxBEGHgHJVMOU%2FU9XbNsg%3D%3D","environmentVariables":{"FIREBASE_CONFIG":"{\"projectId\":\"prompt-battle-c5e6a\",\"databaseURL\":\"https://prompt-battle-c5e6a-default-rtdb.firebaseio.com\",\"storageBucket\":\"prompt-battle-c5e6a.firebasestorage.app\"}","GCLOUD_PROJECT":"prompt-battle-c5e6a","EVENTARC_CLOUD_EVENT_SOURCE":"projects/prompt-battle-c5e6a/locations/us-central1/functions/grantBattlePassXp"},"runtime":"nodejs20","buildEnvironmentVariables":{"GOOGLE_NODE_RUN_SCRIPTS":""},"dockerRegistry":"ARTIFACT_REGISTRY"},"versionId":"1","updateTime":"2026-03-17T05:51:16.533404027Z","buildId":"358f9f43-30dd-40b2-987b-87318dc75c35","buildName":"projects/329010584107/locations/us-central1/builds/358f9f43-30dd-40b2-987b-87318dc75c35"}}
[debug] [2026-03-17T05:51:20.765Z] <<< [apiv2][status] GET https://cloudfunctions.googleapis.com/v1/operations/cHJvamVjdHMvcHJvbXB0LWJhdHRsZS1jNWU2YS9sb2NhdGlvbnMvdXMtY2VudHJhbDEvb3BlcmF0aW9ucy9vcGVyYXRpb24tMTc3MzcyNjY3NjE5MS02NGQzMWVjNzY4YTQ2LTAzZDEwMTg0LTVhODc0ZmFm 200
[debug] [2026-03-17T05:51:20.765Z] <<< [apiv2][body] GET https://cloudfunctions.googleapis.com/v1/operations/cHJvamVjdHMvcHJvbXB0LWJhdHRsZS1jNWU2YS9sb2NhdGlvbnMvdXMtY2VudHJhbDEvb3BlcmF0aW9ucy9vcGVyYXRpb24tMTc3MzcyNjY3NjE5MS02NGQzMWVjNzY4YTQ2LTAzZDEwMTg0LTVhODc0ZmFm {"name":"operations/cHJvamVjdHMvcHJvbXB0LWJhdHRsZS1jNWU2YS9sb2NhdGlvbnMvdXMtY2VudHJhbDEvb3BlcmF0aW9ucy9vcGVyYXRpb24tMTc3MzcyNjY3NjE5MS02NGQzMWVjNzY4YTQ2LTAzZDEwMTg0LTVhODc0ZmFm","metadata":{"@type":"type.googleapis.com/google.cloud.functions.v1.OperationMetadataV1","target":"projects/prompt-battle-c5e6a/locations/us-central1/functions/squareWebhook","type":"CREATE_FUNCTION","request":{"@type":"type.googleapis.com/google.cloud.functions.v1.CloudFunction","name":"projects/prompt-battle-c5e6a/locations/us-central1/functions/squareWebhook","httpsTrigger":{"securityLevel":"SECURE_ALWAYS"},"entryPoint":"squareWebhook","updateTime":"1970-01-01T00:00:00Z","labels":{"deployment-tool":"cli-firebase","firebase-functions-hash":"d4fa81547bac1ca707eb0988d534e987f547df30"},"sourceUploadUrl":"https://storage.googleapis.com/uploads-763700285092.us-central1.cloudfunctions.appspot.com/8f0a08e6-ee58-4376-90f5-a123a31d90fb.zip?GoogleAccessId=service-329010584107@gcf-admin-robot.iam.gserviceaccount.com&Expires=1773728448&Signature=wPYDBa3v9T%2BzEdJcwe58wa%2BOF31A3I8IU4soZsWOuLLq8KY6rTCw9a0Q%2FG88%2BTUOtnzfuuIvbP%2FN%2FfjWKkkMuORIKJ0FLc8yC9gEzL%2FAXEFWfeReHwGJ%2BHxGE%2FpnE4GcuYshlG86F7fKbBpidvkYKu%2BhJJ5ViD5MBrntGkTB%2BosFIV0kdqs%2FvxPh2eTY5H60WGoGozw2uSzb6OhkN7sRFd9%2FCjozGwlS3ZGtRfyaPt1YTGFEP0%2BltvBZvVSFRsNnEFh2RkhLFUl0JSY8%2FOtbL6p5D5bVQAbBbJj1bnNHXaS6VhcuLCa6NhW3pZSCaWWXXyxBEGHgHJVMOU%2FU9XbNsg%3D%3D","environmentVariables":{"FIREBASE_CONFIG":"{\"projectId\":\"prompt-battle-c5e6a\",\"databaseURL\":\"https://prompt-battle-c5e6a-default-rtdb.firebaseio.com\",\"storageBucket\":\"prompt-battle-c5e6a.firebasestorage.app\"}","GCLOUD_PROJECT":"prompt-battle-c5e6a","EVENTARC_CLOUD_EVENT_SOURCE":"projects/prompt-battle-c5e6a/locations/us-central1/functions/squareWebhook"},"runtime":"nodejs20","buildEnvironmentVariables":{"GOOGLE_NODE_RUN_SCRIPTS":""},"dockerRegistry":"ARTIFACT_REGISTRY"},"versionId":"1","updateTime":"2026-03-17T05:51:16.550368221Z","buildId":"54e29991-2567-4daa-a2c3-d7b7fc850379","buildName":"projects/329010584107/locations/us-central1/builds/54e29991-2567-4daa-a2c3-d7b7fc850379"}}
[debug] [2026-03-17T05:51:20.778Z] <<< [apiv2][status] GET https://cloudfunctions.googleapis.com/v1/operations/cHJvamVjdHMvcHJvbXB0LWJhdHRsZS1jNWU2YS9sb2NhdGlvbnMvdXMtY2VudHJhbDEvb3BlcmF0aW9ucy9vcGVyYXRpb24tMTc3MzcyNjY3NjE2Mi02NGQzMWVjNzYxOGQ1LTA4ZTRkYjMyLTY1NWNhZjNh 200
[debug] [2026-03-17T05:51:20.778Z] <<< [apiv2][body] GET https://cloudfunctions.googleapis.com/v1/operations/cHJvamVjdHMvcHJvbXB0LWJhdHRsZS1jNWU2YS9sb2NhdGlvbnMvdXMtY2VudHJhbDEvb3BlcmF0aW9ucy9vcGVyYXRpb24tMTc3MzcyNjY3NjE2Mi02NGQzMWVjNzYxOGQ1LTA4ZTRkYjMyLTY1NWNhZjNh {"name":"operations/cHJvamVjdHMvcHJvbXB0LWJhdHRsZS1jNWU2YS9sb2NhdGlvbnMvdXMtY2VudHJhbDEvb3BlcmF0aW9ucy9vcGVyYXRpb24tMTc3MzcyNjY3NjE2Mi02NGQzMWVjNzYxOGQ1LTA4ZTRkYjMyLTY1NWNhZjNh","metadata":{"@type":"type.googleapis.com/google.cloud.functions.v1.OperationMetadataV1","target":"projects/prompt-battle-c5e6a/locations/us-central1/functions/completePayment","type":"CREATE_FUNCTION","request":{"@type":"type.googleapis.com/google.cloud.functions.v1.CloudFunction","name":"projects/prompt-battle-c5e6a/locations/us-central1/functions/completePayment","httpsTrigger":{"securityLevel":"SECURE_ALWAYS"},"entryPoint":"completePayment","updateTime":"1970-01-01T00:00:00Z","labels":{"deployment-tool":"cli-firebase","firebase-functions-hash":"d4fa81547bac1ca707eb0988d534e987f547df30"},"sourceUploadUrl":"https://storage.googleapis.com/uploads-763700285092.us-central1.cloudfunctions.appspot.com/8f0a08e6-ee58-4376-90f5-a123a31d90fb.zip?GoogleAccessId=service-329010584107@gcf-admin-robot.iam.gserviceaccount.com&Expires=1773728448&Signature=wPYDBa3v9T%2BzEdJcwe58wa%2BOF31A3I8IU4soZsWOuLLq8KY6rTCw9a0Q%2FG88%2BTUOtnzfuuIvbP%2FN%2FfjWKkkMuORIKJ0FLc8yC9gEzL%2FAXEFWfeReHwGJ%2BHxGE%2FpnE4GcuYshlG86F7fKbBpidvkYKu%2BhJJ5ViD5MBrntGkTB%2BosFIV0kdqs%2FvxPh2eTY5H60WGoGozw2uSzb6OhkN7sRFd9%2FCjozGwlS3ZGtRfyaPt1YTGFEP0%2BltvBZvVSFRsNnEFh2RkhLFUl0JSY8%2FOtbL6p5D5bVQAbBbJj1bnNHXaS6VhcuLCa6NhW3pZSCaWWXXyxBEGHgHJVMOU%2FU9XbNsg%3D%3D","environmentVariables":{"FIREBASE_CONFIG":"{\"projectId\":\"prompt-battle-c5e6a\",\"databaseURL\":\"https://prompt-battle-c5e6a-default-rtdb.firebaseio.com\",\"storageBucket\":\"prompt-battle-c5e6a.firebasestorage.app\"}","GCLOUD_PROJECT":"prompt-battle-c5e6a","EVENTARC_CLOUD_EVENT_SOURCE":"projects/prompt-battle-c5e6a/locations/us-central1/functions/completePayment"},"runtime":"nodejs20","buildEnvironmentVariables":{"GOOGLE_NODE_RUN_SCRIPTS":""},"dockerRegistry":"ARTIFACT_REGISTRY"},"versionId":"1","updateTime":"2026-03-17T05:51:16.492032866Z","buildId":"7b2ebc4a-123f-4fd7-8d00-87a1fd6f7578","buildName":"projects/329010584107/locations/us-central1/builds/7b2ebc4a-123f-4fd7-8d00-87a1fd6f7578"}}
[debug] [2026-03-17T05:51:20.798Z] <<< [apiv2][status] GET https://cloudfunctions.googleapis.com/v1/operations/cHJvamVjdHMvcHJvbXB0LWJhdHRsZS1jNWU2YS9sb2NhdGlvbnMvdXMtY2VudHJhbDEvb3BlcmF0aW9ucy9vcGVyYXRpb24tMTc3MzcyNjY3NjIwMC02NGQzMWVjNzZhYjcyLWY4ZjEyNjc4LWFlOWVmNDJm 200
[debug] [2026-03-17T05:51:20.798Z] <<< [apiv2][body] GET https://cloudfunctions.googleapis.com/v1/operations/cHJvamVjdHMvcHJvbXB0LWJhdHRsZS1jNWU2YS9sb2NhdGlvbnMvdXMtY2VudHJhbDEvb3BlcmF0aW9ucy9vcGVyYXRpb24tMTc3MzcyNjY3NjIwMC02NGQzMWVjNzZhYjcyLWY4ZjEyNjc4LWFlOWVmNDJm {"name":"operations/cHJvamVjdHMvcHJvbXB0LWJhdHRsZS1jNWU2YS9sb2NhdGlvbnMvdXMtY2VudHJhbDEvb3BlcmF0aW9ucy9vcGVyYXRpb24tMTc3MzcyNjY3NjIwMC02NGQzMWVjNzZhYjcyLWY4ZjEyNjc4LWFlOWVmNDJm","metadata":{"@type":"type.googleapis.com/google.cloud.functions.v1.OperationMetadataV1","target":"projects/prompt-battle-c5e6a/locations/us-central1/functions/grantXp","type":"CREATE_FUNCTION","request":{"@type":"type.googleapis.com/google.cloud.functions.v1.CloudFunction","name":"projects/prompt-battle-c5e6a/locations/us-central1/functions/grantXp","httpsTrigger":{"securityLevel":"SECURE_ALWAYS"},"entryPoint":"grantXp","updateTime":"1970-01-01T00:00:00Z","labels":{"deployment-tool":"cli-firebase","firebase-functions-hash":"d4fa81547bac1ca707eb0988d534e987f547df30"},"sourceUploadUrl":"https://storage.googleapis.com/uploads-763700285092.us-central1.cloudfunctions.appspot.com/8f0a08e6-ee58-4376-90f5-a123a31d90fb.zip?GoogleAccessId=service-329010584107@gcf-admin-robot.iam.gserviceaccount.com&Expires=1773728448&Signature=wPYDBa3v9T%2BzEdJcwe58wa%2BOF31A3I8IU4soZsWOuLLq8KY6rTCw9a0Q%2FG88%2BTUOtnzfuuIvbP%2FN%2FfjWKkkMuORIKJ0FLc8yC9gEzL%2FAXEFWfeReHwGJ%2BHxGE%2FpnE4GcuYshlG86F7fKbBpidvkYKu%2BhJJ5ViD5MBrntGkTB%2BosFIV0kdqs%2FvxPh2eTY5H60WGoGozw2uSzb6OhkN7sRFd9%2FCjozGwlS3ZGtRfyaPt1YTGFEP0%2BltvBZvVSFRsNnEFh2RkhLFUl0JSY8%2FOtbL6p5D5bVQAbBbJj1bnNHXaS6VhcuLCa6NhW3pZSCaWWXXyxBEGHgHJVMOU%2FU9XbNsg%3D%3D","environmentVariables":{"FIREBASE_CONFIG":"{\"projectId\":\"prompt-battle-c5e6a\",\"databaseURL\":\"https://prompt-battle-c5e6a-default-rtdb.firebaseio.com\",\"storageBucket\":\"prompt-battle-c5e6a.firebasestorage.app\"}","GCLOUD_PROJECT":"prompt-battle-c5e6a","EVENTARC_CLOUD_EVENT_SOURCE":"projects/prompt-battle-c5e6a/locations/us-central1/functions/grantXp"},"runtime":"nodejs20","buildEnvironmentVariables":{"GOOGLE_NODE_RUN_SCRIPTS":""},"dockerRegistry":"ARTIFACT_REGISTRY"},"versionId":"1","updateTime":"2026-03-17T05:51:16.501918760Z"}}
[debug] [2026-03-17T05:51:20.809Z] <<< [apiv2][status] GET https://cloudfunctions.googleapis.com/v1/operations/cHJvamVjdHMvcHJvbXB0LWJhdHRsZS1jNWU2YS9sb2NhdGlvbnMvdXMtY2VudHJhbDEvb3BlcmF0aW9ucy9vcGVyYXRpb24tMTc3MzcyNjY3NjE5Mi02NGQzMWVjNzY4ZGMxLWFmMDgwOGZlLTFkZDMxOGVk 200
[debug] [2026-03-17T05:51:20.809Z] <<< [apiv2][body] GET https://cloudfunctions.googleapis.com/v1/operations/cHJvamVjdHMvcHJvbXB0LWJhdHRsZS1jNWU2YS9sb2NhdGlvbnMvdXMtY2VudHJhbDEvb3BlcmF0aW9ucy9vcGVyYXRpb24tMTc3MzcyNjY3NjE5Mi02NGQzMWVjNzY4ZGMxLWFmMDgwOGZlLTFkZDMxOGVk {"name":"operations/cHJvamVjdHMvcHJvbXB0LWJhdHRsZS1jNWU2YS9sb2NhdGlvbnMvdXMtY2VudHJhbDEvb3BlcmF0aW9ucy9vcGVyYXRpb24tMTc3MzcyNjY3NjE5Mi02NGQzMWVjNzY4ZGMxLWFmMDgwOGZlLTFkZDMxOGVk","metadata":{"@type":"type.googleapis.com/google.cloud.functions.v1.OperationMetadataV1","target":"projects/prompt-battle-c5e6a/locations/us-central1/functions/processPlayerCommand","type":"CREATE_FUNCTION","request":{"@type":"type.googleapis.com/google.cloud.functions.v1.CloudFunction","name":"projects/prompt-battle-c5e6a/locations/us-central1/functions/processPlayerCommand","httpsTrigger":{"securityLevel":"SECURE_ALWAYS"},"entryPoint":"processPlayerCommand","updateTime":"1970-01-01T00:00:00Z","labels":{"deployment-tool":"cli-firebase","firebase-functions-hash":"d4fa81547bac1ca707eb0988d534e987f547df30"},"sourceUploadUrl":"https://storage.googleapis.com/uploads-763700285092.us-central1.cloudfunctions.appspot.com/8f0a08e6-ee58-4376-90f5-a123a31d90fb.zip?GoogleAccessId=service-329010584107@gcf-admin-robot.iam.gserviceaccount.com&Expires=1773728448&Signature=wPYDBa3v9T%2BzEdJcwe58wa%2BOF31A3I8IU4soZsWOuLLq8KY6rTCw9a0Q%2FG88%2BTUOtnzfuuIvbP%2FN%2FfjWKkkMuORIKJ0FLc8yC9gEzL%2FAXEFWfeReHwGJ%2BHxGE%2FpnE4GcuYshlG86F7fKbBpidvkYKu%2BhJJ5ViD5MBrntGkTB%2BosFIV0kdqs%2FvxPh2eTY5H60WGoGozw2uSzb6OhkN7sRFd9%2FCjozGwlS3ZGtRfyaPt1YTGFEP0%2BltvBZvVSFRsNnEFh2RkhLFUl0JSY8%2FOtbL6p5D5bVQAbBbJj1bnNHXaS6VhcuLCa6NhW3pZSCaWWXXyxBEGHgHJVMOU%2FU9XbNsg%3D%3D","environmentVariables":{"FIREBASE_CONFIG":"{\"projectId\":\"prompt-battle-c5e6a\",\"databaseURL\":\"https://prompt-battle-c5e6a-default-rtdb.firebaseio.com\",\"storageBucket\":\"prompt-battle-c5e6a.firebasestorage.app\"}","GCLOUD_PROJECT":"prompt-battle-c5e6a","EVENTARC_CLOUD_EVENT_SOURCE":"projects/prompt-battle-c5e6a/locations/us-central1/functions/processPlayerCommand"},"runtime":"nodejs20","buildEnvironmentVariables":{"GOOGLE_NODE_RUN_SCRIPTS":""},"dockerRegistry":"ARTIFACT_REGISTRY"},"versionId":"1","updateTime":"2026-03-17T05:51:16.532030436Z","buildId":"b3ea6ae2-3bb3-4fc6-ad67-e26bfc7141bc","buildName":"projects/329010584107/locations/us-central1/builds/b3ea6ae2-3bb3-4fc6-ad67-e26bfc7141bc"}}
[debug] [2026-03-17T05:51:20.876Z] <<< [apiv2][status] GET https://cloudfunctions.googleapis.com/v1/operations/cHJvamVjdHMvcHJvbXB0LWJhdHRsZS1jNWU2YS9sb2NhdGlvbnMvdXMtY2VudHJhbDEvb3BlcmF0aW9ucy9vcGVyYXRpb24tMTc3MzcyNjY3NjIxNy02NGQzMWVjNzZlZjI4LWU1MWQ2Mzk1LTYwZjNmZjhj 200
[debug] [2026-03-17T05:51:20.876Z] <<< [apiv2][body] GET https://cloudfunctions.googleapis.com/v1/operations/cHJvamVjdHMvcHJvbXB0LWJhdHRsZS1jNWU2YS9sb2NhdGlvbnMvdXMtY2VudHJhbDEvb3BlcmF0aW9ucy9vcGVyYXRpb24tMTc3MzcyNjY3NjIxNy02NGQzMWVjNzZlZjI4LWU1MWQ2Mzk1LTYwZjNmZjhj {"name":"operations/cHJvamVjdHMvcHJvbXB0LWJhdHRsZS1jNWU2YS9sb2NhdGlvbnMvdXMtY2VudHJhbDEvb3BlcmF0aW9ucy9vcGVyYXRpb24tMTc3MzcyNjY3NjIxNy02NGQzMWVjNzZlZjI4LWU1MWQ2Mzk1LTYwZjNmZjhj","metadata":{"@type":"type.googleapis.com/google.cloud.functions.v1.OperationMetadataV1","target":"projects/prompt-battle-c5e6a/locations/us-central1/functions/onPlayerJoinQueue","type":"CREATE_FUNCTION","request":{"@type":"type.googleapis.com/google.cloud.functions.v1.CloudFunction","name":"projects/prompt-battle-c5e6a/locations/us-central1/functions/onPlayerJoinQueue","eventTrigger":{"eventType":"providers/google.firebase.database/eventTypes/ref.create","resource":"projects/_/instances/prompt-battle-c5e6a-default-rtdb/refs/matchmaking/queue/{playerId}","failurePolicy":{}},"entryPoint":"onPlayerJoinQueue","updateTime":"1970-01-01T00:00:00Z","labels":{"deployment-tool":"cli-firebase","firebase-functions-hash":"d4fa81547bac1ca707eb0988d534e987f547df30"},"sourceUploadUrl":"https://storage.googleapis.com/uploads-763700285092.us-central1.cloudfunctions.appspot.com/8f0a08e6-ee58-4376-90f5-a123a31d90fb.zip?GoogleAccessId=service-329010584107@gcf-admin-robot.iam.gserviceaccount.com&Expires=1773728448&Signature=wPYDBa3v9T%2BzEdJcwe58wa%2BOF31A3I8IU4soZsWOuLLq8KY6rTCw9a0Q%2FG88%2BTUOtnzfuuIvbP%2FN%2FfjWKkkMuORIKJ0FLc8yC9gEzL%2FAXEFWfeReHwGJ%2BHxGE%2FpnE4GcuYshlG86F7fKbBpidvkYKu%2BhJJ5ViD5MBrntGkTB%2BosFIV0kdqs%2FvxPh2eTY5H60WGoGozw2uSzb6OhkN7sRFd9%2FCjozGwlS3ZGtRfyaPt1YTGFEP0%2BltvBZvVSFRsNnEFh2RkhLFUl0JSY8%2FOtbL6p5D5bVQAbBbJj1bnNHXaS6VhcuLCa6NhW3pZSCaWWXXyxBEGHgHJVMOU%2FU9XbNsg%3D%3D","environmentVariables":{"FIREBASE_CONFIG":"{\"projectId\":\"prompt-battle-c5e6a\",\"databaseURL\":\"https://prompt-battle-c5e6a-default-rtdb.firebaseio.com\",\"storageBucket\":\"prompt-battle-c5e6a.firebasestorage.app\"}","GCLOUD_PROJECT":"prompt-battle-c5e6a","EVENTARC_CLOUD_EVENT_SOURCE":"projects/prompt-battle-c5e6a/locations/us-central1/functions/onPlayerJoinQueue"},"runtime":"nodejs20","buildEnvironmentVariables":{"GOOGLE_NODE_RUN_SCRIPTS":""},"dockerRegistry":"ARTIFACT_REGISTRY"},"versionId":"1","updateTime":"2026-03-17T05:51:16.524092895Z","buildId":"6bb313a0-9775-4efb-af89-b4febe3af2e1","buildName":"projects/329010584107/locations/us-central1/builds/6bb313a0-9775-4efb-af89-b4febe3af2e1"}}
[debug] [2026-03-17T05:51:20.883Z] <<< [apiv2][status] GET https://cloudfunctions.googleapis.com/v1/operations/cHJvamVjdHMvcHJvbXB0LWJhdHRsZS1jNWU2YS9sb2NhdGlvbnMvdXMtY2VudHJhbDEvb3BlcmF0aW9ucy9vcGVyYXRpb24tMTc3MzcyNjY3NjIxOS02NGQzMWVjNzZmNGViLTAyZGExNjEwLTBmNzE3NmMx 200
[debug] [2026-03-17T05:51:20.883Z] <<< [apiv2][body] GET https://cloudfunctions.googleapis.com/v1/operations/cHJvamVjdHMvcHJvbXB0LWJhdHRsZS1jNWU2YS9sb2NhdGlvbnMvdXMtY2VudHJhbDEvb3BlcmF0aW9ucy9vcGVyYXRpb24tMTc3MzcyNjY3NjIxOS02NGQzMWVjNzZmNGViLTAyZGExNjEwLTBmNzE3NmMx {"name":"operations/cHJvamVjdHMvcHJvbXB0LWJhdHRsZS1jNWU2YS9sb2NhdGlvbnMvdXMtY2VudHJhbDEvb3BlcmF0aW9ucy9vcGVyYXRpb24tMTc3MzcyNjY3NjIxOS02NGQzMWVjNzZmNGViLTAyZGExNjEwLTBmNzE3NmMx","metadata":{"@type":"type.googleapis.com/google.cloud.functions.v1.OperationMetadataV1","target":"projects/prompt-battle-c5e6a/locations/us-central1/functions/adminGrantItems","type":"CREATE_FUNCTION","request":{"@type":"type.googleapis.com/google.cloud.functions.v1.CloudFunction","name":"projects/prompt-battle-c5e6a/locations/us-central1/functions/adminGrantItems","httpsTrigger":{"securityLevel":"SECURE_ALWAYS"},"entryPoint":"adminGrantItems","updateTime":"1970-01-01T00:00:00Z","labels":{"deployment-tool":"cli-firebase","firebase-functions-hash":"d4fa81547bac1ca707eb0988d534e987f547df30"},"sourceUploadUrl":"https://storage.googleapis.com/uploads-763700285092.us-central1.cloudfunctions.appspot.com/8f0a08e6-ee58-4376-90f5-a123a31d90fb.zip?GoogleAccessId=service-329010584107@gcf-admin-robot.iam.gserviceaccount.com&Expires=1773728448&Signature=wPYDBa3v9T%2BzEdJcwe58wa%2BOF31A3I8IU4soZsWOuLLq8KY6rTCw9a0Q%2FG88%2BTUOtnzfuuIvbP%2FN%2FfjWKkkMuORIKJ0FLc8yC9gEzL%2FAXEFWfeReHwGJ%2BHxGE%2FpnE4GcuYshlG86F7fKbBpidvkYKu%2BhJJ5ViD5MBrntGkTB%2BosFIV0kdqs%2FvxPh2eTY5H60WGoGozw2uSzb6OhkN7sRFd9%2FCjozGwlS3ZGtRfyaPt1YTGFEP0%2BltvBZvVSFRsNnEFh2RkhLFUl0JSY8%2FOtbL6p5D5bVQAbBbJj1bnNHXaS6VhcuLCa6NhW3pZSCaWWXXyxBEGHgHJVMOU%2FU9XbNsg%3D%3D","environmentVariables":{"FIREBASE_CONFIG":"{\"projectId\":\"prompt-battle-c5e6a\",\"databaseURL\":\"https://prompt-battle-c5e6a-default-rtdb.firebaseio.com\",\"storageBucket\":\"prompt-battle-c5e6a.firebasestorage.app\"}","GCLOUD_PROJECT":"prompt-battle-c5e6a","EVENTARC_CLOUD_EVENT_SOURCE":"projects/prompt-battle-c5e6a/locations/us-central1/functions/adminGrantItems"},"runtime":"nodejs20","buildEnvironmentVariables":{"GOOGLE_NODE_RUN_SCRIPTS":""},"dockerRegistry":"ARTIFACT_REGISTRY"},"versionId":"1","updateTime":"2026-03-17T05:51:16.534572298Z","buildId":"6907457a-3811-49c2-a9d0-9208cb34ea6c","buildName":"projects/329010584107/locations/us-central1/builds/6907457a-3811-49c2-a9d0-9208cb34ea6c"}}
[debug] [2026-03-17T05:51:20.894Z] <<< [apiv2][status] GET https://cloudfunctions.googleapis.com/v1/operations/cHJvamVjdHMvcHJvbXB0LWJhdHRsZS1jNWU2YS9sb2NhdGlvbnMvdXMtY2VudHJhbDEvb3BlcmF0aW9ucy9vcGVyYXRpb24tMTc3MzcyNjY3NjIxMy02NGQzMWVjNzZlMGI3LWI4MTQ0NTA4LTcxYWExMDkw 200
[debug] [2026-03-17T05:51:20.894Z] <<< [apiv2][body] GET https://cloudfunctions.googleapis.com/v1/operations/cHJvamVjdHMvcHJvbXB0LWJhdHRsZS1jNWU2YS9sb2NhdGlvbnMvdXMtY2VudHJhbDEvb3BlcmF0aW9ucy9vcGVyYXRpb24tMTc3MzcyNjY3NjIxMy02NGQzMWVjNzZlMGI3LWI4MTQ0NTA4LTcxYWExMDkw {"name":"operations/cHJvamVjdHMvcHJvbXB0LWJhdHRsZS1jNWU2YS9sb2NhdGlvbnMvdXMtY2VudHJhbDEvb3BlcmF0aW9ucy9vcGVyYXRpb24tMTc3MzcyNjY3NjIxMy02NGQzMWVjNzZlMGI3LWI4MTQ0NTA4LTcxYWExMDkw","metadata":{"@type":"type.googleapis.com/google.cloud.functions.v1.OperationMetadataV1","target":"projects/prompt-battle-c5e6a/locations/us-central1/functions/purchaseItem","type":"CREATE_FUNCTION","request":{"@type":"type.googleapis.com/google.cloud.functions.v1.CloudFunction","name":"projects/prompt-battle-c5e6a/locations/us-central1/functions/purchaseItem","httpsTrigger":{"securityLevel":"SECURE_ALWAYS"},"entryPoint":"purchaseItem","updateTime":"1970-01-01T00:00:00Z","labels":{"deployment-tool":"cli-firebase","firebase-functions-hash":"d4fa81547bac1ca707eb0988d534e987f547df30"},"sourceUploadUrl":"https://storage.googleapis.com/uploads-763700285092.us-central1.cloudfunctions.appspot.com/8f0a08e6-ee58-4376-90f5-a123a31d90fb.zip?GoogleAccessId=service-329010584107@gcf-admin-robot.iam.gserviceaccount.com&Expires=1773728448&Signature=wPYDBa3v9T%2BzEdJcwe58wa%2BOF31A3I8IU4soZsWOuLLq8KY6rTCw9a0Q%2FG88%2BTUOtnzfuuIvbP%2FN%2FfjWKkkMuORIKJ0FLc8yC9gEzL%2FAXEFWfeReHwGJ%2BHxGE%2FpnE4GcuYshlG86F7fKbBpidvkYKu%2BhJJ5ViD5MBrntGkTB%2BosFIV0kdqs%2FvxPh2eTY5H60WGoGozw2uSzb6OhkN7sRFd9%2FCjozGwlS3ZGtRfyaPt1YTGFEP0%2BltvBZvVSFRsNnEFh2RkhLFUl0JSY8%2FOtbL6p5D5bVQAbBbJj1bnNHXaS6VhcuLCa6NhW3pZSCaWWXXyxBEGHgHJVMOU%2FU9XbNsg%3D%3D","environmentVariables":{"FIREBASE_CONFIG":"{\"projectId\":\"prompt-battle-c5e6a\",\"databaseURL\":\"https://prompt-battle-c5e6a-default-rtdb.firebaseio.com\",\"storageBucket\":\"prompt-battle-c5e6a.firebasestorage.app\"}","GCLOUD_PROJECT":"prompt-battle-c5e6a","EVENTARC_CLOUD_EVENT_SOURCE":"projects/prompt-battle-c5e6a/locations/us-central1/functions/purchaseItem"},"runtime":"nodejs20","buildEnvironmentVariables":{"GOOGLE_NODE_RUN_SCRIPTS":""},"dockerRegistry":"ARTIFACT_REGISTRY"},"versionId":"1","updateTime":"2026-03-17T05:51:16.553843845Z","buildId":"c843c11c-1cd2-4788-9590-779f80d8f635","buildName":"projects/329010584107/locations/us-central1/builds/c843c11c-1cd2-4788-9590-779f80d8f635"}}
[debug] [2026-03-17T05:51:20.899Z] <<< [apiv2][status] GET https://cloudfunctions.googleapis.com/v1/operations/cHJvamVjdHMvcHJvbXB0LWJhdHRsZS1jNWU2YS9sb2NhdGlvbnMvdXMtY2VudHJhbDEvb3BlcmF0aW9ucy9vcGVyYXRpb24tMTc3MzcyNjY3NjE5NC02NGQzMWVjNzY5NDc3LWE2ZWY0MGE1LWZhYTg3YjBm 200
[debug] [2026-03-17T05:51:20.899Z] <<< [apiv2][body] GET https://cloudfunctions.googleapis.com/v1/operations/cHJvamVjdHMvcHJvbXB0LWJhdHRsZS1jNWU2YS9sb2NhdGlvbnMvdXMtY2VudHJhbDEvb3BlcmF0aW9ucy9vcGVyYXRpb24tMTc3MzcyNjY3NjE5NC02NGQzMWVjNzY5NDc3LWE2ZWY0MGE1LWZhYTg3YjBm {"name":"operations/cHJvamVjdHMvcHJvbXB0LWJhdHRsZS1jNWU2YS9sb2NhdGlvbnMvdXMtY2VudHJhbDEvb3BlcmF0aW9ucy9vcGVyYXRpb24tMTc3MzcyNjY3NjE5NC02NGQzMWVjNzY5NDc3LWE2ZWY0MGE1LWZhYTg3YjBm","metadata":{"@type":"type.googleapis.com/google.cloud.functions.v1.OperationMetadataV1","target":"projects/prompt-battle-c5e6a/locations/us-central1/functions/redeemItchKey","type":"CREATE_FUNCTION","request":{"@type":"type.googleapis.com/google.cloud.functions.v1.CloudFunction","name":"projects/prompt-battle-c5e6a/locations/us-central1/functions/redeemItchKey","httpsTrigger":{"securityLevel":"SECURE_ALWAYS"},"entryPoint":"redeemItchKey","updateTime":"1970-01-01T00:00:00Z","labels":{"deployment-tool":"cli-firebase","firebase-functions-hash":"d4fa81547bac1ca707eb0988d534e987f547df30"},"sourceUploadUrl":"https://storage.googleapis.com/uploads-763700285092.us-central1.cloudfunctions.appspot.com/8f0a08e6-ee58-4376-90f5-a123a31d90fb.zip?GoogleAccessId=service-329010584107@gcf-admin-robot.iam.gserviceaccount.com&Expires=1773728448&Signature=wPYDBa3v9T%2BzEdJcwe58wa%2BOF31A3I8IU4soZsWOuLLq8KY6rTCw9a0Q%2FG88%2BTUOtnzfuuIvbP%2FN%2FfjWKkkMuORIKJ0FLc8yC9gEzL%2FAXEFWfeReHwGJ%2BHxGE%2FpnE4GcuYshlG86F7fKbBpidvkYKu%2BhJJ5ViD5MBrntGkTB%2BosFIV0kdqs%2FvxPh2eTY5H60WGoGozw2uSzb6OhkN7sRFd9%2FCjozGwlS3ZGtRfyaPt1YTGFEP0%2BltvBZvVSFRsNnEFh2RkhLFUl0JSY8%2FOtbL6p5D5bVQAbBbJj1bnNHXaS6VhcuLCa6NhW3pZSCaWWXXyxBEGHgHJVMOU%2FU9XbNsg%3D%3D","environmentVariables":{"FIREBASE_CONFIG":"{\"projectId\":\"prompt-battle-c5e6a\",\"databaseURL\":\"https://prompt-battle-c5e6a-default-rtdb.firebaseio.com\",\"storageBucket\":\"prompt-battle-c5e6a.firebasestorage.app\"}","GCLOUD_PROJECT":"prompt-battle-c5e6a","EVENTARC_CLOUD_EVENT_SOURCE":"projects/prompt-battle-c5e6a/locations/us-central1/functions/redeemItchKey"},"runtime":"nodejs20","buildEnvironmentVariables":{"GOOGLE_NODE_RUN_SCRIPTS":""},"dockerRegistry":"ARTIFACT_REGISTRY"},"versionId":"1","updateTime":"2026-03-17T05:51:16.544539883Z","buildId":"ae8416aa-8285-4c9a-b448-2e5e6e8a8a79","buildName":"projects/329010584107/locations/us-central1/builds/ae8416aa-8285-4c9a-b448-2e5e6e8a8a79"}}
[debug] [2026-03-17T05:51:20.900Z] <<< [apiv2][status] GET https://cloudfunctions.googleapis.com/v1/operations/cHJvamVjdHMvcHJvbXB0LWJhdHRsZS1jNWU2YS9sb2NhdGlvbnMvdXMtY2VudHJhbDEvb3BlcmF0aW9ucy9vcGVyYXRpb24tMTc3MzcyNjY3NjIwMi02NGQzMWVjNzZiNWYwLTE4YTQxYWRhLTU1ZmU5NmVk 200
[debug] [2026-03-17T05:51:20.900Z] <<< [apiv2][body] GET https://cloudfunctions.googleapis.com/v1/operations/cHJvamVjdHMvcHJvbXB0LWJhdHRsZS1jNWU2YS9sb2NhdGlvbnMvdXMtY2VudHJhbDEvb3BlcmF0aW9ucy9vcGVyYXRpb24tMTc3MzcyNjY3NjIwMi02NGQzMWVjNzZiNWYwLTE4YTQxYWRhLTU1ZmU5NmVk {"name":"operations/cHJvamVjdHMvcHJvbXB0LWJhdHRsZS1jNWU2YS9sb2NhdGlvbnMvdXMtY2VudHJhbDEvb3BlcmF0aW9ucy9vcGVyYXRpb24tMTc3MzcyNjY3NjIwMi02NGQzMWVjNzZiNWYwLTE4YTQxYWRhLTU1ZmU5NmVk","metadata":{"@type":"type.googleapis.com/google.cloud.functions.v1.OperationMetadataV1","target":"projects/prompt-battle-c5e6a/locations/us-central1/functions/itchOAuthCallback","type":"CREATE_FUNCTION","request":{"@type":"type.googleapis.com/google.cloud.functions.v1.CloudFunction","name":"projects/prompt-battle-c5e6a/locations/us-central1/functions/itchOAuthCallback","httpsTrigger":{"securityLevel":"SECURE_ALWAYS"},"entryPoint":"itchOAuthCallback","updateTime":"1970-01-01T00:00:00Z","labels":{"deployment-tool":"cli-firebase","firebase-functions-hash":"d4fa81547bac1ca707eb0988d534e987f547df30"},"sourceUploadUrl":"https://storage.googleapis.com/uploads-763700285092.us-central1.cloudfunctions.appspot.com/8f0a08e6-ee58-4376-90f5-a123a31d90fb.zip?GoogleAccessId=service-329010584107@gcf-admin-robot.iam.gserviceaccount.com&Expires=1773728448&Signature=wPYDBa3v9T%2BzEdJcwe58wa%2BOF31A3I8IU4soZsWOuLLq8KY6rTCw9a0Q%2FG88%2BTUOtnzfuuIvbP%2FN%2FfjWKkkMuORIKJ0FLc8yC9gEzL%2FAXEFWfeReHwGJ%2BHxGE%2FpnE4GcuYshlG86F7fKbBpidvkYKu%2BhJJ5ViD5MBrntGkTB%2BosFIV0kdqs%2FvxPh2eTY5H60WGoGozw2uSzb6OhkN7sRFd9%2FCjozGwlS3ZGtRfyaPt1YTGFEP0%2BltvBZvVSFRsNnEFh2RkhLFUl0JSY8%2FOtbL6p5D5bVQAbBbJj1bnNHXaS6VhcuLCa6NhW3pZSCaWWXXyxBEGHgHJVMOU%2FU9XbNsg%3D%3D","environmentVariables":{"FIREBASE_CONFIG":"{\"projectId\":\"prompt-battle-c5e6a\",\"databaseURL\":\"https://prompt-battle-c5e6a-default-rtdb.firebaseio.com\",\"storageBucket\":\"prompt-battle-c5e6a.firebasestorage.app\"}","GCLOUD_PROJECT":"prompt-battle-c5e6a","EVENTARC_CLOUD_EVENT_SOURCE":"projects/prompt-battle-c5e6a/locations/us-central1/functions/itchOAuthCallback"},"runtime":"nodejs20","buildEnvironmentVariables":{"GOOGLE_NODE_RUN_SCRIPTS":""},"dockerRegistry":"ARTIFACT_REGISTRY"},"versionId":"1","updateTime":"2026-03-17T05:51:16.542322036Z","buildId":"3c20ebd1-601a-4f70-969a-5884dda2155a","buildName":"projects/329010584107/locations/us-central1/builds/3c20ebd1-601a-4f70-969a-5884dda2155a"}}
[debug] [2026-03-17T05:51:20.900Z] <<< [apiv2][status] GET https://cloudfunctions.googleapis.com/v1/operations/cHJvamVjdHMvcHJvbXB0LWJhdHRsZS1jNWU2YS9sb2NhdGlvbnMvdXMtY2VudHJhbDEvb3BlcmF0aW9ucy9vcGVyYXRpb24tMTc3MzcyNjY3NjE5OC02NGQzMWVjNzZhNDM3LTdkYjUzYTQ3LWIwY2Q5YTcw 200
[debug] [2026-03-17T05:51:20.900Z] <<< [apiv2][body] GET https://cloudfunctions.googleapis.com/v1/operations/cHJvamVjdHMvcHJvbXB0LWJhdHRsZS1jNWU2YS9sb2NhdGlvbnMvdXMtY2VudHJhbDEvb3BlcmF0aW9ucy9vcGVyYXRpb24tMTc3MzcyNjY3NjE5OC02NGQzMWVjNzZhNDM3LTdkYjUzYTQ3LWIwY2Q5YTcw {"name":"operations/cHJvamVjdHMvcHJvbXB0LWJhdHRsZS1jNWU2YS9sb2NhdGlvbnMvdXMtY2VudHJhbDEvb3BlcmF0aW9ucy9vcGVyYXRpb24tMTc3MzcyNjY3NjE5OC02NGQzMWVjNzZhNDM3LTdkYjUzYTQ3LWIwY2Q5YTcw","metadata":{"@type":"type.googleapis.com/google.cloud.functions.v1.OperationMetadataV1","target":"projects/prompt-battle-c5e6a/locations/us-central1/functions/purchaseBattlePass","type":"CREATE_FUNCTION","request":{"@type":"type.googleapis.com/google.cloud.functions.v1.CloudFunction","name":"projects/prompt-battle-c5e6a/locations/us-central1/functions/purchaseBattlePass","httpsTrigger":{"securityLevel":"SECURE_ALWAYS"},"entryPoint":"purchaseBattlePass","updateTime":"1970-01-01T00:00:00Z","labels":{"deployment-tool":"cli-firebase","firebase-functions-hash":"d4fa81547bac1ca707eb0988d534e987f547df30"},"sourceUploadUrl":"https://storage.googleapis.com/uploads-763700285092.us-central1.cloudfunctions.appspot.com/8f0a08e6-ee58-4376-90f5-a123a31d90fb.zip?GoogleAccessId=service-329010584107@gcf-admin-robot.iam.gserviceaccount.com&Expires=1773728448&Signature=wPYDBa3v9T%2BzEdJcwe58wa%2BOF31A3I8IU4soZsWOuLLq8KY6rTCw9a0Q%2FG88%2BTUOtnzfuuIvbP%2FN%2FfjWKkkMuORIKJ0FLc8yC9gEzL%2FAXEFWfeReHwGJ%2BHxGE%2FpnE4GcuYshlG86F7fKbBpidvkYKu%2BhJJ5ViD5MBrntGkTB%2BosFIV0kdqs%2FvxPh2eTY5H60WGoGozw2uSzb6OhkN7sRFd9%2FCjozGwlS3ZGtRfyaPt1YTGFEP0%2BltvBZvVSFRsNnEFh2RkhLFUl0JSY8%2FOtbL6p5D5bVQAbBbJj1bnNHXaS6VhcuLCa6NhW3pZSCaWWXXyxBEGHgHJVMOU%2FU9XbNsg%3D%3D","environmentVariables":{"FIREBASE_CONFIG":"{\"projectId\":\"prompt-battle-c5e6a\",\"databaseURL\":\"https://prompt-battle-c5e6a-default-rtdb.firebaseio.com\",\"storageBucket\":\"prompt-battle-c5e6a.firebasestorage.app\"}","GCLOUD_PROJECT":"prompt-battle-c5e6a","EVENTARC_CLOUD_EVENT_SOURCE":"projects/prompt-battle-c5e6a/locations/us-central1/functions/purchaseBattlePass"},"runtime":"nodejs20","buildEnvironmentVariables":{"GOOGLE_NODE_RUN_SCRIPTS":""},"dockerRegistry":"ARTIFACT_REGISTRY"},"versionId":"1","updateTime":"2026-03-17T05:51:16.530765237Z","buildId":"b190a897-53e8-4cdc-b9a7-47584e582c4e","buildName":"projects/329010584107/locations/us-central1/builds/b190a897-53e8-4cdc-b9a7-47584e582c4e"}}
[debug] [2026-03-17T05:51:20.900Z] <<< [apiv2][status] GET https://cloudfunctions.googleapis.com/v1/operations/cHJvamVjdHMvcHJvbXB0LWJhdHRsZS1jNWU2YS9sb2NhdGlvbnMvdXMtY2VudHJhbDEvb3BlcmF0aW9ucy9vcGVyYXRpb24tMTc3MzcyNjY3NjE5Ny02NGQzMWVjNzZhMWI4LTFhNDVhMDVkLTI3Y2NmN2Ji 200
[debug] [2026-03-17T05:51:20.900Z] <<< [apiv2][body] GET https://cloudfunctions.googleapis.com/v1/operations/cHJvamVjdHMvcHJvbXB0LWJhdHRsZS1jNWU2YS9sb2NhdGlvbnMvdXMtY2VudHJhbDEvb3BlcmF0aW9ucy9vcGVyYXRpb24tMTc3MzcyNjY3NjE5Ny02NGQzMWVjNzZhMWI4LTFhNDVhMDVkLTI3Y2NmN2Ji {"name":"operations/cHJvamVjdHMvcHJvbXB0LWJhdHRsZS1jNWU2YS9sb2NhdGlvbnMvdXMtY2VudHJhbDEvb3BlcmF0aW9ucy9vcGVyYXRpb24tMTc3MzcyNjY3NjE5Ny02NGQzMWVjNzZhMWI4LTFhNDVhMDVkLTI3Y2NmN2Ji","metadata":{"@type":"type.googleapis.com/google.cloud.functions.v1.OperationMetadataV1","target":"projects/prompt-battle-c5e6a/locations/us-central1/functions/itchAppAuth","type":"CREATE_FUNCTION","request":{"@type":"type.googleapis.com/google.cloud.functions.v1.CloudFunction","name":"projects/prompt-battle-c5e6a/locations/us-central1/functions/itchAppAuth","httpsTrigger":{"securityLevel":"SECURE_ALWAYS"},"entryPoint":"itchAppAuth","updateTime":"1970-01-01T00:00:00Z","labels":{"deployment-tool":"cli-firebase","firebase-functions-hash":"d4fa81547bac1ca707eb0988d534e987f547df30"},"sourceUploadUrl":"https://storage.googleapis.com/uploads-763700285092.us-central1.cloudfunctions.appspot.com/8f0a08e6-ee58-4376-90f5-a123a31d90fb.zip?GoogleAccessId=service-329010584107@gcf-admin-robot.iam.gserviceaccount.com&Expires=1773728448&Signature=wPYDBa3v9T%2BzEdJcwe58wa%2BOF31A3I8IU4soZsWOuLLq8KY6rTCw9a0Q%2FG88%2BTUOtnzfuuIvbP%2FN%2FfjWKkkMuORIKJ0FLc8yC9gEzL%2FAXEFWfeReHwGJ%2BHxGE%2FpnE4GcuYshlG86F7fKbBpidvkYKu%2BhJJ5ViD5MBrntGkTB%2BosFIV0kdqs%2FvxPh2eTY5H60WGoGozw2uSzb6OhkN7sRFd9%2FCjozGwlS3ZGtRfyaPt1YTGFEP0%2BltvBZvVSFRsNnEFh2RkhLFUl0JSY8%2FOtbL6p5D5bVQAbBbJj1bnNHXaS6VhcuLCa6NhW3pZSCaWWXXyxBEGHgHJVMOU%2FU9XbNsg%3D%3D","environmentVariables":{"FIREBASE_CONFIG":"{\"projectId\":\"prompt-battle-c5e6a\",\"databaseURL\":\"https://prompt-battle-c5e6a-default-rtdb.firebaseio.com\",\"storageBucket\":\"prompt-battle-c5e6a.firebasestorage.app\"}","GCLOUD_PROJECT":"prompt-battle-c5e6a","EVENTARC_CLOUD_EVENT_SOURCE":"projects/prompt-battle-c5e6a/locations/us-central1/functions/itchAppAuth"},"runtime":"nodejs20","buildEnvironmentVariables":{"GOOGLE_NODE_RUN_SCRIPTS":""},"dockerRegistry":"ARTIFACT_REGISTRY"},"versionId":"1","updateTime":"2026-03-17T05:51:16.522093481Z","buildId":"7ef76630-9ebb-42c0-82ee-89c447dba4c9","buildName":"projects/329010584107/locations/us-central1/builds/7ef76630-9ebb-42c0-82ee-89c447dba4c9"}}
[debug] [2026-03-17T05:51:20.901Z] <<< [apiv2][status] GET https://cloudfunctions.googleapis.com/v1/operations/cHJvamVjdHMvcHJvbXB0LWJhdHRsZS1jNWU2YS9sb2NhdGlvbnMvdXMtY2VudHJhbDEvb3BlcmF0aW9ucy9vcGVyYXRpb24tMTc3MzcyNjY3NjE5Mi02NGQzMWVjNzY4ZTUzLWNkMTkyZDI5LTQ2N2RkZDJj 200
[debug] [2026-03-17T05:51:20.901Z] <<< [apiv2][body] GET https://cloudfunctions.googleapis.com/v1/operations/cHJvamVjdHMvcHJvbXB0LWJhdHRsZS1jNWU2YS9sb2NhdGlvbnMvdXMtY2VudHJhbDEvb3BlcmF0aW9ucy9vcGVyYXRpb24tMTc3MzcyNjY3NjE5Mi02NGQzMWVjNzY4ZTUzLWNkMTkyZDI5LTQ2N2RkZDJj {"name":"operations/cHJvamVjdHMvcHJvbXB0LWJhdHRsZS1jNWU2YS9sb2NhdGlvbnMvdXMtY2VudHJhbDEvb3BlcmF0aW9ucy9vcGVyYXRpb24tMTc3MzcyNjY3NjE5Mi02NGQzMWVjNzY4ZTUzLWNkMTkyZDI5LTQ2N2RkZDJj","metadata":{"@type":"type.googleapis.com/google.cloud.functions.v1.OperationMetadataV1","target":"projects/prompt-battle-c5e6a/locations/us-central1/functions/claimBattlePassReward","type":"CREATE_FUNCTION","request":{"@type":"type.googleapis.com/google.cloud.functions.v1.CloudFunction","name":"projects/prompt-battle-c5e6a/locations/us-central1/functions/claimBattlePassReward","httpsTrigger":{"securityLevel":"SECURE_ALWAYS"},"entryPoint":"claimBattlePassReward","updateTime":"1970-01-01T00:00:00Z","labels":{"deployment-tool":"cli-firebase","firebase-functions-hash":"d4fa81547bac1ca707eb0988d534e987f547df30"},"sourceUploadUrl":"https://storage.googleapis.com/uploads-763700285092.us-central1.cloudfunctions.appspot.com/8f0a08e6-ee58-4376-90f5-a123a31d90fb.zip?GoogleAccessId=service-329010584107@gcf-admin-robot.iam.gserviceaccount.com&Expires=1773728448&Signature=wPYDBa3v9T%2BzEdJcwe58wa%2BOF31A3I8IU4soZsWOuLLq8KY6rTCw9a0Q%2FG88%2BTUOtnzfuuIvbP%2FN%2FfjWKkkMuORIKJ0FLc8yC9gEzL%2FAXEFWfeReHwGJ%2BHxGE%2FpnE4GcuYshlG86F7fKbBpidvkYKu%2BhJJ5ViD5MBrntGkTB%2BosFIV0kdqs%2FvxPh2eTY5H60WGoGozw2uSzb6OhkN7sRFd9%2FCjozGwlS3ZGtRfyaPt1YTGFEP0%2BltvBZvVSFRsNnEFh2RkhLFUl0JSY8%2FOtbL6p5D5bVQAbBbJj1bnNHXaS6VhcuLCa6NhW3pZSCaWWXXyxBEGHgHJVMOU%2FU9XbNsg%3D%3D","environmentVariables":{"FIREBASE_CONFIG":"{\"projectId\":\"prompt-battle-c5e6a\",\"databaseURL\":\"https://prompt-battle-c5e6a-default-rtdb.firebaseio.com\",\"storageBucket\":\"prompt-battle-c5e6a.firebasestorage.app\"}","GCLOUD_PROJECT":"prompt-battle-c5e6a","EVENTARC_CLOUD_EVENT_SOURCE":"projects/prompt-battle-c5e6a/locations/us-central1/functions/claimBattlePassReward"},"runtime":"nodejs20","buildEnvironmentVariables":{"GOOGLE_NODE_RUN_SCRIPTS":""},"dockerRegistry":"ARTIFACT_REGISTRY"},"versionId":"1","updateTime":"2026-03-17T05:51:16.539548124Z","buildId":"99a9e6ca-4c55-4b69-a023-b67a74d11fb2","buildName":"projects/329010584107/locations/us-central1/builds/99a9e6ca-4c55-4b69-a023-b67a74d11fb2"}}
[debug] [2026-03-17T05:51:20.916Z] <<< [apiv2][status] GET https://cloudfunctions.googleapis.com/v1/operations/cHJvamVjdHMvcHJvbXB0LWJhdHRsZS1jNWU2YS9sb2NhdGlvbnMvdXMtY2VudHJhbDEvb3BlcmF0aW9ucy9vcGVyYXRpb24tMTc3MzcyNjY3NjE4Ny02NGQzMWVjNzY3N2Y5LTZmNTFlNzMxLWNmYjczZDgz 200
[debug] [2026-03-17T05:51:20.916Z] <<< [apiv2][body] GET https://cloudfunctions.googleapis.com/v1/operations/cHJvamVjdHMvcHJvbXB0LWJhdHRsZS1jNWU2YS9sb2NhdGlvbnMvdXMtY2VudHJhbDEvb3BlcmF0aW9ucy9vcGVyYXRpb24tMTc3MzcyNjY3NjE4Ny02NGQzMWVjNzY3N2Y5LTZmNTFlNzMxLWNmYjczZDgz {"name":"operations/cHJvamVjdHMvcHJvbXB0LWJhdHRsZS1jNWU2YS9sb2NhdGlvbnMvdXMtY2VudHJhbDEvb3BlcmF0aW9ucy9vcGVyYXRpb24tMTc3MzcyNjY3NjE4Ny02NGQzMWVjNzY3N2Y5LTZmNTFlNzMxLWNmYjczZDgz","metadata":{"@type":"type.googleapis.com/google.cloud.functions.v1.OperationMetadataV1","target":"projects/prompt-battle-c5e6a/locations/us-central1/functions/grantGlory","type":"CREATE_FUNCTION","request":{"@type":"type.googleapis.com/google.cloud.functions.v1.CloudFunction","name":"projects/prompt-battle-c5e6a/locations/us-central1/functions/grantGlory","httpsTrigger":{"securityLevel":"SECURE_ALWAYS"},"entryPoint":"grantGlory","updateTime":"1970-01-01T00:00:00Z","labels":{"deployment-tool":"cli-firebase","firebase-functions-hash":"d4fa81547bac1ca707eb0988d534e987f547df30"},"sourceUploadUrl":"https://storage.googleapis.com/uploads-763700285092.us-central1.cloudfunctions.appspot.com/8f0a08e6-ee58-4376-90f5-a123a31d90fb.zip?GoogleAccessId=service-329010584107@gcf-admin-robot.iam.gserviceaccount.com&Expires=1773728448&Signature=wPYDBa3v9T%2BzEdJcwe58wa%2BOF31A3I8IU4soZsWOuLLq8KY6rTCw9a0Q%2FG88%2BTUOtnzfuuIvbP%2FN%2FfjWKkkMuORIKJ0FLc8yC9gEzL%2FAXEFWfeReHwGJ%2BHxGE%2FpnE4GcuYshlG86F7fKbBpidvkYKu%2BhJJ5ViD5MBrntGkTB%2BosFIV0kdqs%2FvxPh2eTY5H60WGoGozw2uSzb6OhkN7sRFd9%2FCjozGwlS3ZGtRfyaPt1YTGFEP0%2BltvBZvVSFRsNnEFh2RkhLFUl0JSY8%2FOtbL6p5D5bVQAbBbJj1bnNHXaS6VhcuLCa6NhW3pZSCaWWXXyxBEGHgHJVMOU%2FU9XbNsg%3D%3D","environmentVariables":{"FIREBASE_CONFIG":"{\"projectId\":\"prompt-battle-c5e6a\",\"databaseURL\":\"https://prompt-battle-c5e6a-default-rtdb.firebaseio.com\",\"storageBucket\":\"prompt-battle-c5e6a.firebasestorage.app\"}","GCLOUD_PROJECT":"prompt-battle-c5e6a","EVENTARC_CLOUD_EVENT_SOURCE":"projects/prompt-battle-c5e6a/locations/us-central1/functions/grantGlory"},"runtime":"nodejs20","buildEnvironmentVariables":{"GOOGLE_NODE_RUN_SCRIPTS":""},"dockerRegistry":"ARTIFACT_REGISTRY"},"versionId":"1","updateTime":"2026-03-17T05:51:16.540514037Z","buildId":"714add40-5199-408c-8d5a-8b37209a094b","buildName":"projects/329010584107/locations/us-central1/builds/714add40-5199-408c-8d5a-8b37209a094b"}}
[debug] [2026-03-17T05:51:24.762Z] [create-default-us-central1-grantBattlePassXp] Retrying task index 0
[debug] [2026-03-17T05:51:24.763Z] Checked if tokens are valid: true, expires at: 1773729535384
[debug] [2026-03-17T05:51:24.763Z] Checked if tokens are valid: true, expires at: 1773729535384
[debug] [2026-03-17T05:51:24.763Z] >>> [apiv2][query] GET https://cloudfunctions.googleapis.com/v1/operations/cHJvamVjdHMvcHJvbXB0LWJhdHRsZS1jNWU2YS9sb2NhdGlvbnMvdXMtY2VudHJhbDEvb3BlcmF0aW9ucy9vcGVyYXRpb24tMTc3MzcyNjY3NjIxNy02NGQzMWVjNzZlZDA2LTRlNzZlOTc0LWQ1NGViOTUx [none]
[debug] [2026-03-17T05:51:24.777Z] [create-default-us-central1-squareWebhook] Retrying task index 0
[debug] [2026-03-17T05:51:24.777Z] Checked if tokens are valid: true, expires at: 1773729535384
[debug] [2026-03-17T05:51:24.778Z] Checked if tokens are valid: true, expires at: 1773729535384
[debug] [2026-03-17T05:51:24.778Z] >>> [apiv2][query] GET https://cloudfunctions.googleapis.com/v1/operations/cHJvamVjdHMvcHJvbXB0LWJhdHRsZS1jNWU2YS9sb2NhdGlvbnMvdXMtY2VudHJhbDEvb3BlcmF0aW9ucy9vcGVyYXRpb24tMTc3MzcyNjY3NjE5MS02NGQzMWVjNzY4YTQ2LTAzZDEwMTg0LTVhODc0ZmFm [none]
[debug] [2026-03-17T05:51:24.778Z] [create-default-us-central1-completePayment] Retrying task index 0
[debug] [2026-03-17T05:51:24.778Z] Checked if tokens are valid: true, expires at: 1773729535384
[debug] [2026-03-17T05:51:24.778Z] Checked if tokens are valid: true, expires at: 1773729535384
[debug] [2026-03-17T05:51:24.778Z] >>> [apiv2][query] GET https://cloudfunctions.googleapis.com/v1/operations/cHJvamVjdHMvcHJvbXB0LWJhdHRsZS1jNWU2YS9sb2NhdGlvbnMvdXMtY2VudHJhbDEvb3BlcmF0aW9ucy9vcGVyYXRpb24tMTc3MzcyNjY3NjE2Mi02NGQzMWVjNzYxOGQ1LTA4ZTRkYjMyLTY1NWNhZjNh [none]
[debug] [2026-03-17T05:51:24.809Z] [create-default-us-central1-grantXp] Retrying task index 0
[debug] [2026-03-17T05:51:24.809Z] Checked if tokens are valid: true, expires at: 1773729535384
[debug] [2026-03-17T05:51:24.809Z] Checked if tokens are valid: true, expires at: 1773729535384
[debug] [2026-03-17T05:51:24.809Z] >>> [apiv2][query] GET https://cloudfunctions.googleapis.com/v1/operations/cHJvamVjdHMvcHJvbXB0LWJhdHRsZS1jNWU2YS9sb2NhdGlvbnMvdXMtY2VudHJhbDEvb3BlcmF0aW9ucy9vcGVyYXRpb24tMTc3MzcyNjY3NjIwMC02NGQzMWVjNzZhYjcyLWY4ZjEyNjc4LWFlOWVmNDJm [none]
[debug] [2026-03-17T05:51:24.809Z] [create-default-us-central1-processPlayerCommand] Retrying task index 0
[debug] [2026-03-17T05:51:24.810Z] Checked if tokens are valid: true, expires at: 1773729535384
[debug] [2026-03-17T05:51:24.810Z] Checked if tokens are valid: true, expires at: 1773729535384
[debug] [2026-03-17T05:51:24.810Z] >>> [apiv2][query] GET https://cloudfunctions.googleapis.com/v1/operations/cHJvamVjdHMvcHJvbXB0LWJhdHRsZS1jNWU2YS9sb2NhdGlvbnMvdXMtY2VudHJhbDEvb3BlcmF0aW9ucy9vcGVyYXRpb24tMTc3MzcyNjY3NjE5Mi02NGQzMWVjNzY4ZGMxLWFmMDgwOGZlLTFkZDMxOGVk [none]
[debug] [2026-03-17T05:51:24.873Z] <<< [apiv2][status] GET https://cloudfunctions.googleapis.com/v1/operations/cHJvamVjdHMvcHJvbXB0LWJhdHRsZS1jNWU2YS9sb2NhdGlvbnMvdXMtY2VudHJhbDEvb3BlcmF0aW9ucy9vcGVyYXRpb24tMTc3MzcyNjY3NjIxNy02NGQzMWVjNzZlZDA2LTRlNzZlOTc0LWQ1NGViOTUx 200
[debug] [2026-03-17T05:51:24.873Z] <<< [apiv2][body] GET https://cloudfunctions.googleapis.com/v1/operations/cHJvamVjdHMvcHJvbXB0LWJhdHRsZS1jNWU2YS9sb2NhdGlvbnMvdXMtY2VudHJhbDEvb3BlcmF0aW9ucy9vcGVyYXRpb24tMTc3MzcyNjY3NjIxNy02NGQzMWVjNzZlZDA2LTRlNzZlOTc0LWQ1NGViOTUx {"name":"operations/cHJvamVjdHMvcHJvbXB0LWJhdHRsZS1jNWU2YS9sb2NhdGlvbnMvdXMtY2VudHJhbDEvb3BlcmF0aW9ucy9vcGVyYXRpb24tMTc3MzcyNjY3NjIxNy02NGQzMWVjNzZlZDA2LTRlNzZlOTc0LWQ1NGViOTUx","metadata":{"@type":"type.googleapis.com/google.cloud.functions.v1.OperationMetadataV1","target":"projects/prompt-battle-c5e6a/locations/us-central1/functions/grantBattlePassXp","type":"CREATE_FUNCTION","request":{"@type":"type.googleapis.com/google.cloud.functions.v1.CloudFunction","name":"projects/prompt-battle-c5e6a/locations/us-central1/functions/grantBattlePassXp","httpsTrigger":{"securityLevel":"SECURE_ALWAYS"},"entryPoint":"grantBattlePassXp","updateTime":"1970-01-01T00:00:00Z","labels":{"deployment-tool":"cli-firebase","firebase-functions-hash":"d4fa81547bac1ca707eb0988d534e987f547df30"},"sourceUploadUrl":"https://storage.googleapis.com/uploads-763700285092.us-central1.cloudfunctions.appspot.com/8f0a08e6-ee58-4376-90f5-a123a31d90fb.zip?GoogleAccessId=service-329010584107@gcf-admin-robot.iam.gserviceaccount.com&Expires=1773728448&Signature=wPYDBa3v9T%2BzEdJcwe58wa%2BOF31A3I8IU4soZsWOuLLq8KY6rTCw9a0Q%2FG88%2BTUOtnzfuuIvbP%2FN%2FfjWKkkMuORIKJ0FLc8yC9gEzL%2FAXEFWfeReHwGJ%2BHxGE%2FpnE4GcuYshlG86F7fKbBpidvkYKu%2BhJJ5ViD5MBrntGkTB%2BosFIV0kdqs%2FvxPh2eTY5H60WGoGozw2uSzb6OhkN7sRFd9%2FCjozGwlS3ZGtRfyaPt1YTGFEP0%2BltvBZvVSFRsNnEFh2RkhLFUl0JSY8%2FOtbL6p5D5bVQAbBbJj1bnNHXaS6VhcuLCa6NhW3pZSCaWWXXyxBEGHgHJVMOU%2FU9XbNsg%3D%3D","environmentVariables":{"FIREBASE_CONFIG":"{\"projectId\":\"prompt-battle-c5e6a\",\"databaseURL\":\"https://prompt-battle-c5e6a-default-rtdb.firebaseio.com\",\"storageBucket\":\"prompt-battle-c5e6a.firebasestorage.app\"}","GCLOUD_PROJECT":"prompt-battle-c5e6a","EVENTARC_CLOUD_EVENT_SOURCE":"projects/prompt-battle-c5e6a/locations/us-central1/functions/grantBattlePassXp"},"runtime":"nodejs20","buildEnvironmentVariables":{"GOOGLE_NODE_RUN_SCRIPTS":""},"dockerRegistry":"ARTIFACT_REGISTRY"},"versionId":"1","updateTime":"2026-03-17T05:51:16.533404027Z","buildId":"358f9f43-30dd-40b2-987b-87318dc75c35","buildName":"projects/329010584107/locations/us-central1/builds/358f9f43-30dd-40b2-987b-87318dc75c35"}}
[debug] [2026-03-17T05:51:24.884Z] [create-default-us-central1-onPlayerJoinQueue] Retrying task index 0
[debug] [2026-03-17T05:51:24.884Z] Checked if tokens are valid: true, expires at: 1773729535384
[debug] [2026-03-17T05:51:24.884Z] Checked if tokens are valid: true, expires at: 1773729535384
[debug] [2026-03-17T05:51:24.885Z] >>> [apiv2][query] GET https://cloudfunctions.googleapis.com/v1/operations/cHJvamVjdHMvcHJvbXB0LWJhdHRsZS1jNWU2YS9sb2NhdGlvbnMvdXMtY2VudHJhbDEvb3BlcmF0aW9ucy9vcGVyYXRpb24tMTc3MzcyNjY3NjIxNy02NGQzMWVjNzZlZjI4LWU1MWQ2Mzk1LTYwZjNmZjhj [none]
[debug] [2026-03-17T05:51:24.885Z] [create-default-us-central1-adminGrantItems] Retrying task index 0
[debug] [2026-03-17T05:51:24.885Z] Checked if tokens are valid: true, expires at: 1773729535384
[debug] [2026-03-17T05:51:24.885Z] Checked if tokens are valid: true, expires at: 1773729535384
[debug] [2026-03-17T05:51:24.885Z] >>> [apiv2][query] GET https://cloudfunctions.googleapis.com/v1/operations/cHJvamVjdHMvcHJvbXB0LWJhdHRsZS1jNWU2YS9sb2NhdGlvbnMvdXMtY2VudHJhbDEvb3BlcmF0aW9ucy9vcGVyYXRpb24tMTc3MzcyNjY3NjIxOS02NGQzMWVjNzZmNGViLTAyZGExNjEwLTBmNzE3NmMx [none]
[debug] [2026-03-17T05:51:24.887Z] <<< [apiv2][status] GET https://cloudfunctions.googleapis.com/v1/operations/cHJvamVjdHMvcHJvbXB0LWJhdHRsZS1jNWU2YS9sb2NhdGlvbnMvdXMtY2VudHJhbDEvb3BlcmF0aW9ucy9vcGVyYXRpb24tMTc3MzcyNjY3NjE2Mi02NGQzMWVjNzYxOGQ1LTA4ZTRkYjMyLTY1NWNhZjNh 200
[debug] [2026-03-17T05:51:24.887Z] <<< [apiv2][body] GET https://cloudfunctions.googleapis.com/v1/operations/cHJvamVjdHMvcHJvbXB0LWJhdHRsZS1jNWU2YS9sb2NhdGlvbnMvdXMtY2VudHJhbDEvb3BlcmF0aW9ucy9vcGVyYXRpb24tMTc3MzcyNjY3NjE2Mi02NGQzMWVjNzYxOGQ1LTA4ZTRkYjMyLTY1NWNhZjNh {"name":"operations/cHJvamVjdHMvcHJvbXB0LWJhdHRsZS1jNWU2YS9sb2NhdGlvbnMvdXMtY2VudHJhbDEvb3BlcmF0aW9ucy9vcGVyYXRpb24tMTc3MzcyNjY3NjE2Mi02NGQzMWVjNzYxOGQ1LTA4ZTRkYjMyLTY1NWNhZjNh","metadata":{"@type":"type.googleapis.com/google.cloud.functions.v1.OperationMetadataV1","target":"projects/prompt-battle-c5e6a/locations/us-central1/functions/completePayment","type":"CREATE_FUNCTION","request":{"@type":"type.googleapis.com/google.cloud.functions.v1.CloudFunction","name":"projects/prompt-battle-c5e6a/locations/us-central1/functions/completePayment","httpsTrigger":{"securityLevel":"SECURE_ALWAYS"},"entryPoint":"completePayment","updateTime":"1970-01-01T00:00:00Z","labels":{"deployment-tool":"cli-firebase","firebase-functions-hash":"d4fa81547bac1ca707eb0988d534e987f547df30"},"sourceUploadUrl":"https://storage.googleapis.com/uploads-763700285092.us-central1.cloudfunctions.appspot.com/8f0a08e6-ee58-4376-90f5-a123a31d90fb.zip?GoogleAccessId=service-329010584107@gcf-admin-robot.iam.gserviceaccount.com&Expires=1773728448&Signature=wPYDBa3v9T%2BzEdJcwe58wa%2BOF31A3I8IU4soZsWOuLLq8KY6rTCw9a0Q%2FG88%2BTUOtnzfuuIvbP%2FN%2FfjWKkkMuORIKJ0FLc8yC9gEzL%2FAXEFWfeReHwGJ%2BHxGE%2FpnE4GcuYshlG86F7fKbBpidvkYKu%2BhJJ5ViD5MBrntGkTB%2BosFIV0kdqs%2FvxPh2eTY5H60WGoGozw2uSzb6OhkN7sRFd9%2FCjozGwlS3ZGtRfyaPt1YTGFEP0%2BltvBZvVSFRsNnEFh2RkhLFUl0JSY8%2FOtbL6p5D5bVQAbBbJj1bnNHXaS6VhcuLCa6NhW3pZSCaWWXXyxBEGHgHJVMOU%2FU9XbNsg%3D%3D","environmentVariables":{"FIREBASE_CONFIG":"{\"projectId\":\"prompt-battle-c5e6a\",\"databaseURL\":\"https://prompt-battle-c5e6a-default-rtdb.firebaseio.com\",\"storageBucket\":\"prompt-battle-c5e6a.firebasestorage.app\"}","GCLOUD_PROJECT":"prompt-battle-c5e6a","EVENTARC_CLOUD_EVENT_SOURCE":"projects/prompt-battle-c5e6a/locations/us-central1/functions/completePayment"},"runtime":"nodejs20","buildEnvironmentVariables":{"GOOGLE_NODE_RUN_SCRIPTS":""},"dockerRegistry":"ARTIFACT_REGISTRY"},"versionId":"1","updateTime":"2026-03-17T05:51:16.492032866Z","buildId":"7b2ebc4a-123f-4fd7-8d00-87a1fd6f7578","buildName":"projects/329010584107/locations/us-central1/builds/7b2ebc4a-123f-4fd7-8d00-87a1fd6f7578"}}
[debug] [2026-03-17T05:51:24.899Z] [create-default-us-central1-purchaseItem] Retrying task index 0
[debug] [2026-03-17T05:51:24.899Z] Checked if tokens are valid: true, expires at: 1773729535384
[debug] [2026-03-17T05:51:24.899Z] Checked if tokens are valid: true, expires at: 1773729535384
[debug] [2026-03-17T05:51:24.899Z] >>> [apiv2][query] GET https://cloudfunctions.googleapis.com/v1/operations/cHJvamVjdHMvcHJvbXB0LWJhdHRsZS1jNWU2YS9sb2NhdGlvbnMvdXMtY2VudHJhbDEvb3BlcmF0aW9ucy9vcGVyYXRpb24tMTc3MzcyNjY3NjIxMy02NGQzMWVjNzZlMGI3LWI4MTQ0NTA4LTcxYWExMDkw [none]
[debug] [2026-03-17T05:51:24.900Z] [create-default-us-central1-redeemItchKey] Retrying task index 0
[debug] [2026-03-17T05:51:24.900Z] Checked if tokens are valid: true, expires at: 1773729535384
[debug] [2026-03-17T05:51:24.900Z] Checked if tokens are valid: true, expires at: 1773729535384
[debug] [2026-03-17T05:51:24.900Z] >>> [apiv2][query] GET https://cloudfunctions.googleapis.com/v1/operations/cHJvamVjdHMvcHJvbXB0LWJhdHRsZS1jNWU2YS9sb2NhdGlvbnMvdXMtY2VudHJhbDEvb3BlcmF0aW9ucy9vcGVyYXRpb24tMTc3MzcyNjY3NjE5NC02NGQzMWVjNzY5NDc3LWE2ZWY0MGE1LWZhYTg3YjBm [none]
[debug] [2026-03-17T05:51:24.901Z] [create-default-us-central1-itchOAuthCallback] Retrying task index 0
[debug] [2026-03-17T05:51:24.901Z] Checked if tokens are valid: true, expires at: 1773729535384
[debug] [2026-03-17T05:51:24.901Z] Checked if tokens are valid: true, expires at: 1773729535384
[debug] [2026-03-17T05:51:24.901Z] >>> [apiv2][query] GET https://cloudfunctions.googleapis.com/v1/operations/cHJvamVjdHMvcHJvbXB0LWJhdHRsZS1jNWU2YS9sb2NhdGlvbnMvdXMtY2VudHJhbDEvb3BlcmF0aW9ucy9vcGVyYXRpb24tMTc3MzcyNjY3NjIwMi02NGQzMWVjNzZiNWYwLTE4YTQxYWRhLTU1ZmU5NmVk [none]
[debug] [2026-03-17T05:51:24.901Z] [create-default-us-central1-purchaseBattlePass] Retrying task index 0
[debug] [2026-03-17T05:51:24.901Z] Checked if tokens are valid: true, expires at: 1773729535384
[debug] [2026-03-17T05:51:24.901Z] Checked if tokens are valid: true, expires at: 1773729535384
[debug] [2026-03-17T05:51:24.901Z] >>> [apiv2][query] GET https://cloudfunctions.googleapis.com/v1/operations/cHJvamVjdHMvcHJvbXB0LWJhdHRsZS1jNWU2YS9sb2NhdGlvbnMvdXMtY2VudHJhbDEvb3BlcmF0aW9ucy9vcGVyYXRpb24tMTc3MzcyNjY3NjE5OC02NGQzMWVjNzZhNDM3LTdkYjUzYTQ3LWIwY2Q5YTcw [none]
[debug] [2026-03-17T05:51:24.901Z] [create-default-us-central1-itchAppAuth] Retrying task index 0
[debug] [2026-03-17T05:51:24.901Z] Checked if tokens are valid: true, expires at: 1773729535384
[debug] [2026-03-17T05:51:24.901Z] Checked if tokens are valid: true, expires at: 1773729535384
[debug] [2026-03-17T05:51:24.901Z] >>> [apiv2][query] GET https://cloudfunctions.googleapis.com/v1/operations/cHJvamVjdHMvcHJvbXB0LWJhdHRsZS1jNWU2YS9sb2NhdGlvbnMvdXMtY2VudHJhbDEvb3BlcmF0aW9ucy9vcGVyYXRpb24tMTc3MzcyNjY3NjE5Ny02NGQzMWVjNzZhMWI4LTFhNDVhMDVkLTI3Y2NmN2Ji [none]
[debug] [2026-03-17T05:51:24.902Z] [create-default-us-central1-claimBattlePassReward] Retrying task index 0
[debug] [2026-03-17T05:51:24.902Z] Checked if tokens are valid: true, expires at: 1773729535384
[debug] [2026-03-17T05:51:24.902Z] Checked if tokens are valid: true, expires at: 1773729535384
[debug] [2026-03-17T05:51:24.902Z] >>> [apiv2][query] GET https://cloudfunctions.googleapis.com/v1/operations/cHJvamVjdHMvcHJvbXB0LWJhdHRsZS1jNWU2YS9sb2NhdGlvbnMvdXMtY2VudHJhbDEvb3BlcmF0aW9ucy9vcGVyYXRpb24tMTc3MzcyNjY3NjE5Mi02NGQzMWVjNzY4ZTUzLWNkMTkyZDI5LTQ2N2RkZDJj [none]
[debug] [2026-03-17T05:51:24.908Z] <<< [apiv2][status] GET https://cloudfunctions.googleapis.com/v1/operations/cHJvamVjdHMvcHJvbXB0LWJhdHRsZS1jNWU2YS9sb2NhdGlvbnMvdXMtY2VudHJhbDEvb3BlcmF0aW9ucy9vcGVyYXRpb24tMTc3MzcyNjY3NjE5MS02NGQzMWVjNzY4YTQ2LTAzZDEwMTg0LTVhODc0ZmFm 200
[debug] [2026-03-17T05:51:24.908Z] <<< [apiv2][body] GET https://cloudfunctions.googleapis.com/v1/operations/cHJvamVjdHMvcHJvbXB0LWJhdHRsZS1jNWU2YS9sb2NhdGlvbnMvdXMtY2VudHJhbDEvb3BlcmF0aW9ucy9vcGVyYXRpb24tMTc3MzcyNjY3NjE5MS02NGQzMWVjNzY4YTQ2LTAzZDEwMTg0LTVhODc0ZmFm {"name":"operations/cHJvamVjdHMvcHJvbXB0LWJhdHRsZS1jNWU2YS9sb2NhdGlvbnMvdXMtY2VudHJhbDEvb3BlcmF0aW9ucy9vcGVyYXRpb24tMTc3MzcyNjY3NjE5MS02NGQzMWVjNzY4YTQ2LTAzZDEwMTg0LTVhODc0ZmFm","metadata":{"@type":"type.googleapis.com/google.cloud.functions.v1.OperationMetadataV1","target":"projects/prompt-battle-c5e6a/locations/us-central1/functions/squareWebhook","type":"CREATE_FUNCTION","request":{"@type":"type.googleapis.com/google.cloud.functions.v1.CloudFunction","name":"projects/prompt-battle-c5e6a/locations/us-central1/functions/squareWebhook","httpsTrigger":{"securityLevel":"SECURE_ALWAYS"},"entryPoint":"squareWebhook","updateTime":"1970-01-01T00:00:00Z","labels":{"deployment-tool":"cli-firebase","firebase-functions-hash":"d4fa81547bac1ca707eb0988d534e987f547df30"},"sourceUploadUrl":"https://storage.googleapis.com/uploads-763700285092.us-central1.cloudfunctions.appspot.com/8f0a08e6-ee58-4376-90f5-a123a31d90fb.zip?GoogleAccessId=service-329010584107@gcf-admin-robot.iam.gserviceaccount.com&Expires=1773728448&Signature=wPYDBa3v9T%2BzEdJcwe58wa%2BOF31A3I8IU4soZsWOuLLq8KY6rTCw9a0Q%2FG88%2BTUOtnzfuuIvbP%2FN%2FfjWKkkMuORIKJ0FLc8yC9gEzL%2FAXEFWfeReHwGJ%2BHxGE%2FpnE4GcuYshlG86F7fKbBpidvkYKu%2BhJJ5ViD5MBrntGkTB%2BosFIV0kdqs%2FvxPh2eTY5H60WGoGozw2uSzb6OhkN7sRFd9%2FCjozGwlS3ZGtRfyaPt1YTGFEP0%2BltvBZvVSFRsNnEFh2RkhLFUl0JSY8%2FOtbL6p5D5bVQAbBbJj1bnNHXaS6VhcuLCa6NhW3pZSCaWWXXyxBEGHgHJVMOU%2FU9XbNsg%3D%3D","environmentVariables":{"FIREBASE_CONFIG":"{\"projectId\":\"prompt-battle-c5e6a\",\"databaseURL\":\"https://prompt-battle-c5e6a-default-rtdb.firebaseio.com\",\"storageBucket\":\"prompt-battle-c5e6a.firebasestorage.app\"}","GCLOUD_PROJECT":"prompt-battle-c5e6a","EVENTARC_CLOUD_EVENT_SOURCE":"projects/prompt-battle-c5e6a/locations/us-central1/functions/squareWebhook"},"runtime":"nodejs20","buildEnvironmentVariables":{"GOOGLE_NODE_RUN_SCRIPTS":""},"dockerRegistry":"ARTIFACT_REGISTRY"},"versionId":"1","updateTime":"2026-03-17T05:51:16.550368221Z","buildId":"54e29991-2567-4daa-a2c3-d7b7fc850379","buildName":"projects/329010584107/locations/us-central1/builds/54e29991-2567-4daa-a2c3-d7b7fc850379"}}
[debug] [2026-03-17T05:51:24.922Z] [create-default-us-central1-grantGlory] Retrying task index 0
[debug] [2026-03-17T05:51:24.922Z] Checked if tokens are valid: true, expires at: 1773729535384
[debug] [2026-03-17T05:51:24.922Z] Checked if tokens are valid: true, expires at: 1773729535384
[debug] [2026-03-17T05:51:24.922Z] >>> [apiv2][query] GET https://cloudfunctions.googleapis.com/v1/operations/cHJvamVjdHMvcHJvbXB0LWJhdHRsZS1jNWU2YS9sb2NhdGlvbnMvdXMtY2VudHJhbDEvb3BlcmF0aW9ucy9vcGVyYXRpb24tMTc3MzcyNjY3NjE4Ny02NGQzMWVjNzY3N2Y5LTZmNTFlNzMxLWNmYjczZDgz [none]
[debug] [2026-03-17T05:51:24.923Z] <<< [apiv2][status] GET https://cloudfunctions.googleapis.com/v1/operations/cHJvamVjdHMvcHJvbXB0LWJhdHRsZS1jNWU2YS9sb2NhdGlvbnMvdXMtY2VudHJhbDEvb3BlcmF0aW9ucy9vcGVyYXRpb24tMTc3MzcyNjY3NjIwMC02NGQzMWVjNzZhYjcyLWY4ZjEyNjc4LWFlOWVmNDJm 200
[debug] [2026-03-17T05:51:24.923Z] <<< [apiv2][body] GET https://cloudfunctions.googleapis.com/v1/operations/cHJvamVjdHMvcHJvbXB0LWJhdHRsZS1jNWU2YS9sb2NhdGlvbnMvdXMtY2VudHJhbDEvb3BlcmF0aW9ucy9vcGVyYXRpb24tMTc3MzcyNjY3NjIwMC02NGQzMWVjNzZhYjcyLWY4ZjEyNjc4LWFlOWVmNDJm {"name":"operations/cHJvamVjdHMvcHJvbXB0LWJhdHRsZS1jNWU2YS9sb2NhdGlvbnMvdXMtY2VudHJhbDEvb3BlcmF0aW9ucy9vcGVyYXRpb24tMTc3MzcyNjY3NjIwMC02NGQzMWVjNzZhYjcyLWY4ZjEyNjc4LWFlOWVmNDJm","metadata":{"@type":"type.googleapis.com/google.cloud.functions.v1.OperationMetadataV1","target":"projects/prompt-battle-c5e6a/locations/us-central1/functions/grantXp","type":"CREATE_FUNCTION","request":{"@type":"type.googleapis.com/google.cloud.functions.v1.CloudFunction","name":"projects/prompt-battle-c5e6a/locations/us-central1/functions/grantXp","httpsTrigger":{"securityLevel":"SECURE_ALWAYS"},"entryPoint":"grantXp","updateTime":"1970-01-01T00:00:00Z","labels":{"deployment-tool":"cli-firebase","firebase-functions-hash":"d4fa81547bac1ca707eb0988d534e987f547df30"},"sourceUploadUrl":"https://storage.googleapis.com/uploads-763700285092.us-central1.cloudfunctions.appspot.com/8f0a08e6-ee58-4376-90f5-a123a31d90fb.zip?GoogleAccessId=service-329010584107@gcf-admin-robot.iam.gserviceaccount.com&Expires=1773728448&Signature=wPYDBa3v9T%2BzEdJcwe58wa%2BOF31A3I8IU4soZsWOuLLq8KY6rTCw9a0Q%2FG88%2BTUOtnzfuuIvbP%2FN%2FfjWKkkMuORIKJ0FLc8yC9gEzL%2FAXEFWfeReHwGJ%2BHxGE%2FpnE4GcuYshlG86F7fKbBpidvkYKu%2BhJJ5ViD5MBrntGkTB%2BosFIV0kdqs%2FvxPh2eTY5H60WGoGozw2uSzb6OhkN7sRFd9%2FCjozGwlS3ZGtRfyaPt1YTGFEP0%2BltvBZvVSFRsNnEFh2RkhLFUl0JSY8%2FOtbL6p5D5bVQAbBbJj1bnNHXaS6VhcuLCa6NhW3pZSCaWWXXyxBEGHgHJVMOU%2FU9XbNsg%3D%3D","environmentVariables":{"FIREBASE_CONFIG":"{\"projectId\":\"prompt-battle-c5e6a\",\"databaseURL\":\"https://prompt-battle-c5e6a-default-rtdb.firebaseio.com\",\"storageBucket\":\"prompt-battle-c5e6a.firebasestorage.app\"}","GCLOUD_PROJECT":"prompt-battle-c5e6a","EVENTARC_CLOUD_EVENT_SOURCE":"projects/prompt-battle-c5e6a/locations/us-central1/functions/grantXp"},"runtime":"nodejs20","buildEnvironmentVariables":{"GOOGLE_NODE_RUN_SCRIPTS":""},"dockerRegistry":"ARTIFACT_REGISTRY"},"versionId":"1","updateTime":"2026-03-17T05:51:16.501918760Z","buildId":"cb69b0aa-2495-40fc-bc3f-46147cea9b2c","buildName":"projects/329010584107/locations/us-central1/builds/cb69b0aa-2495-40fc-bc3f-46147cea9b2c"}}
[debug] [2026-03-17T05:51:24.927Z] <<< [apiv2][status] GET https://cloudfunctions.googleapis.com/v1/operations/cHJvamVjdHMvcHJvbXB0LWJhdHRsZS1jNWU2YS9sb2NhdGlvbnMvdXMtY2VudHJhbDEvb3BlcmF0aW9ucy9vcGVyYXRpb24tMTc3MzcyNjY3NjE5Mi02NGQzMWVjNzY4ZGMxLWFmMDgwOGZlLTFkZDMxOGVk 200
[debug] [2026-03-17T05:51:24.928Z] <<< [apiv2][body] GET https://cloudfunctions.googleapis.com/v1/operations/cHJvamVjdHMvcHJvbXB0LWJhdHRsZS1jNWU2YS9sb2NhdGlvbnMvdXMtY2VudHJhbDEvb3BlcmF0aW9ucy9vcGVyYXRpb24tMTc3MzcyNjY3NjE5Mi02NGQzMWVjNzY4ZGMxLWFmMDgwOGZlLTFkZDMxOGVk {"name":"operations/cHJvamVjdHMvcHJvbXB0LWJhdHRsZS1jNWU2YS9sb2NhdGlvbnMvdXMtY2VudHJhbDEvb3BlcmF0aW9ucy9vcGVyYXRpb24tMTc3MzcyNjY3NjE5Mi02NGQzMWVjNzY4ZGMxLWFmMDgwOGZlLTFkZDMxOGVk","metadata":{"@type":"type.googleapis.com/google.cloud.functions.v1.OperationMetadataV1","target":"projects/prompt-battle-c5e6a/locations/us-central1/functions/processPlayerCommand","type":"CREATE_FUNCTION","request":{"@type":"type.googleapis.com/google.cloud.functions.v1.CloudFunction","name":"projects/prompt-battle-c5e6a/locations/us-central1/functions/processPlayerCommand","httpsTrigger":{"securityLevel":"SECURE_ALWAYS"},"entryPoint":"processPlayerCommand","updateTime":"1970-01-01T00:00:00Z","labels":{"deployment-tool":"cli-firebase","firebase-functions-hash":"d4fa81547bac1ca707eb0988d534e987f547df30"},"sourceUploadUrl":"https://storage.googleapis.com/uploads-763700285092.us-central1.cloudfunctions.appspot.com/8f0a08e6-ee58-4376-90f5-a123a31d90fb.zip?GoogleAccessId=service-329010584107@gcf-admin-robot.iam.gserviceaccount.com&Expires=1773728448&Signature=wPYDBa3v9T%2BzEdJcwe58wa%2BOF31A3I8IU4soZsWOuLLq8KY6rTCw9a0Q%2FG88%2BTUOtnzfuuIvbP%2FN%2FfjWKkkMuORIKJ0FLc8yC9gEzL%2FAXEFWfeReHwGJ%2BHxGE%2FpnE4GcuYshlG86F7fKbBpidvkYKu%2BhJJ5ViD5MBrntGkTB%2BosFIV0kdqs%2FvxPh2eTY5H60WGoGozw2uSzb6OhkN7sRFd9%2FCjozGwlS3ZGtRfyaPt1YTGFEP0%2BltvBZvVSFRsNnEFh2RkhLFUl0JSY8%2FOtbL6p5D5bVQAbBbJj1bnNHXaS6VhcuLCa6NhW3pZSCaWWXXyxBEGHgHJVMOU%2FU9XbNsg%3D%3D","environmentVariables":{"FIREBASE_CONFIG":"{\"projectId\":\"prompt-battle-c5e6a\",\"databaseURL\":\"https://prompt-battle-c5e6a-default-rtdb.firebaseio.com\",\"storageBucket\":\"prompt-battle-c5e6a.firebasestorage.app\"}","GCLOUD_PROJECT":"prompt-battle-c5e6a","EVENTARC_CLOUD_EVENT_SOURCE":"projects/prompt-battle-c5e6a/locations/us-central1/functions/processPlayerCommand"},"runtime":"nodejs20","buildEnvironmentVariables":{"GOOGLE_NODE_RUN_SCRIPTS":""},"dockerRegistry":"ARTIFACT_REGISTRY"},"versionId":"1","updateTime":"2026-03-17T05:51:16.532030436Z","buildId":"b3ea6ae2-3bb3-4fc6-ad67-e26bfc7141bc","buildName":"projects/329010584107/locations/us-central1/builds/b3ea6ae2-3bb3-4fc6-ad67-e26bfc7141bc"}}
[debug] [2026-03-17T05:51:24.992Z] <<< [apiv2][status] GET https://cloudfunctions.googleapis.com/v1/operations/cHJvamVjdHMvcHJvbXB0LWJhdHRsZS1jNWU2YS9sb2NhdGlvbnMvdXMtY2VudHJhbDEvb3BlcmF0aW9ucy9vcGVyYXRpb24tMTc3MzcyNjY3NjE5NC02NGQzMWVjNzY5NDc3LWE2ZWY0MGE1LWZhYTg3YjBm 200
[debug] [2026-03-17T05:51:24.992Z] <<< [apiv2][body] GET https://cloudfunctions.googleapis.com/v1/operations/cHJvamVjdHMvcHJvbXB0LWJhdHRsZS1jNWU2YS9sb2NhdGlvbnMvdXMtY2VudHJhbDEvb3BlcmF0aW9ucy9vcGVyYXRpb24tMTc3MzcyNjY3NjE5NC02NGQzMWVjNzY5NDc3LWE2ZWY0MGE1LWZhYTg3YjBm {"name":"operations/cHJvamVjdHMvcHJvbXB0LWJhdHRsZS1jNWU2YS9sb2NhdGlvbnMvdXMtY2VudHJhbDEvb3BlcmF0aW9ucy9vcGVyYXRpb24tMTc3MzcyNjY3NjE5NC02NGQzMWVjNzY5NDc3LWE2ZWY0MGE1LWZhYTg3YjBm","metadata":{"@type":"type.googleapis.com/google.cloud.functions.v1.OperationMetadataV1","target":"projects/prompt-battle-c5e6a/locations/us-central1/functions/redeemItchKey","type":"CREATE_FUNCTION","request":{"@type":"type.googleapis.com/google.cloud.functions.v1.CloudFunction","name":"projects/prompt-battle-c5e6a/locations/us-central1/functions/redeemItchKey","httpsTrigger":{"securityLevel":"SECURE_ALWAYS"},"entryPoint":"redeemItchKey","updateTime":"1970-01-01T00:00:00Z","labels":{"deployment-tool":"cli-firebase","firebase-functions-hash":"d4fa81547bac1ca707eb0988d534e987f547df30"},"sourceUploadUrl":"https://storage.googleapis.com/uploads-763700285092.us-central1.cloudfunctions.appspot.com/8f0a08e6-ee58-4376-90f5-a123a31d90fb.zip?GoogleAccessId=service-329010584107@gcf-admin-robot.iam.gserviceaccount.com&Expires=1773728448&Signature=wPYDBa3v9T%2BzEdJcwe58wa%2BOF31A3I8IU4soZsWOuLLq8KY6rTCw9a0Q%2FG88%2BTUOtnzfuuIvbP%2FN%2FfjWKkkMuORIKJ0FLc8yC9gEzL%2FAXEFWfeReHwGJ%2BHxGE%2FpnE4GcuYshlG86F7fKbBpidvkYKu%2BhJJ5ViD5MBrntGkTB%2BosFIV0kdqs%2FvxPh2eTY5H60WGoGozw2uSzb6OhkN7sRFd9%2FCjozGwlS3ZGtRfyaPt1YTGFEP0%2BltvBZvVSFRsNnEFh2RkhLFUl0JSY8%2FOtbL6p5D5bVQAbBbJj1bnNHXaS6VhcuLCa6NhW3pZSCaWWXXyxBEGHgHJVMOU%2FU9XbNsg%3D%3D","environmentVariables":{"FIREBASE_CONFIG":"{\"projectId\":\"prompt-battle-c5e6a\",\"databaseURL\":\"https://prompt-battle-c5e6a-default-rtdb.firebaseio.com\",\"storageBucket\":\"prompt-battle-c5e6a.firebasestorage.app\"}","GCLOUD_PROJECT":"prompt-battle-c5e6a","EVENTARC_CLOUD_EVENT_SOURCE":"projects/prompt-battle-c5e6a/locations/us-central1/functions/redeemItchKey"},"runtime":"nodejs20","buildEnvironmentVariables":{"GOOGLE_NODE_RUN_SCRIPTS":""},"dockerRegistry":"ARTIFACT_REGISTRY"},"versionId":"1","updateTime":"2026-03-17T05:51:16.544539883Z","buildId":"ae8416aa-8285-4c9a-b448-2e5e6e8a8a79","buildName":"projects/329010584107/locations/us-central1/builds/ae8416aa-8285-4c9a-b448-2e5e6e8a8a79"}}
[debug] [2026-03-17T05:51:24.992Z] <<< [apiv2][status] GET https://cloudfunctions.googleapis.com/v1/operations/cHJvamVjdHMvcHJvbXB0LWJhdHRsZS1jNWU2YS9sb2NhdGlvbnMvdXMtY2VudHJhbDEvb3BlcmF0aW9ucy9vcGVyYXRpb24tMTc3MzcyNjY3NjIxMy02NGQzMWVjNzZlMGI3LWI4MTQ0NTA4LTcxYWExMDkw 200
[debug] [2026-03-17T05:51:24.992Z] <<< [apiv2][body] GET https://cloudfunctions.googleapis.com/v1/operations/cHJvamVjdHMvcHJvbXB0LWJhdHRsZS1jNWU2YS9sb2NhdGlvbnMvdXMtY2VudHJhbDEvb3BlcmF0aW9ucy9vcGVyYXRpb24tMTc3MzcyNjY3NjIxMy02NGQzMWVjNzZlMGI3LWI4MTQ0NTA4LTcxYWExMDkw {"name":"operations/cHJvamVjdHMvcHJvbXB0LWJhdHRsZS1jNWU2YS9sb2NhdGlvbnMvdXMtY2VudHJhbDEvb3BlcmF0aW9ucy9vcGVyYXRpb24tMTc3MzcyNjY3NjIxMy02NGQzMWVjNzZlMGI3LWI4MTQ0NTA4LTcxYWExMDkw","metadata":{"@type":"type.googleapis.com/google.cloud.functions.v1.OperationMetadataV1","target":"projects/prompt-battle-c5e6a/locations/us-central1/functions/purchaseItem","type":"CREATE_FUNCTION","request":{"@type":"type.googleapis.com/google.cloud.functions.v1.CloudFunction","name":"projects/prompt-battle-c5e6a/locations/us-central1/functions/purchaseItem","httpsTrigger":{"securityLevel":"SECURE_ALWAYS"},"entryPoint":"purchaseItem","updateTime":"1970-01-01T00:00:00Z","labels":{"deployment-tool":"cli-firebase","firebase-functions-hash":"d4fa81547bac1ca707eb0988d534e987f547df30"},"sourceUploadUrl":"https://storage.googleapis.com/uploads-763700285092.us-central1.cloudfunctions.appspot.com/8f0a08e6-ee58-4376-90f5-a123a31d90fb.zip?GoogleAccessId=service-329010584107@gcf-admin-robot.iam.gserviceaccount.com&Expires=1773728448&Signature=wPYDBa3v9T%2BzEdJcwe58wa%2BOF31A3I8IU4soZsWOuLLq8KY6rTCw9a0Q%2FG88%2BTUOtnzfuuIvbP%2FN%2FfjWKkkMuORIKJ0FLc8yC9gEzL%2FAXEFWfeReHwGJ%2BHxGE%2FpnE4GcuYshlG86F7fKbBpidvkYKu%2BhJJ5ViD5MBrntGkTB%2BosFIV0kdqs%2FvxPh2eTY5H60WGoGozw2uSzb6OhkN7sRFd9%2FCjozGwlS3ZGtRfyaPt1YTGFEP0%2BltvBZvVSFRsNnEFh2RkhLFUl0JSY8%2FOtbL6p5D5bVQAbBbJj1bnNHXaS6VhcuLCa6NhW3pZSCaWWXXyxBEGHgHJVMOU%2FU9XbNsg%3D%3D","environmentVariables":{"FIREBASE_CONFIG":"{\"projectId\":\"prompt-battle-c5e6a\",\"databaseURL\":\"https://prompt-battle-c5e6a-default-rtdb.firebaseio.com\",\"storageBucket\":\"prompt-battle-c5e6a.firebasestorage.app\"}","GCLOUD_PROJECT":"prompt-battle-c5e6a","EVENTARC_CLOUD_EVENT_SOURCE":"projects/prompt-battle-c5e6a/locations/us-central1/functions/purchaseItem"},"runtime":"nodejs20","buildEnvironmentVariables":{"GOOGLE_NODE_RUN_SCRIPTS":""},"dockerRegistry":"ARTIFACT_REGISTRY"},"versionId":"1","updateTime":"2026-03-17T05:51:16.553843845Z","buildId":"c843c11c-1cd2-4788-9590-779f80d8f635","buildName":"projects/329010584107/locations/us-central1/builds/c843c11c-1cd2-4788-9590-779f80d8f635"}}
[debug] [2026-03-17T05:51:24.998Z] <<< [apiv2][status] GET https://cloudfunctions.googleapis.com/v1/operations/cHJvamVjdHMvcHJvbXB0LWJhdHRsZS1jNWU2YS9sb2NhdGlvbnMvdXMtY2VudHJhbDEvb3BlcmF0aW9ucy9vcGVyYXRpb24tMTc3MzcyNjY3NjIxNy02NGQzMWVjNzZlZjI4LWU1MWQ2Mzk1LTYwZjNmZjhj 200
[debug] [2026-03-17T05:51:24.998Z] <<< [apiv2][body] GET https://cloudfunctions.googleapis.com/v1/operations/cHJvamVjdHMvcHJvbXB0LWJhdHRsZS1jNWU2YS9sb2NhdGlvbnMvdXMtY2VudHJhbDEvb3BlcmF0aW9ucy9vcGVyYXRpb24tMTc3MzcyNjY3NjIxNy02NGQzMWVjNzZlZjI4LWU1MWQ2Mzk1LTYwZjNmZjhj {"name":"operations/cHJvamVjdHMvcHJvbXB0LWJhdHRsZS1jNWU2YS9sb2NhdGlvbnMvdXMtY2VudHJhbDEvb3BlcmF0aW9ucy9vcGVyYXRpb24tMTc3MzcyNjY3NjIxNy02NGQzMWVjNzZlZjI4LWU1MWQ2Mzk1LTYwZjNmZjhj","metadata":{"@type":"type.googleapis.com/google.cloud.functions.v1.OperationMetadataV1","target":"projects/prompt-battle-c5e6a/locations/us-central1/functions/onPlayerJoinQueue","type":"CREATE_FUNCTION","request":{"@type":"type.googleapis.com/google.cloud.functions.v1.CloudFunction","name":"projects/prompt-battle-c5e6a/locations/us-central1/functions/onPlayerJoinQueue","eventTrigger":{"eventType":"providers/google.firebase.database/eventTypes/ref.create","resource":"projects/_/instances/prompt-battle-c5e6a-default-rtdb/refs/matchmaking/queue/{playerId}","failurePolicy":{}},"entryPoint":"onPlayerJoinQueue","updateTime":"1970-01-01T00:00:00Z","labels":{"deployment-tool":"cli-firebase","firebase-functions-hash":"d4fa81547bac1ca707eb0988d534e987f547df30"},"sourceUploadUrl":"https://storage.googleapis.com/uploads-763700285092.us-central1.cloudfunctions.appspot.com/8f0a08e6-ee58-4376-90f5-a123a31d90fb.zip?GoogleAccessId=service-329010584107@gcf-admin-robot.iam.gserviceaccount.com&Expires=1773728448&Signature=wPYDBa3v9T%2BzEdJcwe58wa%2BOF31A3I8IU4soZsWOuLLq8KY6rTCw9a0Q%2FG88%2BTUOtnzfuuIvbP%2FN%2FfjWKkkMuORIKJ0FLc8yC9gEzL%2FAXEFWfeReHwGJ%2BHxGE%2FpnE4GcuYshlG86F7fKbBpidvkYKu%2BhJJ5ViD5MBrntGkTB%2BosFIV0kdqs%2FvxPh2eTY5H60WGoGozw2uSzb6OhkN7sRFd9%2FCjozGwlS3ZGtRfyaPt1YTGFEP0%2BltvBZvVSFRsNnEFh2RkhLFUl0JSY8%2FOtbL6p5D5bVQAbBbJj1bnNHXaS6VhcuLCa6NhW3pZSCaWWXXyxBEGHgHJVMOU%2FU9XbNsg%3D%3D","environmentVariables":{"FIREBASE_CONFIG":"{\"projectId\":\"prompt-battle-c5e6a\",\"databaseURL\":\"https://prompt-battle-c5e6a-default-rtdb.firebaseio.com\",\"storageBucket\":\"prompt-battle-c5e6a.firebasestorage.app\"}","GCLOUD_PROJECT":"prompt-battle-c5e6a","EVENTARC_CLOUD_EVENT_SOURCE":"projects/prompt-battle-c5e6a/locations/us-central1/functions/onPlayerJoinQueue"},"runtime":"nodejs20","buildEnvironmentVariables":{"GOOGLE_NODE_RUN_SCRIPTS":""},"dockerRegistry":"ARTIFACT_REGISTRY"},"versionId":"1","updateTime":"2026-03-17T05:51:16.524092895Z","buildId":"6bb313a0-9775-4efb-af89-b4febe3af2e1","buildName":"projects/329010584107/locations/us-central1/builds/6bb313a0-9775-4efb-af89-b4febe3af2e1"}}
[debug] [2026-03-17T05:51:25.004Z] <<< [apiv2][status] GET https://cloudfunctions.googleapis.com/v1/operations/cHJvamVjdHMvcHJvbXB0LWJhdHRsZS1jNWU2YS9sb2NhdGlvbnMvdXMtY2VudHJhbDEvb3BlcmF0aW9ucy9vcGVyYXRpb24tMTc3MzcyNjY3NjIwMi02NGQzMWVjNzZiNWYwLTE4YTQxYWRhLTU1ZmU5NmVk 200
[debug] [2026-03-17T05:51:25.004Z] <<< [apiv2][body] GET https://cloudfunctions.googleapis.com/v1/operations/cHJvamVjdHMvcHJvbXB0LWJhdHRsZS1jNWU2YS9sb2NhdGlvbnMvdXMtY2VudHJhbDEvb3BlcmF0aW9ucy9vcGVyYXRpb24tMTc3MzcyNjY3NjIwMi02NGQzMWVjNzZiNWYwLTE4YTQxYWRhLTU1ZmU5NmVk {"name":"operations/cHJvamVjdHMvcHJvbXB0LWJhdHRsZS1jNWU2YS9sb2NhdGlvbnMvdXMtY2VudHJhbDEvb3BlcmF0aW9ucy9vcGVyYXRpb24tMTc3MzcyNjY3NjIwMi02NGQzMWVjNzZiNWYwLTE4YTQxYWRhLTU1ZmU5NmVk","metadata":{"@type":"type.googleapis.com/google.cloud.functions.v1.OperationMetadataV1","target":"projects/prompt-battle-c5e6a/locations/us-central1/functions/itchOAuthCallback","type":"CREATE_FUNCTION","request":{"@type":"type.googleapis.com/google.cloud.functions.v1.CloudFunction","name":"projects/prompt-battle-c5e6a/locations/us-central1/functions/itchOAuthCallback","httpsTrigger":{"securityLevel":"SECURE_ALWAYS"},"entryPoint":"itchOAuthCallback","updateTime":"1970-01-01T00:00:00Z","labels":{"deployment-tool":"cli-firebase","firebase-functions-hash":"d4fa81547bac1ca707eb0988d534e987f547df30"},"sourceUploadUrl":"https://storage.googleapis.com/uploads-763700285092.us-central1.cloudfunctions.appspot.com/8f0a08e6-ee58-4376-90f5-a123a31d90fb.zip?GoogleAccessId=service-329010584107@gcf-admin-robot.iam.gserviceaccount.com&Expires=1773728448&Signature=wPYDBa3v9T%2BzEdJcwe58wa%2BOF31A3I8IU4soZsWOuLLq8KY6rTCw9a0Q%2FG88%2BTUOtnzfuuIvbP%2FN%2FfjWKkkMuORIKJ0FLc8yC9gEzL%2FAXEFWfeReHwGJ%2BHxGE%2FpnE4GcuYshlG86F7fKbBpidvkYKu%2BhJJ5ViD5MBrntGkTB%2BosFIV0kdqs%2FvxPh2eTY5H60WGoGozw2uSzb6OhkN7sRFd9%2FCjozGwlS3ZGtRfyaPt1YTGFEP0%2BltvBZvVSFRsNnEFh2RkhLFUl0JSY8%2FOtbL6p5D5bVQAbBbJj1bnNHXaS6VhcuLCa6NhW3pZSCaWWXXyxBEGHgHJVMOU%2FU9XbNsg%3D%3D","environmentVariables":{"FIREBASE_CONFIG":"{\"projectId\":\"prompt-battle-c5e6a\",\"databaseURL\":\"https://prompt-battle-c5e6a-default-rtdb.firebaseio.com\",\"storageBucket\":\"prompt-battle-c5e6a.firebasestorage.app\"}","GCLOUD_PROJECT":"prompt-battle-c5e6a","EVENTARC_CLOUD_EVENT_SOURCE":"projects/prompt-battle-c5e6a/locations/us-central1/functions/itchOAuthCallback"},"runtime":"nodejs20","buildEnvironmentVariables":{"GOOGLE_NODE_RUN_SCRIPTS":""},"dockerRegistry":"ARTIFACT_REGISTRY"},"versionId":"1","updateTime":"2026-03-17T05:51:16.542322036Z","buildId":"3c20ebd1-601a-4f70-969a-5884dda2155a","buildName":"projects/329010584107/locations/us-central1/builds/3c20ebd1-601a-4f70-969a-5884dda2155a"}}
[debug] [2026-03-17T05:51:25.005Z] <<< [apiv2][status] GET https://cloudfunctions.googleapis.com/v1/operations/cHJvamVjdHMvcHJvbXB0LWJhdHRsZS1jNWU2YS9sb2NhdGlvbnMvdXMtY2VudHJhbDEvb3BlcmF0aW9ucy9vcGVyYXRpb24tMTc3MzcyNjY3NjIxOS02NGQzMWVjNzZmNGViLTAyZGExNjEwLTBmNzE3NmMx 200
[debug] [2026-03-17T05:51:25.005Z] <<< [apiv2][body] GET https://cloudfunctions.googleapis.com/v1/operations/cHJvamVjdHMvcHJvbXB0LWJhdHRsZS1jNWU2YS9sb2NhdGlvbnMvdXMtY2VudHJhbDEvb3BlcmF0aW9ucy9vcGVyYXRpb24tMTc3MzcyNjY3NjIxOS02NGQzMWVjNzZmNGViLTAyZGExNjEwLTBmNzE3NmMx {"name":"operations/cHJvamVjdHMvcHJvbXB0LWJhdHRsZS1jNWU2YS9sb2NhdGlvbnMvdXMtY2VudHJhbDEvb3BlcmF0aW9ucy9vcGVyYXRpb24tMTc3MzcyNjY3NjIxOS02NGQzMWVjNzZmNGViLTAyZGExNjEwLTBmNzE3NmMx","metadata":{"@type":"type.googleapis.com/google.cloud.functions.v1.OperationMetadataV1","target":"projects/prompt-battle-c5e6a/locations/us-central1/functions/adminGrantItems","type":"CREATE_FUNCTION","request":{"@type":"type.googleapis.com/google.cloud.functions.v1.CloudFunction","name":"projects/prompt-battle-c5e6a/locations/us-central1/functions/adminGrantItems","httpsTrigger":{"securityLevel":"SECURE_ALWAYS"},"entryPoint":"adminGrantItems","updateTime":"1970-01-01T00:00:00Z","labels":{"deployment-tool":"cli-firebase","firebase-functions-hash":"d4fa81547bac1ca707eb0988d534e987f547df30"},"sourceUploadUrl":"https://storage.googleapis.com/uploads-763700285092.us-central1.cloudfunctions.appspot.com/8f0a08e6-ee58-4376-90f5-a123a31d90fb.zip?GoogleAccessId=service-329010584107@gcf-admin-robot.iam.gserviceaccount.com&Expires=1773728448&Signature=wPYDBa3v9T%2BzEdJcwe58wa%2BOF31A3I8IU4soZsWOuLLq8KY6rTCw9a0Q%2FG88%2BTUOtnzfuuIvbP%2FN%2FfjWKkkMuORIKJ0FLc8yC9gEzL%2FAXEFWfeReHwGJ%2BHxGE%2FpnE4GcuYshlG86F7fKbBpidvkYKu%2BhJJ5ViD5MBrntGkTB%2BosFIV0kdqs%2FvxPh2eTY5H60WGoGozw2uSzb6OhkN7sRFd9%2FCjozGwlS3ZGtRfyaPt1YTGFEP0%2BltvBZvVSFRsNnEFh2RkhLFUl0JSY8%2FOtbL6p5D5bVQAbBbJj1bnNHXaS6VhcuLCa6NhW3pZSCaWWXXyxBEGHgHJVMOU%2FU9XbNsg%3D%3D","environmentVariables":{"FIREBASE_CONFIG":"{\"projectId\":\"prompt-battle-c5e6a\",\"databaseURL\":\"https://prompt-battle-c5e6a-default-rtdb.firebaseio.com\",\"storageBucket\":\"prompt-battle-c5e6a.firebasestorage.app\"}","GCLOUD_PROJECT":"prompt-battle-c5e6a","EVENTARC_CLOUD_EVENT_SOURCE":"projects/prompt-battle-c5e6a/locations/us-central1/functions/adminGrantItems"},"runtime":"nodejs20","buildEnvironmentVariables":{"GOOGLE_NODE_RUN_SCRIPTS":""},"dockerRegistry":"ARTIFACT_REGISTRY"},"versionId":"1","updateTime":"2026-03-17T05:51:16.534572298Z","buildId":"6907457a-3811-49c2-a9d0-9208cb34ea6c","buildName":"projects/329010584107/locations/us-central1/builds/6907457a-3811-49c2-a9d0-9208cb34ea6c"}}
[debug] [2026-03-17T05:51:25.009Z] <<< [apiv2][status] GET https://cloudfunctions.googleapis.com/v1/operations/cHJvamVjdHMvcHJvbXB0LWJhdHRsZS1jNWU2YS9sb2NhdGlvbnMvdXMtY2VudHJhbDEvb3BlcmF0aW9ucy9vcGVyYXRpb24tMTc3MzcyNjY3NjE5OC02NGQzMWVjNzZhNDM3LTdkYjUzYTQ3LWIwY2Q5YTcw 200
[debug] [2026-03-17T05:51:25.009Z] <<< [apiv2][body] GET https://cloudfunctions.googleapis.com/v1/operations/cHJvamVjdHMvcHJvbXB0LWJhdHRsZS1jNWU2YS9sb2NhdGlvbnMvdXMtY2VudHJhbDEvb3BlcmF0aW9ucy9vcGVyYXRpb24tMTc3MzcyNjY3NjE5OC02NGQzMWVjNzZhNDM3LTdkYjUzYTQ3LWIwY2Q5YTcw {"name":"operations/cHJvamVjdHMvcHJvbXB0LWJhdHRsZS1jNWU2YS9sb2NhdGlvbnMvdXMtY2VudHJhbDEvb3BlcmF0aW9ucy9vcGVyYXRpb24tMTc3MzcyNjY3NjE5OC02NGQzMWVjNzZhNDM3LTdkYjUzYTQ3LWIwY2Q5YTcw","metadata":{"@type":"type.googleapis.com/google.cloud.functions.v1.OperationMetadataV1","target":"projects/prompt-battle-c5e6a/locations/us-central1/functions/purchaseBattlePass","type":"CREATE_FUNCTION","request":{"@type":"type.googleapis.com/google.cloud.functions.v1.CloudFunction","name":"projects/prompt-battle-c5e6a/locations/us-central1/functions/purchaseBattlePass","httpsTrigger":{"securityLevel":"SECURE_ALWAYS"},"entryPoint":"purchaseBattlePass","updateTime":"1970-01-01T00:00:00Z","labels":{"deployment-tool":"cli-firebase","firebase-functions-hash":"d4fa81547bac1ca707eb0988d534e987f547df30"},"sourceUploadUrl":"https://storage.googleapis.com/uploads-763700285092.us-central1.cloudfunctions.appspot.com/8f0a08e6-ee58-4376-90f5-a123a31d90fb.zip?GoogleAccessId=service-329010584107@gcf-admin-robot.iam.gserviceaccount.com&Expires=1773728448&Signature=wPYDBa3v9T%2BzEdJcwe58wa%2BOF31A3I8IU4soZsWOuLLq8KY6rTCw9a0Q%2FG88%2BTUOtnzfuuIvbP%2FN%2FfjWKkkMuORIKJ0FLc8yC9gEzL%2FAXEFWfeReHwGJ%2BHxGE%2FpnE4GcuYshlG86F7fKbBpidvkYKu%2BhJJ5ViD5MBrntGkTB%2BosFIV0kdqs%2FvxPh2eTY5H60WGoGozw2uSzb6OhkN7sRFd9%2FCjozGwlS3ZGtRfyaPt1YTGFEP0%2BltvBZvVSFRsNnEFh2RkhLFUl0JSY8%2FOtbL6p5D5bVQAbBbJj1bnNHXaS6VhcuLCa6NhW3pZSCaWWXXyxBEGHgHJVMOU%2FU9XbNsg%3D%3D","environmentVariables":{"FIREBASE_CONFIG":"{\"projectId\":\"prompt-battle-c5e6a\",\"databaseURL\":\"https://prompt-battle-c5e6a-default-rtdb.firebaseio.com\",\"storageBucket\":\"prompt-battle-c5e6a.firebasestorage.app\"}","GCLOUD_PROJECT":"prompt-battle-c5e6a","EVENTARC_CLOUD_EVENT_SOURCE":"projects/prompt-battle-c5e6a/locations/us-central1/functions/purchaseBattlePass"},"runtime":"nodejs20","buildEnvironmentVariables":{"GOOGLE_NODE_RUN_SCRIPTS":""},"dockerRegistry":"ARTIFACT_REGISTRY"},"versionId":"1","updateTime":"2026-03-17T05:51:16.530765237Z","buildId":"b190a897-53e8-4cdc-b9a7-47584e582c4e","buildName":"projects/329010584107/locations/us-central1/builds/b190a897-53e8-4cdc-b9a7-47584e582c4e"}}
[debug] [2026-03-17T05:51:25.024Z] <<< [apiv2][status] GET https://cloudfunctions.googleapis.com/v1/operations/cHJvamVjdHMvcHJvbXB0LWJhdHRsZS1jNWU2YS9sb2NhdGlvbnMvdXMtY2VudHJhbDEvb3BlcmF0aW9ucy9vcGVyYXRpb24tMTc3MzcyNjY3NjE5Mi02NGQzMWVjNzY4ZTUzLWNkMTkyZDI5LTQ2N2RkZDJj 200
[debug] [2026-03-17T05:51:25.024Z] <<< [apiv2][body] GET https://cloudfunctions.googleapis.com/v1/operations/cHJvamVjdHMvcHJvbXB0LWJhdHRsZS1jNWU2YS9sb2NhdGlvbnMvdXMtY2VudHJhbDEvb3BlcmF0aW9ucy9vcGVyYXRpb24tMTc3MzcyNjY3NjE5Mi02NGQzMWVjNzY4ZTUzLWNkMTkyZDI5LTQ2N2RkZDJj {"name":"operations/cHJvamVjdHMvcHJvbXB0LWJhdHRsZS1jNWU2YS9sb2NhdGlvbnMvdXMtY2VudHJhbDEvb3BlcmF0aW9ucy9vcGVyYXRpb24tMTc3MzcyNjY3NjE5Mi02NGQzMWVjNzY4ZTUzLWNkMTkyZDI5LTQ2N2RkZDJj","metadata":{"@type":"type.googleapis.com/google.cloud.functions.v1.OperationMetadataV1","target":"projects/prompt-battle-c5e6a/locations/us-central1/functions/claimBattlePassReward","type":"CREATE_FUNCTION","request":{"@type":"type.googleapis.com/google.cloud.functions.v1.CloudFunction","name":"projects/prompt-battle-c5e6a/locations/us-central1/functions/claimBattlePassReward","httpsTrigger":{"securityLevel":"SECURE_ALWAYS"},"entryPoint":"claimBattlePassReward","updateTime":"1970-01-01T00:00:00Z","labels":{"deployment-tool":"cli-firebase","firebase-functions-hash":"d4fa81547bac1ca707eb0988d534e987f547df30"},"sourceUploadUrl":"https://storage.googleapis.com/uploads-763700285092.us-central1.cloudfunctions.appspot.com/8f0a08e6-ee58-4376-90f5-a123a31d90fb.zip?GoogleAccessId=service-329010584107@gcf-admin-robot.iam.gserviceaccount.com&Expires=1773728448&Signature=wPYDBa3v9T%2BzEdJcwe58wa%2BOF31A3I8IU4soZsWOuLLq8KY6rTCw9a0Q%2FG88%2BTUOtnzfuuIvbP%2FN%2FfjWKkkMuORIKJ0FLc8yC9gEzL%2FAXEFWfeReHwGJ%2BHxGE%2FpnE4GcuYshlG86F7fKbBpidvkYKu%2BhJJ5ViD5MBrntGkTB%2BosFIV0kdqs%2FvxPh2eTY5H60WGoGozw2uSzb6OhkN7sRFd9%2FCjozGwlS3ZGtRfyaPt1YTGFEP0%2BltvBZvVSFRsNnEFh2RkhLFUl0JSY8%2FOtbL6p5D5bVQAbBbJj1bnNHXaS6VhcuLCa6NhW3pZSCaWWXXyxBEGHgHJVMOU%2FU9XbNsg%3D%3D","environmentVariables":{"FIREBASE_CONFIG":"{\"projectId\":\"prompt-battle-c5e6a\",\"databaseURL\":\"https://prompt-battle-c5e6a-default-rtdb.firebaseio.com\",\"storageBucket\":\"prompt-battle-c5e6a.firebasestorage.app\"}","GCLOUD_PROJECT":"prompt-battle-c5e6a","EVENTARC_CLOUD_EVENT_SOURCE":"projects/prompt-battle-c5e6a/locations/us-central1/functions/claimBattlePassReward"},"runtime":"nodejs20","buildEnvironmentVariables":{"GOOGLE_NODE_RUN_SCRIPTS":""},"dockerRegistry":"ARTIFACT_REGISTRY"},"versionId":"1","updateTime":"2026-03-17T05:51:16.539548124Z","buildId":"99a9e6ca-4c55-4b69-a023-b67a74d11fb2","buildName":"projects/329010584107/locations/us-central1/builds/99a9e6ca-4c55-4b69-a023-b67a74d11fb2"}}
[debug] [2026-03-17T05:51:25.033Z] <<< [apiv2][status] GET https://cloudfunctions.googleapis.com/v1/operations/cHJvamVjdHMvcHJvbXB0LWJhdHRsZS1jNWU2YS9sb2NhdGlvbnMvdXMtY2VudHJhbDEvb3BlcmF0aW9ucy9vcGVyYXRpb24tMTc3MzcyNjY3NjE5Ny02NGQzMWVjNzZhMWI4LTFhNDVhMDVkLTI3Y2NmN2Ji 200
[debug] [2026-03-17T05:51:25.033Z] <<< [apiv2][body] GET https://cloudfunctions.googleapis.com/v1/operations/cHJvamVjdHMvcHJvbXB0LWJhdHRsZS1jNWU2YS9sb2NhdGlvbnMvdXMtY2VudHJhbDEvb3BlcmF0aW9ucy9vcGVyYXRpb24tMTc3MzcyNjY3NjE5Ny02NGQzMWVjNzZhMWI4LTFhNDVhMDVkLTI3Y2NmN2Ji {"name":"operations/cHJvamVjdHMvcHJvbXB0LWJhdHRsZS1jNWU2YS9sb2NhdGlvbnMvdXMtY2VudHJhbDEvb3BlcmF0aW9ucy9vcGVyYXRpb24tMTc3MzcyNjY3NjE5Ny02NGQzMWVjNzZhMWI4LTFhNDVhMDVkLTI3Y2NmN2Ji","metadata":{"@type":"type.googleapis.com/google.cloud.functions.v1.OperationMetadataV1","target":"projects/prompt-battle-c5e6a/locations/us-central1/functions/itchAppAuth","type":"CREATE_FUNCTION","request":{"@type":"type.googleapis.com/google.cloud.functions.v1.CloudFunction","name":"projects/prompt-battle-c5e6a/locations/us-central1/functions/itchAppAuth","httpsTrigger":{"securityLevel":"SECURE_ALWAYS"},"entryPoint":"itchAppAuth","updateTime":"1970-01-01T00:00:00Z","labels":{"deployment-tool":"cli-firebase","firebase-functions-hash":"d4fa81547bac1ca707eb0988d534e987f547df30"},"sourceUploadUrl":"https://storage.googleapis.com/uploads-763700285092.us-central1.cloudfunctions.appspot.com/8f0a08e6-ee58-4376-90f5-a123a31d90fb.zip?GoogleAccessId=service-329010584107@gcf-admin-robot.iam.gserviceaccount.com&Expires=1773728448&Signature=wPYDBa3v9T%2BzEdJcwe58wa%2BOF31A3I8IU4soZsWOuLLq8KY6rTCw9a0Q%2FG88%2BTUOtnzfuuIvbP%2FN%2FfjWKkkMuORIKJ0FLc8yC9gEzL%2FAXEFWfeReHwGJ%2BHxGE%2FpnE4GcuYshlG86F7fKbBpidvkYKu%2BhJJ5ViD5MBrntGkTB%2BosFIV0kdqs%2FvxPh2eTY5H60WGoGozw2uSzb6OhkN7sRFd9%2FCjozGwlS3ZGtRfyaPt1YTGFEP0%2BltvBZvVSFRsNnEFh2RkhLFUl0JSY8%2FOtbL6p5D5bVQAbBbJj1bnNHXaS6VhcuLCa6NhW3pZSCaWWXXyxBEGHgHJVMOU%2FU9XbNsg%3D%3D","environmentVariables":{"FIREBASE_CONFIG":"{\"projectId\":\"prompt-battle-c5e6a\",\"databaseURL\":\"https://prompt-battle-c5e6a-default-rtdb.firebaseio.com\",\"storageBucket\":\"prompt-battle-c5e6a.firebasestorage.app\"}","GCLOUD_PROJECT":"prompt-battle-c5e6a","EVENTARC_CLOUD_EVENT_SOURCE":"projects/prompt-battle-c5e6a/locations/us-central1/functions/itchAppAuth"},"runtime":"nodejs20","buildEnvironmentVariables":{"GOOGLE_NODE_RUN_SCRIPTS":""},"dockerRegistry":"ARTIFACT_REGISTRY"},"versionId":"1","updateTime":"2026-03-17T05:51:16.522093481Z","buildId":"7ef76630-9ebb-42c0-82ee-89c447dba4c9","buildName":"projects/329010584107/locations/us-central1/builds/7ef76630-9ebb-42c0-82ee-89c447dba4c9"}}
[debug] [2026-03-17T05:51:25.040Z] <<< [apiv2][status] GET https://cloudfunctions.googleapis.com/v1/operations/cHJvamVjdHMvcHJvbXB0LWJhdHRsZS1jNWU2YS9sb2NhdGlvbnMvdXMtY2VudHJhbDEvb3BlcmF0aW9ucy9vcGVyYXRpb24tMTc3MzcyNjY3NjE4Ny02NGQzMWVjNzY3N2Y5LTZmNTFlNzMxLWNmYjczZDgz 200
[debug] [2026-03-17T05:51:25.040Z] <<< [apiv2][body] GET https://cloudfunctions.googleapis.com/v1/operations/cHJvamVjdHMvcHJvbXB0LWJhdHRsZS1jNWU2YS9sb2NhdGlvbnMvdXMtY2VudHJhbDEvb3BlcmF0aW9ucy9vcGVyYXRpb24tMTc3MzcyNjY3NjE4Ny02NGQzMWVjNzY3N2Y5LTZmNTFlNzMxLWNmYjczZDgz {"name":"operations/cHJvamVjdHMvcHJvbXB0LWJhdHRsZS1jNWU2YS9sb2NhdGlvbnMvdXMtY2VudHJhbDEvb3BlcmF0aW9ucy9vcGVyYXRpb24tMTc3MzcyNjY3NjE4Ny02NGQzMWVjNzY3N2Y5LTZmNTFlNzMxLWNmYjczZDgz","metadata":{"@type":"type.googleapis.com/google.cloud.functions.v1.OperationMetadataV1","target":"projects/prompt-battle-c5e6a/locations/us-central1/functions/grantGlory","type":"CREATE_FUNCTION","request":{"@type":"type.googleapis.com/google.cloud.functions.v1.CloudFunction","name":"projects/prompt-battle-c5e6a/locations/us-central1/functions/grantGlory","httpsTrigger":{"securityLevel":"SECURE_ALWAYS"},"entryPoint":"grantGlory","updateTime":"1970-01-01T00:00:00Z","labels":{"deployment-tool":"cli-firebase","firebase-functions-hash":"d4fa81547bac1ca707eb0988d534e987f547df30"},"sourceUploadUrl":"https://storage.googleapis.com/uploads-763700285092.us-central1.cloudfunctions.appspot.com/8f0a08e6-ee58-4376-90f5-a123a31d90fb.zip?GoogleAccessId=service-329010584107@gcf-admin-robot.iam.gserviceaccount.com&Expires=1773728448&Signature=wPYDBa3v9T%2BzEdJcwe58wa%2BOF31A3I8IU4soZsWOuLLq8KY6rTCw9a0Q%2FG88%2BTUOtnzfuuIvbP%2FN%2FfjWKkkMuORIKJ0FLc8yC9gEzL%2FAXEFWfeReHwGJ%2BHxGE%2FpnE4GcuYshlG86F7fKbBpidvkYKu%2BhJJ5ViD5MBrntGkTB%2BosFIV0kdqs%2FvxPh2eTY5H60WGoGozw2uSzb6OhkN7sRFd9%2FCjozGwlS3ZGtRfyaPt1YTGFEP0%2BltvBZvVSFRsNnEFh2RkhLFUl0JSY8%2FOtbL6p5D5bVQAbBbJj1bnNHXaS6VhcuLCa6NhW3pZSCaWWXXyxBEGHgHJVMOU%2FU9XbNsg%3D%3D","environmentVariables":{"FIREBASE_CONFIG":"{\"projectId\":\"prompt-battle-c5e6a\",\"databaseURL\":\"https://prompt-battle-c5e6a-default-rtdb.firebaseio.com\",\"storageBucket\":\"prompt-battle-c5e6a.firebasestorage.app\"}","GCLOUD_PROJECT":"prompt-battle-c5e6a","EVENTARC_CLOUD_EVENT_SOURCE":"projects/prompt-battle-c5e6a/locations/us-central1/functions/grantGlory"},"runtime":"nodejs20","buildEnvironmentVariables":{"GOOGLE_NODE_RUN_SCRIPTS":""},"dockerRegistry":"ARTIFACT_REGISTRY"},"versionId":"1","updateTime":"2026-03-17T05:51:16.540514037Z","buildId":"714add40-5199-408c-8d5a-8b37209a094b","buildName":"projects/329010584107/locations/us-central1/builds/714add40-5199-408c-8d5a-8b37209a094b"}}
[debug] [2026-03-17T05:51:32.879Z] [create-default-us-central1-grantBattlePassXp] Retrying task index 0
[debug] [2026-03-17T05:51:32.879Z] Checked if tokens are valid: true, expires at: 1773729535384
[debug] [2026-03-17T05:51:32.879Z] Checked if tokens are valid: true, expires at: 1773729535384
[debug] [2026-03-17T05:51:32.879Z] >>> [apiv2][query] GET https://cloudfunctions.googleapis.com/v1/operations/cHJvamVjdHMvcHJvbXB0LWJhdHRsZS1jNWU2YS9sb2NhdGlvbnMvdXMtY2VudHJhbDEvb3BlcmF0aW9ucy9vcGVyYXRpb24tMTc3MzcyNjY3NjIxNy02NGQzMWVjNzZlZDA2LTRlNzZlOTc0LWQ1NGViOTUx [none]
[debug] [2026-03-17T05:51:32.895Z] [create-default-us-central1-completePayment] Retrying task index 0
[debug] [2026-03-17T05:51:32.896Z] Checked if tokens are valid: true, expires at: 1773729535384
[debug] [2026-03-17T05:51:32.896Z] Checked if tokens are valid: true, expires at: 1773729535384
[debug] [2026-03-17T05:51:32.896Z] >>> [apiv2][query] GET https://cloudfunctions.googleapis.com/v1/operations/cHJvamVjdHMvcHJvbXB0LWJhdHRsZS1jNWU2YS9sb2NhdGlvbnMvdXMtY2VudHJhbDEvb3BlcmF0aW9ucy9vcGVyYXRpb24tMTc3MzcyNjY3NjE2Mi02NGQzMWVjNzYxOGQ1LTA4ZTRkYjMyLTY1NWNhZjNh [none]
[debug] [2026-03-17T05:51:32.909Z] [create-default-us-central1-squareWebhook] Retrying task index 0
[debug] [2026-03-17T05:51:32.909Z] Checked if tokens are valid: true, expires at: 1773729535384
[debug] [2026-03-17T05:51:32.909Z] Checked if tokens are valid: true, expires at: 1773729535384
[debug] [2026-03-17T05:51:32.909Z] >>> [apiv2][query] GET https://cloudfunctions.googleapis.com/v1/operations/cHJvamVjdHMvcHJvbXB0LWJhdHRsZS1jNWU2YS9sb2NhdGlvbnMvdXMtY2VudHJhbDEvb3BlcmF0aW9ucy9vcGVyYXRpb24tMTc3MzcyNjY3NjE5MS02NGQzMWVjNzY4YTQ2LTAzZDEwMTg0LTVhODc0ZmFm [none]
[debug] [2026-03-17T05:51:32.925Z] [create-default-us-central1-grantXp] Retrying task index 0
[debug] [2026-03-17T05:51:32.926Z] Checked if tokens are valid: true, expires at: 1773729535384
[debug] [2026-03-17T05:51:32.926Z] Checked if tokens are valid: true, expires at: 1773729535384
[debug] [2026-03-17T05:51:32.926Z] >>> [apiv2][query] GET https://cloudfunctions.googleapis.com/v1/operations/cHJvamVjdHMvcHJvbXB0LWJhdHRsZS1jNWU2YS9sb2NhdGlvbnMvdXMtY2VudHJhbDEvb3BlcmF0aW9ucy9vcGVyYXRpb24tMTc3MzcyNjY3NjIwMC02NGQzMWVjNzZhYjcyLWY4ZjEyNjc4LWFlOWVmNDJm [none]
[debug] [2026-03-17T05:51:32.928Z] [create-default-us-central1-processPlayerCommand] Retrying task index 0
[debug] [2026-03-17T05:51:32.928Z] Checked if tokens are valid: true, expires at: 1773729535384
[debug] [2026-03-17T05:51:32.928Z] Checked if tokens are valid: true, expires at: 1773729535384
[debug] [2026-03-17T05:51:32.928Z] >>> [apiv2][query] GET https://cloudfunctions.googleapis.com/v1/operations/cHJvamVjdHMvcHJvbXB0LWJhdHRsZS1jNWU2YS9sb2NhdGlvbnMvdXMtY2VudHJhbDEvb3BlcmF0aW9ucy9vcGVyYXRpb24tMTc3MzcyNjY3NjE5Mi02NGQzMWVjNzY4ZGMxLWFmMDgwOGZlLTFkZDMxOGVk [none]
[debug] [2026-03-17T05:51:33.004Z] [create-default-us-central1-redeemItchKey] Retrying task index 0
[debug] [2026-03-17T05:51:33.004Z] Checked if tokens are valid: true, expires at: 1773729535384
[debug] [2026-03-17T05:51:33.005Z] Checked if tokens are valid: true, expires at: 1773729535384
[debug] [2026-03-17T05:51:33.005Z] >>> [apiv2][query] GET https://cloudfunctions.googleapis.com/v1/operations/cHJvamVjdHMvcHJvbXB0LWJhdHRsZS1jNWU2YS9sb2NhdGlvbnMvdXMtY2VudHJhbDEvb3BlcmF0aW9ucy9vcGVyYXRpb24tMTc3MzcyNjY3NjE5NC02NGQzMWVjNzY5NDc3LWE2ZWY0MGE1LWZhYTg3YjBm [none]
[debug] [2026-03-17T05:51:33.006Z] [create-default-us-central1-purchaseItem] Retrying task index 0
[debug] [2026-03-17T05:51:33.006Z] Checked if tokens are valid: true, expires at: 1773729535384
[debug] [2026-03-17T05:51:33.006Z] Checked if tokens are valid: true, expires at: 1773729535384
[debug] [2026-03-17T05:51:33.006Z] >>> [apiv2][query] GET https://cloudfunctions.googleapis.com/v1/operations/cHJvamVjdHMvcHJvbXB0LWJhdHRsZS1jNWU2YS9sb2NhdGlvbnMvdXMtY2VudHJhbDEvb3BlcmF0aW9ucy9vcGVyYXRpb24tMTc3MzcyNjY3NjIxMy02NGQzMWVjNzZlMGI3LWI4MTQ0NTA4LTcxYWExMDkw [none]
[debug] [2026-03-17T05:51:33.007Z] [create-default-us-central1-onPlayerJoinQueue] Retrying task index 0
[debug] [2026-03-17T05:51:33.007Z] Checked if tokens are valid: true, expires at: 1773729535384
[debug] [2026-03-17T05:51:33.007Z] Checked if tokens are valid: true, expires at: 1773729535384
[debug] [2026-03-17T05:51:33.007Z] >>> [apiv2][query] GET https://cloudfunctions.googleapis.com/v1/operations/cHJvamVjdHMvcHJvbXB0LWJhdHRsZS1jNWU2YS9sb2NhdGlvbnMvdXMtY2VudHJhbDEvb3BlcmF0aW9ucy9vcGVyYXRpb24tMTc3MzcyNjY3NjIxNy02NGQzMWVjNzZlZjI4LWU1MWQ2Mzk1LTYwZjNmZjhj [none]
[debug] [2026-03-17T05:51:33.008Z] [create-default-us-central1-itchOAuthCallback] Retrying task index 0
[debug] [2026-03-17T05:51:33.008Z] Checked if tokens are valid: true, expires at: 1773729535384
[debug] [2026-03-17T05:51:33.008Z] Checked if tokens are valid: true, expires at: 1773729535384
[debug] [2026-03-17T05:51:33.008Z] >>> [apiv2][query] GET https://cloudfunctions.googleapis.com/v1/operations/cHJvamVjdHMvcHJvbXB0LWJhdHRsZS1jNWU2YS9sb2NhdGlvbnMvdXMtY2VudHJhbDEvb3BlcmF0aW9ucy9vcGVyYXRpb24tMTc3MzcyNjY3NjIwMi02NGQzMWVjNzZiNWYwLTE4YTQxYWRhLTU1ZmU5NmVk [none]
[debug] [2026-03-17T05:51:33.010Z] [create-default-us-central1-adminGrantItems] Retrying task index 0
[debug] [2026-03-17T05:51:33.010Z] Checked if tokens are valid: true, expires at: 1773729535384
[debug] [2026-03-17T05:51:33.010Z] Checked if tokens are valid: true, expires at: 1773729535384
[debug] [2026-03-17T05:51:33.010Z] >>> [apiv2][query] GET https://cloudfunctions.googleapis.com/v1/operations/cHJvamVjdHMvcHJvbXB0LWJhdHRsZS1jNWU2YS9sb2NhdGlvbnMvdXMtY2VudHJhbDEvb3BlcmF0aW9ucy9vcGVyYXRpb24tMTc3MzcyNjY3NjIxOS02NGQzMWVjNzZmNGViLTAyZGExNjEwLTBmNzE3NmMx [none]
[debug] [2026-03-17T05:51:33.012Z] [create-default-us-central1-purchaseBattlePass] Retrying task index 0
[debug] [2026-03-17T05:51:33.012Z] Checked if tokens are valid: true, expires at: 1773729535384
[debug] [2026-03-17T05:51:33.012Z] Checked if tokens are valid: true, expires at: 1773729535384
[debug] [2026-03-17T05:51:33.012Z] >>> [apiv2][query] GET https://cloudfunctions.googleapis.com/v1/operations/cHJvamVjdHMvcHJvbXB0LWJhdHRsZS1jNWU2YS9sb2NhdGlvbnMvdXMtY2VudHJhbDEvb3BlcmF0aW9ucy9vcGVyYXRpb24tMTc3MzcyNjY3NjE5OC02NGQzMWVjNzZhNDM3LTdkYjUzYTQ3LWIwY2Q5YTcw [none]
[debug] [2026-03-17T05:51:33.026Z] [create-default-us-central1-claimBattlePassReward] Retrying task index 0
[debug] [2026-03-17T05:51:33.026Z] Checked if tokens are valid: true, expires at: 1773729535384
[debug] [2026-03-17T05:51:33.026Z] Checked if tokens are valid: true, expires at: 1773729535384
[debug] [2026-03-17T05:51:33.026Z] >>> [apiv2][query] GET https://cloudfunctions.googleapis.com/v1/operations/cHJvamVjdHMvcHJvbXB0LWJhdHRsZS1jNWU2YS9sb2NhdGlvbnMvdXMtY2VudHJhbDEvb3BlcmF0aW9ucy9vcGVyYXRpb24tMTc3MzcyNjY3NjE5Mi02NGQzMWVjNzY4ZTUzLWNkMTkyZDI5LTQ2N2RkZDJj [none]
[debug] [2026-03-17T05:51:33.035Z] [create-default-us-central1-itchAppAuth] Retrying task index 0
[debug] [2026-03-17T05:51:33.035Z] Checked if tokens are valid: true, expires at: 1773729535384
[debug] [2026-03-17T05:51:33.035Z] Checked if tokens are valid: true, expires at: 1773729535384
[debug] [2026-03-17T05:51:33.035Z] >>> [apiv2][query] GET https://cloudfunctions.googleapis.com/v1/operations/cHJvamVjdHMvcHJvbXB0LWJhdHRsZS1jNWU2YS9sb2NhdGlvbnMvdXMtY2VudHJhbDEvb3BlcmF0aW9ucy9vcGVyYXRpb24tMTc3MzcyNjY3NjE5Ny02NGQzMWVjNzZhMWI4LTFhNDVhMDVkLTI3Y2NmN2Ji [none]
[debug] [2026-03-17T05:51:33.041Z] [create-default-us-central1-grantGlory] Retrying task index 0
[debug] [2026-03-17T05:51:33.042Z] Checked if tokens are valid: true, expires at: 1773729535384
[debug] [2026-03-17T05:51:33.042Z] Checked if tokens are valid: true, expires at: 1773729535384
[debug] [2026-03-17T05:51:33.042Z] >>> [apiv2][query] GET https://cloudfunctions.googleapis.com/v1/operations/cHJvamVjdHMvcHJvbXB0LWJhdHRsZS1jNWU2YS9sb2NhdGlvbnMvdXMtY2VudHJhbDEvb3BlcmF0aW9ucy9vcGVyYXRpb24tMTc3MzcyNjY3NjE4Ny02NGQzMWVjNzY3N2Y5LTZmNTFlNzMxLWNmYjczZDgz [none]
[debug] [2026-03-17T05:51:33.055Z] <<< [apiv2][status] GET https://cloudfunctions.googleapis.com/v1/operations/cHJvamVjdHMvcHJvbXB0LWJhdHRsZS1jNWU2YS9sb2NhdGlvbnMvdXMtY2VudHJhbDEvb3BlcmF0aW9ucy9vcGVyYXRpb24tMTc3MzcyNjY3NjE2Mi02NGQzMWVjNzYxOGQ1LTA4ZTRkYjMyLTY1NWNhZjNh 200
[debug] [2026-03-17T05:51:33.055Z] <<< [apiv2][body] GET https://cloudfunctions.googleapis.com/v1/operations/cHJvamVjdHMvcHJvbXB0LWJhdHRsZS1jNWU2YS9sb2NhdGlvbnMvdXMtY2VudHJhbDEvb3BlcmF0aW9ucy9vcGVyYXRpb24tMTc3MzcyNjY3NjE2Mi02NGQzMWVjNzYxOGQ1LTA4ZTRkYjMyLTY1NWNhZjNh {"name":"operations/cHJvamVjdHMvcHJvbXB0LWJhdHRsZS1jNWU2YS9sb2NhdGlvbnMvdXMtY2VudHJhbDEvb3BlcmF0aW9ucy9vcGVyYXRpb24tMTc3MzcyNjY3NjE2Mi02NGQzMWVjNzYxOGQ1LTA4ZTRkYjMyLTY1NWNhZjNh","metadata":{"@type":"type.googleapis.com/google.cloud.functions.v1.OperationMetadataV1","target":"projects/prompt-battle-c5e6a/locations/us-central1/functions/completePayment","type":"CREATE_FUNCTION","request":{"@type":"type.googleapis.com/google.cloud.functions.v1.CloudFunction","name":"projects/prompt-battle-c5e6a/locations/us-central1/functions/completePayment","httpsTrigger":{"securityLevel":"SECURE_ALWAYS"},"entryPoint":"completePayment","updateTime":"1970-01-01T00:00:00Z","labels":{"deployment-tool":"cli-firebase","firebase-functions-hash":"d4fa81547bac1ca707eb0988d534e987f547df30"},"sourceUploadUrl":"https://storage.googleapis.com/uploads-763700285092.us-central1.cloudfunctions.appspot.com/8f0a08e6-ee58-4376-90f5-a123a31d90fb.zip?GoogleAccessId=service-329010584107@gcf-admin-robot.iam.gserviceaccount.com&Expires=1773728448&Signature=wPYDBa3v9T%2BzEdJcwe58wa%2BOF31A3I8IU4soZsWOuLLq8KY6rTCw9a0Q%2FG88%2BTUOtnzfuuIvbP%2FN%2FfjWKkkMuORIKJ0FLc8yC9gEzL%2FAXEFWfeReHwGJ%2BHxGE%2FpnE4GcuYshlG86F7fKbBpidvkYKu%2BhJJ5ViD5MBrntGkTB%2BosFIV0kdqs%2FvxPh2eTY5H60WGoGozw2uSzb6OhkN7sRFd9%2FCjozGwlS3ZGtRfyaPt1YTGFEP0%2BltvBZvVSFRsNnEFh2RkhLFUl0JSY8%2FOtbL6p5D5bVQAbBbJj1bnNHXaS6VhcuLCa6NhW3pZSCaWWXXyxBEGHgHJVMOU%2FU9XbNsg%3D%3D","environmentVariables":{"FIREBASE_CONFIG":"{\"projectId\":\"prompt-battle-c5e6a\",\"databaseURL\":\"https://prompt-battle-c5e6a-default-rtdb.firebaseio.com\",\"storageBucket\":\"prompt-battle-c5e6a.firebasestorage.app\"}","GCLOUD_PROJECT":"prompt-battle-c5e6a","EVENTARC_CLOUD_EVENT_SOURCE":"projects/prompt-battle-c5e6a/locations/us-central1/functions/completePayment"},"runtime":"nodejs20","buildEnvironmentVariables":{"GOOGLE_NODE_RUN_SCRIPTS":""},"dockerRegistry":"ARTIFACT_REGISTRY"},"versionId":"1","updateTime":"2026-03-17T05:51:16.492032866Z","buildId":"7b2ebc4a-123f-4fd7-8d00-87a1fd6f7578","buildName":"projects/329010584107/locations/us-central1/builds/7b2ebc4a-123f-4fd7-8d00-87a1fd6f7578"}}
[debug] [2026-03-17T05:51:33.055Z] <<< [apiv2][status] GET https://cloudfunctions.googleapis.com/v1/operations/cHJvamVjdHMvcHJvbXB0LWJhdHRsZS1jNWU2YS9sb2NhdGlvbnMvdXMtY2VudHJhbDEvb3BlcmF0aW9ucy9vcGVyYXRpb24tMTc3MzcyNjY3NjIxNy02NGQzMWVjNzZlZDA2LTRlNzZlOTc0LWQ1NGViOTUx 200
[debug] [2026-03-17T05:51:33.056Z] <<< [apiv2][body] GET https://cloudfunctions.googleapis.com/v1/operations/cHJvamVjdHMvcHJvbXB0LWJhdHRsZS1jNWU2YS9sb2NhdGlvbnMvdXMtY2VudHJhbDEvb3BlcmF0aW9ucy9vcGVyYXRpb24tMTc3MzcyNjY3NjIxNy02NGQzMWVjNzZlZDA2LTRlNzZlOTc0LWQ1NGViOTUx {"name":"operations/cHJvamVjdHMvcHJvbXB0LWJhdHRsZS1jNWU2YS9sb2NhdGlvbnMvdXMtY2VudHJhbDEvb3BlcmF0aW9ucy9vcGVyYXRpb24tMTc3MzcyNjY3NjIxNy02NGQzMWVjNzZlZDA2LTRlNzZlOTc0LWQ1NGViOTUx","metadata":{"@type":"type.googleapis.com/google.cloud.functions.v1.OperationMetadataV1","target":"projects/prompt-battle-c5e6a/locations/us-central1/functions/grantBattlePassXp","type":"CREATE_FUNCTION","request":{"@type":"type.googleapis.com/google.cloud.functions.v1.CloudFunction","name":"projects/prompt-battle-c5e6a/locations/us-central1/functions/grantBattlePassXp","httpsTrigger":{"securityLevel":"SECURE_ALWAYS"},"entryPoint":"grantBattlePassXp","updateTime":"1970-01-01T00:00:00Z","labels":{"deployment-tool":"cli-firebase","firebase-functions-hash":"d4fa81547bac1ca707eb0988d534e987f547df30"},"sourceUploadUrl":"https://storage.googleapis.com/uploads-763700285092.us-central1.cloudfunctions.appspot.com/8f0a08e6-ee58-4376-90f5-a123a31d90fb.zip?GoogleAccessId=service-329010584107@gcf-admin-robot.iam.gserviceaccount.com&Expires=1773728448&Signature=wPYDBa3v9T%2BzEdJcwe58wa%2BOF31A3I8IU4soZsWOuLLq8KY6rTCw9a0Q%2FG88%2BTUOtnzfuuIvbP%2FN%2FfjWKkkMuORIKJ0FLc8yC9gEzL%2FAXEFWfeReHwGJ%2BHxGE%2FpnE4GcuYshlG86F7fKbBpidvkYKu%2BhJJ5ViD5MBrntGkTB%2BosFIV0kdqs%2FvxPh2eTY5H60WGoGozw2uSzb6OhkN7sRFd9%2FCjozGwlS3ZGtRfyaPt1YTGFEP0%2BltvBZvVSFRsNnEFh2RkhLFUl0JSY8%2FOtbL6p5D5bVQAbBbJj1bnNHXaS6VhcuLCa6NhW3pZSCaWWXXyxBEGHgHJVMOU%2FU9XbNsg%3D%3D","environmentVariables":{"FIREBASE_CONFIG":"{\"projectId\":\"prompt-battle-c5e6a\",\"databaseURL\":\"https://prompt-battle-c5e6a-default-rtdb.firebaseio.com\",\"storageBucket\":\"prompt-battle-c5e6a.firebasestorage.app\"}","GCLOUD_PROJECT":"prompt-battle-c5e6a","EVENTARC_CLOUD_EVENT_SOURCE":"projects/prompt-battle-c5e6a/locations/us-central1/functions/grantBattlePassXp"},"runtime":"nodejs20","buildEnvironmentVariables":{"GOOGLE_NODE_RUN_SCRIPTS":""},"dockerRegistry":"ARTIFACT_REGISTRY"},"versionId":"1","updateTime":"2026-03-17T05:51:16.533404027Z","buildId":"358f9f43-30dd-40b2-987b-87318dc75c35","buildName":"projects/329010584107/locations/us-central1/builds/358f9f43-30dd-40b2-987b-87318dc75c35"}}
[debug] [2026-03-17T05:51:33.075Z] <<< [apiv2][status] GET https://cloudfunctions.googleapis.com/v1/operations/cHJvamVjdHMvcHJvbXB0LWJhdHRsZS1jNWU2YS9sb2NhdGlvbnMvdXMtY2VudHJhbDEvb3BlcmF0aW9ucy9vcGVyYXRpb24tMTc3MzcyNjY3NjE5MS02NGQzMWVjNzY4YTQ2LTAzZDEwMTg0LTVhODc0ZmFm 200
[debug] [2026-03-17T05:51:33.075Z] <<< [apiv2][body] GET https://cloudfunctions.googleapis.com/v1/operations/cHJvamVjdHMvcHJvbXB0LWJhdHRsZS1jNWU2YS9sb2NhdGlvbnMvdXMtY2VudHJhbDEvb3BlcmF0aW9ucy9vcGVyYXRpb24tMTc3MzcyNjY3NjE5MS02NGQzMWVjNzY4YTQ2LTAzZDEwMTg0LTVhODc0ZmFm {"name":"operations/cHJvamVjdHMvcHJvbXB0LWJhdHRsZS1jNWU2YS9sb2NhdGlvbnMvdXMtY2VudHJhbDEvb3BlcmF0aW9ucy9vcGVyYXRpb24tMTc3MzcyNjY3NjE5MS02NGQzMWVjNzY4YTQ2LTAzZDEwMTg0LTVhODc0ZmFm","metadata":{"@type":"type.googleapis.com/google.cloud.functions.v1.OperationMetadataV1","target":"projects/prompt-battle-c5e6a/locations/us-central1/functions/squareWebhook","type":"CREATE_FUNCTION","request":{"@type":"type.googleapis.com/google.cloud.functions.v1.CloudFunction","name":"projects/prompt-battle-c5e6a/locations/us-central1/functions/squareWebhook","httpsTrigger":{"securityLevel":"SECURE_ALWAYS"},"entryPoint":"squareWebhook","updateTime":"1970-01-01T00:00:00Z","labels":{"deployment-tool":"cli-firebase","firebase-functions-hash":"d4fa81547bac1ca707eb0988d534e987f547df30"},"sourceUploadUrl":"https://storage.googleapis.com/uploads-763700285092.us-central1.cloudfunctions.appspot.com/8f0a08e6-ee58-4376-90f5-a123a31d90fb.zip?GoogleAccessId=service-329010584107@gcf-admin-robot.iam.gserviceaccount.com&Expires=1773728448&Signature=wPYDBa3v9T%2BzEdJcwe58wa%2BOF31A3I8IU4soZsWOuLLq8KY6rTCw9a0Q%2FG88%2BTUOtnzfuuIvbP%2FN%2FfjWKkkMuORIKJ0FLc8yC9gEzL%2FAXEFWfeReHwGJ%2BHxGE%2FpnE4GcuYshlG86F7fKbBpidvkYKu%2BhJJ5ViD5MBrntGkTB%2BosFIV0kdqs%2FvxPh2eTY5H60WGoGozw2uSzb6OhkN7sRFd9%2FCjozGwlS3ZGtRfyaPt1YTGFEP0%2BltvBZvVSFRsNnEFh2RkhLFUl0JSY8%2FOtbL6p5D5bVQAbBbJj1bnNHXaS6VhcuLCa6NhW3pZSCaWWXXyxBEGHgHJVMOU%2FU9XbNsg%3D%3D","environmentVariables":{"FIREBASE_CONFIG":"{\"projectId\":\"prompt-battle-c5e6a\",\"databaseURL\":\"https://prompt-battle-c5e6a-default-rtdb.firebaseio.com\",\"storageBucket\":\"prompt-battle-c5e6a.firebasestorage.app\"}","GCLOUD_PROJECT":"prompt-battle-c5e6a","EVENTARC_CLOUD_EVENT_SOURCE":"projects/prompt-battle-c5e6a/locations/us-central1/functions/squareWebhook"},"runtime":"nodejs20","buildEnvironmentVariables":{"GOOGLE_NODE_RUN_SCRIPTS":""},"dockerRegistry":"ARTIFACT_REGISTRY"},"versionId":"1","updateTime":"2026-03-17T05:51:16.550368221Z","buildId":"54e29991-2567-4daa-a2c3-d7b7fc850379","buildName":"projects/329010584107/locations/us-central1/builds/54e29991-2567-4daa-a2c3-d7b7fc850379"}}
[debug] [2026-03-17T05:51:33.088Z] <<< [apiv2][status] GET https://cloudfunctions.googleapis.com/v1/operations/cHJvamVjdHMvcHJvbXB0LWJhdHRsZS1jNWU2YS9sb2NhdGlvbnMvdXMtY2VudHJhbDEvb3BlcmF0aW9ucy9vcGVyYXRpb24tMTc3MzcyNjY3NjIwMC02NGQzMWVjNzZhYjcyLWY4ZjEyNjc4LWFlOWVmNDJm 200
[debug] [2026-03-17T05:51:33.088Z] <<< [apiv2][body] GET https://cloudfunctions.googleapis.com/v1/operations/cHJvamVjdHMvcHJvbXB0LWJhdHRsZS1jNWU2YS9sb2NhdGlvbnMvdXMtY2VudHJhbDEvb3BlcmF0aW9ucy9vcGVyYXRpb24tMTc3MzcyNjY3NjIwMC02NGQzMWVjNzZhYjcyLWY4ZjEyNjc4LWFlOWVmNDJm {"name":"operations/cHJvamVjdHMvcHJvbXB0LWJhdHRsZS1jNWU2YS9sb2NhdGlvbnMvdXMtY2VudHJhbDEvb3BlcmF0aW9ucy9vcGVyYXRpb24tMTc3MzcyNjY3NjIwMC02NGQzMWVjNzZhYjcyLWY4ZjEyNjc4LWFlOWVmNDJm","metadata":{"@type":"type.googleapis.com/google.cloud.functions.v1.OperationMetadataV1","target":"projects/prompt-battle-c5e6a/locations/us-central1/functions/grantXp","type":"CREATE_FUNCTION","request":{"@type":"type.googleapis.com/google.cloud.functions.v1.CloudFunction","name":"projects/prompt-battle-c5e6a/locations/us-central1/functions/grantXp","httpsTrigger":{"securityLevel":"SECURE_ALWAYS"},"entryPoint":"grantXp","updateTime":"1970-01-01T00:00:00Z","labels":{"deployment-tool":"cli-firebase","firebase-functions-hash":"d4fa81547bac1ca707eb0988d534e987f547df30"},"sourceUploadUrl":"https://storage.googleapis.com/uploads-763700285092.us-central1.cloudfunctions.appspot.com/8f0a08e6-ee58-4376-90f5-a123a31d90fb.zip?GoogleAccessId=service-329010584107@gcf-admin-robot.iam.gserviceaccount.com&Expires=1773728448&Signature=wPYDBa3v9T%2BzEdJcwe58wa%2BOF31A3I8IU4soZsWOuLLq8KY6rTCw9a0Q%2FG88%2BTUOtnzfuuIvbP%2FN%2FfjWKkkMuORIKJ0FLc8yC9gEzL%2FAXEFWfeReHwGJ%2BHxGE%2FpnE4GcuYshlG86F7fKbBpidvkYKu%2BhJJ5ViD5MBrntGkTB%2BosFIV0kdqs%2FvxPh2eTY5H60WGoGozw2uSzb6OhkN7sRFd9%2FCjozGwlS3ZGtRfyaPt1YTGFEP0%2BltvBZvVSFRsNnEFh2RkhLFUl0JSY8%2FOtbL6p5D5bVQAbBbJj1bnNHXaS6VhcuLCa6NhW3pZSCaWWXXyxBEGHgHJVMOU%2FU9XbNsg%3D%3D","environmentVariables":{"FIREBASE_CONFIG":"{\"projectId\":\"prompt-battle-c5e6a\",\"databaseURL\":\"https://prompt-battle-c5e6a-default-rtdb.firebaseio.com\",\"storageBucket\":\"prompt-battle-c5e6a.firebasestorage.app\"}","GCLOUD_PROJECT":"prompt-battle-c5e6a","EVENTARC_CLOUD_EVENT_SOURCE":"projects/prompt-battle-c5e6a/locations/us-central1/functions/grantXp"},"runtime":"nodejs20","buildEnvironmentVariables":{"GOOGLE_NODE_RUN_SCRIPTS":""},"dockerRegistry":"ARTIFACT_REGISTRY"},"versionId":"1","updateTime":"2026-03-17T05:51:16.501918760Z","buildId":"cb69b0aa-2495-40fc-bc3f-46147cea9b2c","buildName":"projects/329010584107/locations/us-central1/builds/cb69b0aa-2495-40fc-bc3f-46147cea9b2c"}}
[debug] [2026-03-17T05:51:33.105Z] <<< [apiv2][status] GET https://cloudfunctions.googleapis.com/v1/operations/cHJvamVjdHMvcHJvbXB0LWJhdHRsZS1jNWU2YS9sb2NhdGlvbnMvdXMtY2VudHJhbDEvb3BlcmF0aW9ucy9vcGVyYXRpb24tMTc3MzcyNjY3NjE5Mi02NGQzMWVjNzY4ZGMxLWFmMDgwOGZlLTFkZDMxOGVk 200
[debug] [2026-03-17T05:51:33.105Z] <<< [apiv2][body] GET https://cloudfunctions.googleapis.com/v1/operations/cHJvamVjdHMvcHJvbXB0LWJhdHRsZS1jNWU2YS9sb2NhdGlvbnMvdXMtY2VudHJhbDEvb3BlcmF0aW9ucy9vcGVyYXRpb24tMTc3MzcyNjY3NjE5Mi02NGQzMWVjNzY4ZGMxLWFmMDgwOGZlLTFkZDMxOGVk {"name":"operations/cHJvamVjdHMvcHJvbXB0LWJhdHRsZS1jNWU2YS9sb2NhdGlvbnMvdXMtY2VudHJhbDEvb3BlcmF0aW9ucy9vcGVyYXRpb24tMTc3MzcyNjY3NjE5Mi02NGQzMWVjNzY4ZGMxLWFmMDgwOGZlLTFkZDMxOGVk","metadata":{"@type":"type.googleapis.com/google.cloud.functions.v1.OperationMetadataV1","target":"projects/prompt-battle-c5e6a/locations/us-central1/functions/processPlayerCommand","type":"CREATE_FUNCTION","request":{"@type":"type.googleapis.com/google.cloud.functions.v1.CloudFunction","name":"projects/prompt-battle-c5e6a/locations/us-central1/functions/processPlayerCommand","httpsTrigger":{"securityLevel":"SECURE_ALWAYS"},"entryPoint":"processPlayerCommand","updateTime":"1970-01-01T00:00:00Z","labels":{"deployment-tool":"cli-firebase","firebase-functions-hash":"d4fa81547bac1ca707eb0988d534e987f547df30"},"sourceUploadUrl":"https://storage.googleapis.com/uploads-763700285092.us-central1.cloudfunctions.appspot.com/8f0a08e6-ee58-4376-90f5-a123a31d90fb.zip?GoogleAccessId=service-329010584107@gcf-admin-robot.iam.gserviceaccount.com&Expires=1773728448&Signature=wPYDBa3v9T%2BzEdJcwe58wa%2BOF31A3I8IU4soZsWOuLLq8KY6rTCw9a0Q%2FG88%2BTUOtnzfuuIvbP%2FN%2FfjWKkkMuORIKJ0FLc8yC9gEzL%2FAXEFWfeReHwGJ%2BHxGE%2FpnE4GcuYshlG86F7fKbBpidvkYKu%2BhJJ5ViD5MBrntGkTB%2BosFIV0kdqs%2FvxPh2eTY5H60WGoGozw2uSzb6OhkN7sRFd9%2FCjozGwlS3ZGtRfyaPt1YTGFEP0%2BltvBZvVSFRsNnEFh2RkhLFUl0JSY8%2FOtbL6p5D5bVQAbBbJj1bnNHXaS6VhcuLCa6NhW3pZSCaWWXXyxBEGHgHJVMOU%2FU9XbNsg%3D%3D","environmentVariables":{"FIREBASE_CONFIG":"{\"projectId\":\"prompt-battle-c5e6a\",\"databaseURL\":\"https://prompt-battle-c5e6a-default-rtdb.firebaseio.com\",\"storageBucket\":\"prompt-battle-c5e6a.firebasestorage.app\"}","GCLOUD_PROJECT":"prompt-battle-c5e6a","EVENTARC_CLOUD_EVENT_SOURCE":"projects/prompt-battle-c5e6a/locations/us-central1/functions/processPlayerCommand"},"runtime":"nodejs20","buildEnvironmentVariables":{"GOOGLE_NODE_RUN_SCRIPTS":""},"dockerRegistry":"ARTIFACT_REGISTRY"},"versionId":"1","updateTime":"2026-03-17T05:51:16.532030436Z","buildId":"b3ea6ae2-3bb3-4fc6-ad67-e26bfc7141bc","buildName":"projects/329010584107/locations/us-central1/builds/b3ea6ae2-3bb3-4fc6-ad67-e26bfc7141bc"}}
[debug] [2026-03-17T05:51:33.170Z] <<< [apiv2][status] GET https://cloudfunctions.googleapis.com/v1/operations/cHJvamVjdHMvcHJvbXB0LWJhdHRsZS1jNWU2YS9sb2NhdGlvbnMvdXMtY2VudHJhbDEvb3BlcmF0aW9ucy9vcGVyYXRpb24tMTc3MzcyNjY3NjIxMy02NGQzMWVjNzZlMGI3LWI4MTQ0NTA4LTcxYWExMDkw 200
[debug] [2026-03-17T05:51:33.170Z] <<< [apiv2][body] GET https://cloudfunctions.googleapis.com/v1/operations/cHJvamVjdHMvcHJvbXB0LWJhdHRsZS1jNWU2YS9sb2NhdGlvbnMvdXMtY2VudHJhbDEvb3BlcmF0aW9ucy9vcGVyYXRpb24tMTc3MzcyNjY3NjIxMy02NGQzMWVjNzZlMGI3LWI4MTQ0NTA4LTcxYWExMDkw {"name":"operations/cHJvamVjdHMvcHJvbXB0LWJhdHRsZS1jNWU2YS9sb2NhdGlvbnMvdXMtY2VudHJhbDEvb3BlcmF0aW9ucy9vcGVyYXRpb24tMTc3MzcyNjY3NjIxMy02NGQzMWVjNzZlMGI3LWI4MTQ0NTA4LTcxYWExMDkw","metadata":{"@type":"type.googleapis.com/google.cloud.functions.v1.OperationMetadataV1","target":"projects/prompt-battle-c5e6a/locations/us-central1/functions/purchaseItem","type":"CREATE_FUNCTION","request":{"@type":"type.googleapis.com/google.cloud.functions.v1.CloudFunction","name":"projects/prompt-battle-c5e6a/locations/us-central1/functions/purchaseItem","httpsTrigger":{"securityLevel":"SECURE_ALWAYS"},"entryPoint":"purchaseItem","updateTime":"1970-01-01T00:00:00Z","labels":{"deployment-tool":"cli-firebase","firebase-functions-hash":"d4fa81547bac1ca707eb0988d534e987f547df30"},"sourceUploadUrl":"https://storage.googleapis.com/uploads-763700285092.us-central1.cloudfunctions.appspot.com/8f0a08e6-ee58-4376-90f5-a123a31d90fb.zip?GoogleAccessId=service-329010584107@gcf-admin-robot.iam.gserviceaccount.com&Expires=1773728448&Signature=wPYDBa3v9T%2BzEdJcwe58wa%2BOF31A3I8IU4soZsWOuLLq8KY6rTCw9a0Q%2FG88%2BTUOtnzfuuIvbP%2FN%2FfjWKkkMuORIKJ0FLc8yC9gEzL%2FAXEFWfeReHwGJ%2BHxGE%2FpnE4GcuYshlG86F7fKbBpidvkYKu%2BhJJ5ViD5MBrntGkTB%2BosFIV0kdqs%2FvxPh2eTY5H60WGoGozw2uSzb6OhkN7sRFd9%2FCjozGwlS3ZGtRfyaPt1YTGFEP0%2BltvBZvVSFRsNnEFh2RkhLFUl0JSY8%2FOtbL6p5D5bVQAbBbJj1bnNHXaS6VhcuLCa6NhW3pZSCaWWXXyxBEGHgHJVMOU%2FU9XbNsg%3D%3D","environmentVariables":{"FIREBASE_CONFIG":"{\"projectId\":\"prompt-battle-c5e6a\",\"databaseURL\":\"https://prompt-battle-c5e6a-default-rtdb.firebaseio.com\",\"storageBucket\":\"prompt-battle-c5e6a.firebasestorage.app\"}","GCLOUD_PROJECT":"prompt-battle-c5e6a","EVENTARC_CLOUD_EVENT_SOURCE":"projects/prompt-battle-c5e6a/locations/us-central1/functions/purchaseItem"},"runtime":"nodejs20","buildEnvironmentVariables":{"GOOGLE_NODE_RUN_SCRIPTS":""},"dockerRegistry":"ARTIFACT_REGISTRY"},"versionId":"1","updateTime":"2026-03-17T05:51:16.553843845Z","buildId":"c843c11c-1cd2-4788-9590-779f80d8f635","buildName":"projects/329010584107/locations/us-central1/builds/c843c11c-1cd2-4788-9590-779f80d8f635"}}
[debug] [2026-03-17T05:51:33.177Z] <<< [apiv2][status] GET https://cloudfunctions.googleapis.com/v1/operations/cHJvamVjdHMvcHJvbXB0LWJhdHRsZS1jNWU2YS9sb2NhdGlvbnMvdXMtY2VudHJhbDEvb3BlcmF0aW9ucy9vcGVyYXRpb24tMTc3MzcyNjY3NjIwMi02NGQzMWVjNzZiNWYwLTE4YTQxYWRhLTU1ZmU5NmVk 200
[debug] [2026-03-17T05:51:33.178Z] <<< [apiv2][body] GET https://cloudfunctions.googleapis.com/v1/operations/cHJvamVjdHMvcHJvbXB0LWJhdHRsZS1jNWU2YS9sb2NhdGlvbnMvdXMtY2VudHJhbDEvb3BlcmF0aW9ucy9vcGVyYXRpb24tMTc3MzcyNjY3NjIwMi02NGQzMWVjNzZiNWYwLTE4YTQxYWRhLTU1ZmU5NmVk {"name":"operations/cHJvamVjdHMvcHJvbXB0LWJhdHRsZS1jNWU2YS9sb2NhdGlvbnMvdXMtY2VudHJhbDEvb3BlcmF0aW9ucy9vcGVyYXRpb24tMTc3MzcyNjY3NjIwMi02NGQzMWVjNzZiNWYwLTE4YTQxYWRhLTU1ZmU5NmVk","metadata":{"@type":"type.googleapis.com/google.cloud.functions.v1.OperationMetadataV1","target":"projects/prompt-battle-c5e6a/locations/us-central1/functions/itchOAuthCallback","type":"CREATE_FUNCTION","request":{"@type":"type.googleapis.com/google.cloud.functions.v1.CloudFunction","name":"projects/prompt-battle-c5e6a/locations/us-central1/functions/itchOAuthCallback","httpsTrigger":{"securityLevel":"SECURE_ALWAYS"},"entryPoint":"itchOAuthCallback","updateTime":"1970-01-01T00:00:00Z","labels":{"deployment-tool":"cli-firebase","firebase-functions-hash":"d4fa81547bac1ca707eb0988d534e987f547df30"},"sourceUploadUrl":"https://storage.googleapis.com/uploads-763700285092.us-central1.cloudfunctions.appspot.com/8f0a08e6-ee58-4376-90f5-a123a31d90fb.zip?GoogleAccessId=service-329010584107@gcf-admin-robot.iam.gserviceaccount.com&Expires=1773728448&Signature=wPYDBa3v9T%2BzEdJcwe58wa%2BOF31A3I8IU4soZsWOuLLq8KY6rTCw9a0Q%2FG88%2BTUOtnzfuuIvbP%2FN%2FfjWKkkMuORIKJ0FLc8yC9gEzL%2FAXEFWfeReHwGJ%2BHxGE%2FpnE4GcuYshlG86F7fKbBpidvkYKu%2BhJJ5ViD5MBrntGkTB%2BosFIV0kdqs%2FvxPh2eTY5H60WGoGozw2uSzb6OhkN7sRFd9%2FCjozGwlS3ZGtRfyaPt1YTGFEP0%2BltvBZvVSFRsNnEFh2RkhLFUl0JSY8%2FOtbL6p5D5bVQAbBbJj1bnNHXaS6VhcuLCa6NhW3pZSCaWWXXyxBEGHgHJVMOU%2FU9XbNsg%3D%3D","environmentVariables":{"FIREBASE_CONFIG":"{\"projectId\":\"prompt-battle-c5e6a\",\"databaseURL\":\"https://prompt-battle-c5e6a-default-rtdb.firebaseio.com\",\"storageBucket\":\"prompt-battle-c5e6a.firebasestorage.app\"}","GCLOUD_PROJECT":"prompt-battle-c5e6a","EVENTARC_CLOUD_EVENT_SOURCE":"projects/prompt-battle-c5e6a/locations/us-central1/functions/itchOAuthCallback"},"runtime":"nodejs20","buildEnvironmentVariables":{"GOOGLE_NODE_RUN_SCRIPTS":""},"dockerRegistry":"ARTIFACT_REGISTRY"},"versionId":"1","updateTime":"2026-03-17T05:51:16.542322036Z","buildId":"3c20ebd1-601a-4f70-969a-5884dda2155a","buildName":"projects/329010584107/locations/us-central1/builds/3c20ebd1-601a-4f70-969a-5884dda2155a"}}
[debug] [2026-03-17T05:51:33.179Z] <<< [apiv2][status] GET https://cloudfunctions.googleapis.com/v1/operations/cHJvamVjdHMvcHJvbXB0LWJhdHRsZS1jNWU2YS9sb2NhdGlvbnMvdXMtY2VudHJhbDEvb3BlcmF0aW9ucy9vcGVyYXRpb24tMTc3MzcyNjY3NjIxNy02NGQzMWVjNzZlZjI4LWU1MWQ2Mzk1LTYwZjNmZjhj 200
[debug] [2026-03-17T05:51:33.179Z] <<< [apiv2][body] GET https://cloudfunctions.googleapis.com/v1/operations/cHJvamVjdHMvcHJvbXB0LWJhdHRsZS1jNWU2YS9sb2NhdGlvbnMvdXMtY2VudHJhbDEvb3BlcmF0aW9ucy9vcGVyYXRpb24tMTc3MzcyNjY3NjIxNy02NGQzMWVjNzZlZjI4LWU1MWQ2Mzk1LTYwZjNmZjhj {"name":"operations/cHJvamVjdHMvcHJvbXB0LWJhdHRsZS1jNWU2YS9sb2NhdGlvbnMvdXMtY2VudHJhbDEvb3BlcmF0aW9ucy9vcGVyYXRpb24tMTc3MzcyNjY3NjIxNy02NGQzMWVjNzZlZjI4LWU1MWQ2Mzk1LTYwZjNmZjhj","metadata":{"@type":"type.googleapis.com/google.cloud.functions.v1.OperationMetadataV1","target":"projects/prompt-battle-c5e6a/locations/us-central1/functions/onPlayerJoinQueue","type":"CREATE_FUNCTION","request":{"@type":"type.googleapis.com/google.cloud.functions.v1.CloudFunction","name":"projects/prompt-battle-c5e6a/locations/us-central1/functions/onPlayerJoinQueue","eventTrigger":{"eventType":"providers/google.firebase.database/eventTypes/ref.create","resource":"projects/_/instances/prompt-battle-c5e6a-default-rtdb/refs/matchmaking/queue/{playerId}","failurePolicy":{}},"entryPoint":"onPlayerJoinQueue","updateTime":"1970-01-01T00:00:00Z","labels":{"deployment-tool":"cli-firebase","firebase-functions-hash":"d4fa81547bac1ca707eb0988d534e987f547df30"},"sourceUploadUrl":"https://storage.googleapis.com/uploads-763700285092.us-central1.cloudfunctions.appspot.com/8f0a08e6-ee58-4376-90f5-a123a31d90fb.zip?GoogleAccessId=service-329010584107@gcf-admin-robot.iam.gserviceaccount.com&Expires=1773728448&Signature=wPYDBa3v9T%2BzEdJcwe58wa%2BOF31A3I8IU4soZsWOuLLq8KY6rTCw9a0Q%2FG88%2BTUOtnzfuuIvbP%2FN%2FfjWKkkMuORIKJ0FLc8yC9gEzL%2FAXEFWfeReHwGJ%2BHxGE%2FpnE4GcuYshlG86F7fKbBpidvkYKu%2BhJJ5ViD5MBrntGkTB%2BosFIV0kdqs%2FvxPh2eTY5H60WGoGozw2uSzb6OhkN7sRFd9%2FCjozGwlS3ZGtRfyaPt1YTGFEP0%2BltvBZvVSFRsNnEFh2RkhLFUl0JSY8%2FOtbL6p5D5bVQAbBbJj1bnNHXaS6VhcuLCa6NhW3pZSCaWWXXyxBEGHgHJVMOU%2FU9XbNsg%3D%3D","environmentVariables":{"FIREBASE_CONFIG":"{\"projectId\":\"prompt-battle-c5e6a\",\"databaseURL\":\"https://prompt-battle-c5e6a-default-rtdb.firebaseio.com\",\"storageBucket\":\"prompt-battle-c5e6a.firebasestorage.app\"}","GCLOUD_PROJECT":"prompt-battle-c5e6a","EVENTARC_CLOUD_EVENT_SOURCE":"projects/prompt-battle-c5e6a/locations/us-central1/functions/onPlayerJoinQueue"},"runtime":"nodejs20","buildEnvironmentVariables":{"GOOGLE_NODE_RUN_SCRIPTS":""},"dockerRegistry":"ARTIFACT_REGISTRY"},"versionId":"1","updateTime":"2026-03-17T05:51:16.524092895Z","buildId":"6bb313a0-9775-4efb-af89-b4febe3af2e1","buildName":"projects/329010584107/locations/us-central1/builds/6bb313a0-9775-4efb-af89-b4febe3af2e1"}}
[debug] [2026-03-17T05:51:33.179Z] <<< [apiv2][status] GET https://cloudfunctions.googleapis.com/v1/operations/cHJvamVjdHMvcHJvbXB0LWJhdHRsZS1jNWU2YS9sb2NhdGlvbnMvdXMtY2VudHJhbDEvb3BlcmF0aW9ucy9vcGVyYXRpb24tMTc3MzcyNjY3NjE5NC02NGQzMWVjNzY5NDc3LWE2ZWY0MGE1LWZhYTg3YjBm 200
[debug] [2026-03-17T05:51:33.179Z] <<< [apiv2][body] GET https://cloudfunctions.googleapis.com/v1/operations/cHJvamVjdHMvcHJvbXB0LWJhdHRsZS1jNWU2YS9sb2NhdGlvbnMvdXMtY2VudHJhbDEvb3BlcmF0aW9ucy9vcGVyYXRpb24tMTc3MzcyNjY3NjE5NC02NGQzMWVjNzY5NDc3LWE2ZWY0MGE1LWZhYTg3YjBm {"name":"operations/cHJvamVjdHMvcHJvbXB0LWJhdHRsZS1jNWU2YS9sb2NhdGlvbnMvdXMtY2VudHJhbDEvb3BlcmF0aW9ucy9vcGVyYXRpb24tMTc3MzcyNjY3NjE5NC02NGQzMWVjNzY5NDc3LWE2ZWY0MGE1LWZhYTg3YjBm","metadata":{"@type":"type.googleapis.com/google.cloud.functions.v1.OperationMetadataV1","target":"projects/prompt-battle-c5e6a/locations/us-central1/functions/redeemItchKey","type":"CREATE_FUNCTION","request":{"@type":"type.googleapis.com/google.cloud.functions.v1.CloudFunction","name":"projects/prompt-battle-c5e6a/locations/us-central1/functions/redeemItchKey","httpsTrigger":{"securityLevel":"SECURE_ALWAYS"},"entryPoint":"redeemItchKey","updateTime":"1970-01-01T00:00:00Z","labels":{"deployment-tool":"cli-firebase","firebase-functions-hash":"d4fa81547bac1ca707eb0988d534e987f547df30"},"sourceUploadUrl":"https://storage.googleapis.com/uploads-763700285092.us-central1.cloudfunctions.appspot.com/8f0a08e6-ee58-4376-90f5-a123a31d90fb.zip?GoogleAccessId=service-329010584107@gcf-admin-robot.iam.gserviceaccount.com&Expires=1773728448&Signature=wPYDBa3v9T%2BzEdJcwe58wa%2BOF31A3I8IU4soZsWOuLLq8KY6rTCw9a0Q%2FG88%2BTUOtnzfuuIvbP%2FN%2FfjWKkkMuORIKJ0FLc8yC9gEzL%2FAXEFWfeReHwGJ%2BHxGE%2FpnE4GcuYshlG86F7fKbBpidvkYKu%2BhJJ5ViD5MBrntGkTB%2BosFIV0kdqs%2FvxPh2eTY5H60WGoGozw2uSzb6OhkN7sRFd9%2FCjozGwlS3ZGtRfyaPt1YTGFEP0%2BltvBZvVSFRsNnEFh2RkhLFUl0JSY8%2FOtbL6p5D5bVQAbBbJj1bnNHXaS6VhcuLCa6NhW3pZSCaWWXXyxBEGHgHJVMOU%2FU9XbNsg%3D%3D","environmentVariables":{"FIREBASE_CONFIG":"{\"projectId\":\"prompt-battle-c5e6a\",\"databaseURL\":\"https://prompt-battle-c5e6a-default-rtdb.firebaseio.com\",\"storageBucket\":\"prompt-battle-c5e6a.firebasestorage.app\"}","GCLOUD_PROJECT":"prompt-battle-c5e6a","EVENTARC_CLOUD_EVENT_SOURCE":"projects/prompt-battle-c5e6a/locations/us-central1/functions/redeemItchKey"},"runtime":"nodejs20","buildEnvironmentVariables":{"GOOGLE_NODE_RUN_SCRIPTS":""},"dockerRegistry":"ARTIFACT_REGISTRY"},"versionId":"1","updateTime":"2026-03-17T05:51:16.544539883Z","buildId":"ae8416aa-8285-4c9a-b448-2e5e6e8a8a79","buildName":"projects/329010584107/locations/us-central1/builds/ae8416aa-8285-4c9a-b448-2e5e6e8a8a79"}}
[debug] [2026-03-17T05:51:33.184Z] <<< [apiv2][status] GET https://cloudfunctions.googleapis.com/v1/operations/cHJvamVjdHMvcHJvbXB0LWJhdHRsZS1jNWU2YS9sb2NhdGlvbnMvdXMtY2VudHJhbDEvb3BlcmF0aW9ucy9vcGVyYXRpb24tMTc3MzcyNjY3NjE5OC02NGQzMWVjNzZhNDM3LTdkYjUzYTQ3LWIwY2Q5YTcw 200
[debug] [2026-03-17T05:51:33.184Z] <<< [apiv2][body] GET https://cloudfunctions.googleapis.com/v1/operations/cHJvamVjdHMvcHJvbXB0LWJhdHRsZS1jNWU2YS9sb2NhdGlvbnMvdXMtY2VudHJhbDEvb3BlcmF0aW9ucy9vcGVyYXRpb24tMTc3MzcyNjY3NjE5OC02NGQzMWVjNzZhNDM3LTdkYjUzYTQ3LWIwY2Q5YTcw {"name":"operations/cHJvamVjdHMvcHJvbXB0LWJhdHRsZS1jNWU2YS9sb2NhdGlvbnMvdXMtY2VudHJhbDEvb3BlcmF0aW9ucy9vcGVyYXRpb24tMTc3MzcyNjY3NjE5OC02NGQzMWVjNzZhNDM3LTdkYjUzYTQ3LWIwY2Q5YTcw","metadata":{"@type":"type.googleapis.com/google.cloud.functions.v1.OperationMetadataV1","target":"projects/prompt-battle-c5e6a/locations/us-central1/functions/purchaseBattlePass","type":"CREATE_FUNCTION","request":{"@type":"type.googleapis.com/google.cloud.functions.v1.CloudFunction","name":"projects/prompt-battle-c5e6a/locations/us-central1/functions/purchaseBattlePass","httpsTrigger":{"securityLevel":"SECURE_ALWAYS"},"entryPoint":"purchaseBattlePass","updateTime":"1970-01-01T00:00:00Z","labels":{"deployment-tool":"cli-firebase","firebase-functions-hash":"d4fa81547bac1ca707eb0988d534e987f547df30"},"sourceUploadUrl":"https://storage.googleapis.com/uploads-763700285092.us-central1.cloudfunctions.appspot.com/8f0a08e6-ee58-4376-90f5-a123a31d90fb.zip?GoogleAccessId=service-329010584107@gcf-admin-robot.iam.gserviceaccount.com&Expires=1773728448&Signature=wPYDBa3v9T%2BzEdJcwe58wa%2BOF31A3I8IU4soZsWOuLLq8KY6rTCw9a0Q%2FG88%2BTUOtnzfuuIvbP%2FN%2FfjWKkkMuORIKJ0FLc8yC9gEzL%2FAXEFWfeReHwGJ%2BHxGE%2FpnE4GcuYshlG86F7fKbBpidvkYKu%2BhJJ5ViD5MBrntGkTB%2BosFIV0kdqs%2FvxPh2eTY5H60WGoGozw2uSzb6OhkN7sRFd9%2FCjozGwlS3ZGtRfyaPt1YTGFEP0%2BltvBZvVSFRsNnEFh2RkhLFUl0JSY8%2FOtbL6p5D5bVQAbBbJj1bnNHXaS6VhcuLCa6NhW3pZSCaWWXXyxBEGHgHJVMOU%2FU9XbNsg%3D%3D","environmentVariables":{"FIREBASE_CONFIG":"{\"projectId\":\"prompt-battle-c5e6a\",\"databaseURL\":\"https://prompt-battle-c5e6a-default-rtdb.firebaseio.com\",\"storageBucket\":\"prompt-battle-c5e6a.firebasestorage.app\"}","GCLOUD_PROJECT":"prompt-battle-c5e6a","EVENTARC_CLOUD_EVENT_SOURCE":"projects/prompt-battle-c5e6a/locations/us-central1/functions/purchaseBattlePass"},"runtime":"nodejs20","buildEnvironmentVariables":{"GOOGLE_NODE_RUN_SCRIPTS":""},"dockerRegistry":"ARTIFACT_REGISTRY"},"versionId":"1","updateTime":"2026-03-17T05:51:16.530765237Z","buildId":"b190a897-53e8-4cdc-b9a7-47584e582c4e","buildName":"projects/329010584107/locations/us-central1/builds/b190a897-53e8-4cdc-b9a7-47584e582c4e"}}
[debug] [2026-03-17T05:51:33.206Z] <<< [apiv2][status] GET https://cloudfunctions.googleapis.com/v1/operations/cHJvamVjdHMvcHJvbXB0LWJhdHRsZS1jNWU2YS9sb2NhdGlvbnMvdXMtY2VudHJhbDEvb3BlcmF0aW9ucy9vcGVyYXRpb24tMTc3MzcyNjY3NjIxOS02NGQzMWVjNzZmNGViLTAyZGExNjEwLTBmNzE3NmMx 200
[debug] [2026-03-17T05:51:33.206Z] <<< [apiv2][body] GET https://cloudfunctions.googleapis.com/v1/operations/cHJvamVjdHMvcHJvbXB0LWJhdHRsZS1jNWU2YS9sb2NhdGlvbnMvdXMtY2VudHJhbDEvb3BlcmF0aW9ucy9vcGVyYXRpb24tMTc3MzcyNjY3NjIxOS02NGQzMWVjNzZmNGViLTAyZGExNjEwLTBmNzE3NmMx {"name":"operations/cHJvamVjdHMvcHJvbXB0LWJhdHRsZS1jNWU2YS9sb2NhdGlvbnMvdXMtY2VudHJhbDEvb3BlcmF0aW9ucy9vcGVyYXRpb24tMTc3MzcyNjY3NjIxOS02NGQzMWVjNzZmNGViLTAyZGExNjEwLTBmNzE3NmMx","metadata":{"@type":"type.googleapis.com/google.cloud.functions.v1.OperationMetadataV1","target":"projects/prompt-battle-c5e6a/locations/us-central1/functions/adminGrantItems","type":"CREATE_FUNCTION","request":{"@type":"type.googleapis.com/google.cloud.functions.v1.CloudFunction","name":"projects/prompt-battle-c5e6a/locations/us-central1/functions/adminGrantItems","httpsTrigger":{"securityLevel":"SECURE_ALWAYS"},"entryPoint":"adminGrantItems","updateTime":"1970-01-01T00:00:00Z","labels":{"deployment-tool":"cli-firebase","firebase-functions-hash":"d4fa81547bac1ca707eb0988d534e987f547df30"},"sourceUploadUrl":"https://storage.googleapis.com/uploads-763700285092.us-central1.cloudfunctions.appspot.com/8f0a08e6-ee58-4376-90f5-a123a31d90fb.zip?GoogleAccessId=service-329010584107@gcf-admin-robot.iam.gserviceaccount.com&Expires=1773728448&Signature=wPYDBa3v9T%2BzEdJcwe58wa%2BOF31A3I8IU4soZsWOuLLq8KY6rTCw9a0Q%2FG88%2BTUOtnzfuuIvbP%2FN%2FfjWKkkMuORIKJ0FLc8yC9gEzL%2FAXEFWfeReHwGJ%2BHxGE%2FpnE4GcuYshlG86F7fKbBpidvkYKu%2BhJJ5ViD5MBrntGkTB%2BosFIV0kdqs%2FvxPh2eTY5H60WGoGozw2uSzb6OhkN7sRFd9%2FCjozGwlS3ZGtRfyaPt1YTGFEP0%2BltvBZvVSFRsNnEFh2RkhLFUl0JSY8%2FOtbL6p5D5bVQAbBbJj1bnNHXaS6VhcuLCa6NhW3pZSCaWWXXyxBEGHgHJVMOU%2FU9XbNsg%3D%3D","environmentVariables":{"FIREBASE_CONFIG":"{\"projectId\":\"prompt-battle-c5e6a\",\"databaseURL\":\"https://prompt-battle-c5e6a-default-rtdb.firebaseio.com\",\"storageBucket\":\"prompt-battle-c5e6a.firebasestorage.app\"}","GCLOUD_PROJECT":"prompt-battle-c5e6a","EVENTARC_CLOUD_EVENT_SOURCE":"projects/prompt-battle-c5e6a/locations/us-central1/functions/adminGrantItems"},"runtime":"nodejs20","buildEnvironmentVariables":{"GOOGLE_NODE_RUN_SCRIPTS":""},"dockerRegistry":"ARTIFACT_REGISTRY"},"versionId":"1","updateTime":"2026-03-17T05:51:16.534572298Z","buildId":"6907457a-3811-49c2-a9d0-9208cb34ea6c","buildName":"projects/329010584107/locations/us-central1/builds/6907457a-3811-49c2-a9d0-9208cb34ea6c"}}
[debug] [2026-03-17T05:51:33.206Z] <<< [apiv2][status] GET https://cloudfunctions.googleapis.com/v1/operations/cHJvamVjdHMvcHJvbXB0LWJhdHRsZS1jNWU2YS9sb2NhdGlvbnMvdXMtY2VudHJhbDEvb3BlcmF0aW9ucy9vcGVyYXRpb24tMTc3MzcyNjY3NjE5Mi02NGQzMWVjNzY4ZTUzLWNkMTkyZDI5LTQ2N2RkZDJj 200
[debug] [2026-03-17T05:51:33.206Z] <<< [apiv2][body] GET https://cloudfunctions.googleapis.com/v1/operations/cHJvamVjdHMvcHJvbXB0LWJhdHRsZS1jNWU2YS9sb2NhdGlvbnMvdXMtY2VudHJhbDEvb3BlcmF0aW9ucy9vcGVyYXRpb24tMTc3MzcyNjY3NjE5Mi02NGQzMWVjNzY4ZTUzLWNkMTkyZDI5LTQ2N2RkZDJj {"name":"operations/cHJvamVjdHMvcHJvbXB0LWJhdHRsZS1jNWU2YS9sb2NhdGlvbnMvdXMtY2VudHJhbDEvb3BlcmF0aW9ucy9vcGVyYXRpb24tMTc3MzcyNjY3NjE5Mi02NGQzMWVjNzY4ZTUzLWNkMTkyZDI5LTQ2N2RkZDJj","metadata":{"@type":"type.googleapis.com/google.cloud.functions.v1.OperationMetadataV1","target":"projects/prompt-battle-c5e6a/locations/us-central1/functions/claimBattlePassReward","type":"CREATE_FUNCTION","request":{"@type":"type.googleapis.com/google.cloud.functions.v1.CloudFunction","name":"projects/prompt-battle-c5e6a/locations/us-central1/functions/claimBattlePassReward","httpsTrigger":{"securityLevel":"SECURE_ALWAYS"},"entryPoint":"claimBattlePassReward","updateTime":"1970-01-01T00:00:00Z","labels":{"deployment-tool":"cli-firebase","firebase-functions-hash":"d4fa81547bac1ca707eb0988d534e987f547df30"},"sourceUploadUrl":"https://storage.googleapis.com/uploads-763700285092.us-central1.cloudfunctions.appspot.com/8f0a08e6-ee58-4376-90f5-a123a31d90fb.zip?GoogleAccessId=service-329010584107@gcf-admin-robot.iam.gserviceaccount.com&Expires=1773728448&Signature=wPYDBa3v9T%2BzEdJcwe58wa%2BOF31A3I8IU4soZsWOuLLq8KY6rTCw9a0Q%2FG88%2BTUOtnzfuuIvbP%2FN%2FfjWKkkMuORIKJ0FLc8yC9gEzL%2FAXEFWfeReHwGJ%2BHxGE%2FpnE4GcuYshlG86F7fKbBpidvkYKu%2BhJJ5ViD5MBrntGkTB%2BosFIV0kdqs%2FvxPh2eTY5H60WGoGozw2uSzb6OhkN7sRFd9%2FCjozGwlS3ZGtRfyaPt1YTGFEP0%2BltvBZvVSFRsNnEFh2RkhLFUl0JSY8%2FOtbL6p5D5bVQAbBbJj1bnNHXaS6VhcuLCa6NhW3pZSCaWWXXyxBEGHgHJVMOU%2FU9XbNsg%3D%3D","environmentVariables":{"FIREBASE_CONFIG":"{\"projectId\":\"prompt-battle-c5e6a\",\"databaseURL\":\"https://prompt-battle-c5e6a-default-rtdb.firebaseio.com\",\"storageBucket\":\"prompt-battle-c5e6a.firebasestorage.app\"}","GCLOUD_PROJECT":"prompt-battle-c5e6a","EVENTARC_CLOUD_EVENT_SOURCE":"projects/prompt-battle-c5e6a/locations/us-central1/functions/claimBattlePassReward"},"runtime":"nodejs20","buildEnvironmentVariables":{"GOOGLE_NODE_RUN_SCRIPTS":""},"dockerRegistry":"ARTIFACT_REGISTRY"},"versionId":"1","updateTime":"2026-03-17T05:51:16.539548124Z","buildId":"99a9e6ca-4c55-4b69-a023-b67a74d11fb2","buildName":"projects/329010584107/locations/us-central1/builds/99a9e6ca-4c55-4b69-a023-b67a74d11fb2"}}
[debug] [2026-03-17T05:51:33.211Z] <<< [apiv2][status] GET https://cloudfunctions.googleapis.com/v1/operations/cHJvamVjdHMvcHJvbXB0LWJhdHRsZS1jNWU2YS9sb2NhdGlvbnMvdXMtY2VudHJhbDEvb3BlcmF0aW9ucy9vcGVyYXRpb24tMTc3MzcyNjY3NjE5Ny02NGQzMWVjNzZhMWI4LTFhNDVhMDVkLTI3Y2NmN2Ji 200
[debug] [2026-03-17T05:51:33.211Z] <<< [apiv2][body] GET https://cloudfunctions.googleapis.com/v1/operations/cHJvamVjdHMvcHJvbXB0LWJhdHRsZS1jNWU2YS9sb2NhdGlvbnMvdXMtY2VudHJhbDEvb3BlcmF0aW9ucy9vcGVyYXRpb24tMTc3MzcyNjY3NjE5Ny02NGQzMWVjNzZhMWI4LTFhNDVhMDVkLTI3Y2NmN2Ji {"name":"operations/cHJvamVjdHMvcHJvbXB0LWJhdHRsZS1jNWU2YS9sb2NhdGlvbnMvdXMtY2VudHJhbDEvb3BlcmF0aW9ucy9vcGVyYXRpb24tMTc3MzcyNjY3NjE5Ny02NGQzMWVjNzZhMWI4LTFhNDVhMDVkLTI3Y2NmN2Ji","metadata":{"@type":"type.googleapis.com/google.cloud.functions.v1.OperationMetadataV1","target":"projects/prompt-battle-c5e6a/locations/us-central1/functions/itchAppAuth","type":"CREATE_FUNCTION","request":{"@type":"type.googleapis.com/google.cloud.functions.v1.CloudFunction","name":"projects/prompt-battle-c5e6a/locations/us-central1/functions/itchAppAuth","httpsTrigger":{"securityLevel":"SECURE_ALWAYS"},"entryPoint":"itchAppAuth","updateTime":"1970-01-01T00:00:00Z","labels":{"deployment-tool":"cli-firebase","firebase-functions-hash":"d4fa81547bac1ca707eb0988d534e987f547df30"},"sourceUploadUrl":"https://storage.googleapis.com/uploads-763700285092.us-central1.cloudfunctions.appspot.com/8f0a08e6-ee58-4376-90f5-a123a31d90fb.zip?GoogleAccessId=service-329010584107@gcf-admin-robot.iam.gserviceaccount.com&Expires=1773728448&Signature=wPYDBa3v9T%2BzEdJcwe58wa%2BOF31A3I8IU4soZsWOuLLq8KY6rTCw9a0Q%2FG88%2BTUOtnzfuuIvbP%2FN%2FfjWKkkMuORIKJ0FLc8yC9gEzL%2FAXEFWfeReHwGJ%2BHxGE%2FpnE4GcuYshlG86F7fKbBpidvkYKu%2BhJJ5ViD5MBrntGkTB%2BosFIV0kdqs%2FvxPh2eTY5H60WGoGozw2uSzb6OhkN7sRFd9%2FCjozGwlS3ZGtRfyaPt1YTGFEP0%2BltvBZvVSFRsNnEFh2RkhLFUl0JSY8%2FOtbL6p5D5bVQAbBbJj1bnNHXaS6VhcuLCa6NhW3pZSCaWWXXyxBEGHgHJVMOU%2FU9XbNsg%3D%3D","environmentVariables":{"FIREBASE_CONFIG":"{\"projectId\":\"prompt-battle-c5e6a\",\"databaseURL\":\"https://prompt-battle-c5e6a-default-rtdb.firebaseio.com\",\"storageBucket\":\"prompt-battle-c5e6a.firebasestorage.app\"}","GCLOUD_PROJECT":"prompt-battle-c5e6a","EVENTARC_CLOUD_EVENT_SOURCE":"projects/prompt-battle-c5e6a/locations/us-central1/functions/itchAppAuth"},"runtime":"nodejs20","buildEnvironmentVariables":{"GOOGLE_NODE_RUN_SCRIPTS":""},"dockerRegistry":"ARTIFACT_REGISTRY"},"versionId":"1","updateTime":"2026-03-17T05:51:16.522093481Z","buildId":"7ef76630-9ebb-42c0-82ee-89c447dba4c9","buildName":"projects/329010584107/locations/us-central1/builds/7ef76630-9ebb-42c0-82ee-89c447dba4c9"}}
[debug] [2026-03-17T05:51:33.212Z] <<< [apiv2][status] GET https://cloudfunctions.googleapis.com/v1/operations/cHJvamVjdHMvcHJvbXB0LWJhdHRsZS1jNWU2YS9sb2NhdGlvbnMvdXMtY2VudHJhbDEvb3BlcmF0aW9ucy9vcGVyYXRpb24tMTc3MzcyNjY3NjE4Ny02NGQzMWVjNzY3N2Y5LTZmNTFlNzMxLWNmYjczZDgz 200
[debug] [2026-03-17T05:51:33.212Z] <<< [apiv2][body] GET https://cloudfunctions.googleapis.com/v1/operations/cHJvamVjdHMvcHJvbXB0LWJhdHRsZS1jNWU2YS9sb2NhdGlvbnMvdXMtY2VudHJhbDEvb3BlcmF0aW9ucy9vcGVyYXRpb24tMTc3MzcyNjY3NjE4Ny02NGQzMWVjNzY3N2Y5LTZmNTFlNzMxLWNmYjczZDgz {"name":"operations/cHJvamVjdHMvcHJvbXB0LWJhdHRsZS1jNWU2YS9sb2NhdGlvbnMvdXMtY2VudHJhbDEvb3BlcmF0aW9ucy9vcGVyYXRpb24tMTc3MzcyNjY3NjE4Ny02NGQzMWVjNzY3N2Y5LTZmNTFlNzMxLWNmYjczZDgz","metadata":{"@type":"type.googleapis.com/google.cloud.functions.v1.OperationMetadataV1","target":"projects/prompt-battle-c5e6a/locations/us-central1/functions/grantGlory","type":"CREATE_FUNCTION","request":{"@type":"type.googleapis.com/google.cloud.functions.v1.CloudFunction","name":"projects/prompt-battle-c5e6a/locations/us-central1/functions/grantGlory","httpsTrigger":{"securityLevel":"SECURE_ALWAYS"},"entryPoint":"grantGlory","updateTime":"1970-01-01T00:00:00Z","labels":{"deployment-tool":"cli-firebase","firebase-functions-hash":"d4fa81547bac1ca707eb0988d534e987f547df30"},"sourceUploadUrl":"https://storage.googleapis.com/uploads-763700285092.us-central1.cloudfunctions.appspot.com/8f0a08e6-ee58-4376-90f5-a123a31d90fb.zip?GoogleAccessId=service-329010584107@gcf-admin-robot.iam.gserviceaccount.com&Expires=1773728448&Signature=wPYDBa3v9T%2BzEdJcwe58wa%2BOF31A3I8IU4soZsWOuLLq8KY6rTCw9a0Q%2FG88%2BTUOtnzfuuIvbP%2FN%2FfjWKkkMuORIKJ0FLc8yC9gEzL%2FAXEFWfeReHwGJ%2BHxGE%2FpnE4GcuYshlG86F7fKbBpidvkYKu%2BhJJ5ViD5MBrntGkTB%2BosFIV0kdqs%2FvxPh2eTY5H60WGoGozw2uSzb6OhkN7sRFd9%2FCjozGwlS3ZGtRfyaPt1YTGFEP0%2BltvBZvVSFRsNnEFh2RkhLFUl0JSY8%2FOtbL6p5D5bVQAbBbJj1bnNHXaS6VhcuLCa6NhW3pZSCaWWXXyxBEGHgHJVMOU%2FU9XbNsg%3D%3D","environmentVariables":{"FIREBASE_CONFIG":"{\"projectId\":\"prompt-battle-c5e6a\",\"databaseURL\":\"https://prompt-battle-c5e6a-default-rtdb.firebaseio.com\",\"storageBucket\":\"prompt-battle-c5e6a.firebasestorage.app\"}","GCLOUD_PROJECT":"prompt-battle-c5e6a","EVENTARC_CLOUD_EVENT_SOURCE":"projects/prompt-battle-c5e6a/locations/us-central1/functions/grantGlory"},"runtime":"nodejs20","buildEnvironmentVariables":{"GOOGLE_NODE_RUN_SCRIPTS":""},"dockerRegistry":"ARTIFACT_REGISTRY"},"versionId":"1","updateTime":"2026-03-17T05:51:16.540514037Z","buildId":"714add40-5199-408c-8d5a-8b37209a094b","buildName":"projects/329010584107/locations/us-central1/builds/714add40-5199-408c-8d5a-8b37209a094b"}}
[debug] [2026-03-17T05:51:43.063Z] [create-default-us-central1-completePayment] Retrying task index 0
[debug] [2026-03-17T05:51:43.063Z] Checked if tokens are valid: true, expires at: 1773729535384
[debug] [2026-03-17T05:51:43.063Z] Checked if tokens are valid: true, expires at: 1773729535384
[debug] [2026-03-17T05:51:43.063Z] >>> [apiv2][query] GET https://cloudfunctions.googleapis.com/v1/operations/cHJvamVjdHMvcHJvbXB0LWJhdHRsZS1jNWU2YS9sb2NhdGlvbnMvdXMtY2VudHJhbDEvb3BlcmF0aW9ucy9vcGVyYXRpb24tMTc3MzcyNjY3NjE2Mi02NGQzMWVjNzYxOGQ1LTA4ZTRkYjMyLTY1NWNhZjNh [none]
[debug] [2026-03-17T05:51:43.064Z] [create-default-us-central1-grantBattlePassXp] Retrying task index 0
[debug] [2026-03-17T05:51:43.065Z] Checked if tokens are valid: true, expires at: 1773729535384
[debug] [2026-03-17T05:51:43.065Z] Checked if tokens are valid: true, expires at: 1773729535384
[debug] [2026-03-17T05:51:43.065Z] >>> [apiv2][query] GET https://cloudfunctions.googleapis.com/v1/operations/cHJvamVjdHMvcHJvbXB0LWJhdHRsZS1jNWU2YS9sb2NhdGlvbnMvdXMtY2VudHJhbDEvb3BlcmF0aW9ucy9vcGVyYXRpb24tMTc3MzcyNjY3NjIxNy02NGQzMWVjNzZlZDA2LTRlNzZlOTc0LWQ1NGViOTUx [none]
[debug] [2026-03-17T05:51:43.078Z] [create-default-us-central1-squareWebhook] Retrying task index 0
[debug] [2026-03-17T05:51:43.078Z] Checked if tokens are valid: true, expires at: 1773729535384
[debug] [2026-03-17T05:51:43.078Z] Checked if tokens are valid: true, expires at: 1773729535384
[debug] [2026-03-17T05:51:43.078Z] >>> [apiv2][query] GET https://cloudfunctions.googleapis.com/v1/operations/cHJvamVjdHMvcHJvbXB0LWJhdHRsZS1jNWU2YS9sb2NhdGlvbnMvdXMtY2VudHJhbDEvb3BlcmF0aW9ucy9vcGVyYXRpb24tMTc3MzcyNjY3NjE5MS02NGQzMWVjNzY4YTQ2LTAzZDEwMTg0LTVhODc0ZmFm [none]
[debug] [2026-03-17T05:51:43.093Z] [create-default-us-central1-grantXp] Retrying task index 0
[debug] [2026-03-17T05:51:43.093Z] Checked if tokens are valid: true, expires at: 1773729535384
[debug] [2026-03-17T05:51:43.094Z] Checked if tokens are valid: true, expires at: 1773729535384
[debug] [2026-03-17T05:51:43.094Z] >>> [apiv2][query] GET https://cloudfunctions.googleapis.com/v1/operations/cHJvamVjdHMvcHJvbXB0LWJhdHRsZS1jNWU2YS9sb2NhdGlvbnMvdXMtY2VudHJhbDEvb3BlcmF0aW9ucy9vcGVyYXRpb24tMTc3MzcyNjY3NjIwMC02NGQzMWVjNzZhYjcyLWY4ZjEyNjc4LWFlOWVmNDJm [none]
[debug] [2026-03-17T05:51:43.109Z] [create-default-us-central1-processPlayerCommand] Retrying task index 0
[debug] [2026-03-17T05:51:43.109Z] Checked if tokens are valid: true, expires at: 1773729535384
[debug] [2026-03-17T05:51:43.109Z] Checked if tokens are valid: true, expires at: 1773729535384
[debug] [2026-03-17T05:51:43.109Z] >>> [apiv2][query] GET https://cloudfunctions.googleapis.com/v1/operations/cHJvamVjdHMvcHJvbXB0LWJhdHRsZS1jNWU2YS9sb2NhdGlvbnMvdXMtY2VudHJhbDEvb3BlcmF0aW9ucy9vcGVyYXRpb24tMTc3MzcyNjY3NjE5Mi02NGQzMWVjNzY4ZGMxLWFmMDgwOGZlLTFkZDMxOGVk [none]
[debug] [2026-03-17T05:51:43.172Z] [create-default-us-central1-purchaseItem] Retrying task index 0
[debug] [2026-03-17T05:51:43.172Z] Checked if tokens are valid: true, expires at: 1773729535384
[debug] [2026-03-17T05:51:43.172Z] Checked if tokens are valid: true, expires at: 1773729535384
[debug] [2026-03-17T05:51:43.172Z] >>> [apiv2][query] GET https://cloudfunctions.googleapis.com/v1/operations/cHJvamVjdHMvcHJvbXB0LWJhdHRsZS1jNWU2YS9sb2NhdGlvbnMvdXMtY2VudHJhbDEvb3BlcmF0aW9ucy9vcGVyYXRpb24tMTc3MzcyNjY3NjIxMy02NGQzMWVjNzZlMGI3LWI4MTQ0NTA4LTcxYWExMDkw [none]
[debug] [2026-03-17T05:51:43.187Z] [create-default-us-central1-itchOAuthCallback] Retrying task index 0
[debug] [2026-03-17T05:51:43.187Z] Checked if tokens are valid: true, expires at: 1773729535384
[debug] [2026-03-17T05:51:43.187Z] Checked if tokens are valid: true, expires at: 1773729535384
[debug] [2026-03-17T05:51:43.187Z] >>> [apiv2][query] GET https://cloudfunctions.googleapis.com/v1/operations/cHJvamVjdHMvcHJvbXB0LWJhdHRsZS1jNWU2YS9sb2NhdGlvbnMvdXMtY2VudHJhbDEvb3BlcmF0aW9ucy9vcGVyYXRpb24tMTc3MzcyNjY3NjIwMi02NGQzMWVjNzZiNWYwLTE4YTQxYWRhLTU1ZmU5NmVk [none]
[debug] [2026-03-17T05:51:43.189Z] [create-default-us-central1-onPlayerJoinQueue] Retrying task index 0
[debug] [2026-03-17T05:51:43.189Z] Checked if tokens are valid: true, expires at: 1773729535384
[debug] [2026-03-17T05:51:43.189Z] Checked if tokens are valid: true, expires at: 1773729535384
[debug] [2026-03-17T05:51:43.189Z] >>> [apiv2][query] GET https://cloudfunctions.googleapis.com/v1/operations/cHJvamVjdHMvcHJvbXB0LWJhdHRsZS1jNWU2YS9sb2NhdGlvbnMvdXMtY2VudHJhbDEvb3BlcmF0aW9ucy9vcGVyYXRpb24tMTc3MzcyNjY3NjIxNy02NGQzMWVjNzZlZjI4LWU1MWQ2Mzk1LTYwZjNmZjhj [none]
[debug] [2026-03-17T05:51:43.190Z] [create-default-us-central1-redeemItchKey] Retrying task index 0
[debug] [2026-03-17T05:51:43.190Z] Checked if tokens are valid: true, expires at: 1773729535384
[debug] [2026-03-17T05:51:43.190Z] Checked if tokens are valid: true, expires at: 1773729535384
[debug] [2026-03-17T05:51:43.190Z] >>> [apiv2][query] GET https://cloudfunctions.googleapis.com/v1/operations/cHJvamVjdHMvcHJvbXB0LWJhdHRsZS1jNWU2YS9sb2NhdGlvbnMvdXMtY2VudHJhbDEvb3BlcmF0aW9ucy9vcGVyYXRpb24tMTc3MzcyNjY3NjE5NC02NGQzMWVjNzY5NDc3LWE2ZWY0MGE1LWZhYTg3YjBm [none]
[debug] [2026-03-17T05:51:43.191Z] [create-default-us-central1-purchaseBattlePass] Retrying task index 0
[debug] [2026-03-17T05:51:43.191Z] Checked if tokens are valid: true, expires at: 1773729535384
[debug] [2026-03-17T05:51:43.191Z] Checked if tokens are valid: true, expires at: 1773729535384
[debug] [2026-03-17T05:51:43.191Z] >>> [apiv2][query] GET https://cloudfunctions.googleapis.com/v1/operations/cHJvamVjdHMvcHJvbXB0LWJhdHRsZS1jNWU2YS9sb2NhdGlvbnMvdXMtY2VudHJhbDEvb3BlcmF0aW9ucy9vcGVyYXRpb24tMTc3MzcyNjY3NjE5OC02NGQzMWVjNzZhNDM3LTdkYjUzYTQ3LWIwY2Q5YTcw [none]
[debug] [2026-03-17T05:51:43.207Z] [create-default-us-central1-adminGrantItems] Retrying task index 0
[debug] [2026-03-17T05:51:43.207Z] Checked if tokens are valid: true, expires at: 1773729535384
[debug] [2026-03-17T05:51:43.207Z] Checked if tokens are valid: true, expires at: 1773729535384
[debug] [2026-03-17T05:51:43.207Z] >>> [apiv2][query] GET https://cloudfunctions.googleapis.com/v1/operations/cHJvamVjdHMvcHJvbXB0LWJhdHRsZS1jNWU2YS9sb2NhdGlvbnMvdXMtY2VudHJhbDEvb3BlcmF0aW9ucy9vcGVyYXRpb24tMTc3MzcyNjY3NjIxOS02NGQzMWVjNzZmNGViLTAyZGExNjEwLTBmNzE3NmMx [none]
[debug] [2026-03-17T05:51:43.208Z] [create-default-us-central1-claimBattlePassReward] Retrying task index 0
[debug] [2026-03-17T05:51:43.208Z] Checked if tokens are valid: true, expires at: 1773729535384
[debug] [2026-03-17T05:51:43.208Z] Checked if tokens are valid: true, expires at: 1773729535384
[debug] [2026-03-17T05:51:43.208Z] >>> [apiv2][query] GET https://cloudfunctions.googleapis.com/v1/operations/cHJvamVjdHMvcHJvbXB0LWJhdHRsZS1jNWU2YS9sb2NhdGlvbnMvdXMtY2VudHJhbDEvb3BlcmF0aW9ucy9vcGVyYXRpb24tMTc3MzcyNjY3NjE5Mi02NGQzMWVjNzY4ZTUzLWNkMTkyZDI5LTQ2N2RkZDJj [none]
[debug] [2026-03-17T05:51:43.210Z] [create-default-us-central1-itchAppAuth] Retrying task index 0
[debug] [2026-03-17T05:51:43.210Z] Checked if tokens are valid: true, expires at: 1773729535384
[debug] [2026-03-17T05:51:43.210Z] Checked if tokens are valid: true, expires at: 1773729535384
[debug] [2026-03-17T05:51:43.210Z] >>> [apiv2][query] GET https://cloudfunctions.googleapis.com/v1/operations/cHJvamVjdHMvcHJvbXB0LWJhdHRsZS1jNWU2YS9sb2NhdGlvbnMvdXMtY2VudHJhbDEvb3BlcmF0aW9ucy9vcGVyYXRpb24tMTc3MzcyNjY3NjE5Ny02NGQzMWVjNzZhMWI4LTFhNDVhMDVkLTI3Y2NmN2Ji [none]
[debug] [2026-03-17T05:51:43.213Z] [create-default-us-central1-grantGlory] Retrying task index 0
[debug] [2026-03-17T05:51:43.213Z] Checked if tokens are valid: true, expires at: 1773729535384
[debug] [2026-03-17T05:51:43.213Z] Checked if tokens are valid: true, expires at: 1773729535384
[debug] [2026-03-17T05:51:43.213Z] >>> [apiv2][query] GET https://cloudfunctions.googleapis.com/v1/operations/cHJvamVjdHMvcHJvbXB0LWJhdHRsZS1jNWU2YS9sb2NhdGlvbnMvdXMtY2VudHJhbDEvb3BlcmF0aW9ucy9vcGVyYXRpb24tMTc3MzcyNjY3NjE4Ny02NGQzMWVjNzY3N2Y5LTZmNTFlNzMxLWNmYjczZDgz [none]
[debug] [2026-03-17T05:51:43.235Z] <<< [apiv2][status] GET https://cloudfunctions.googleapis.com/v1/operations/cHJvamVjdHMvcHJvbXB0LWJhdHRsZS1jNWU2YS9sb2NhdGlvbnMvdXMtY2VudHJhbDEvb3BlcmF0aW9ucy9vcGVyYXRpb24tMTc3MzcyNjY3NjE2Mi02NGQzMWVjNzYxOGQ1LTA4ZTRkYjMyLTY1NWNhZjNh 200
[debug] [2026-03-17T05:51:43.235Z] <<< [apiv2][body] GET https://cloudfunctions.googleapis.com/v1/operations/cHJvamVjdHMvcHJvbXB0LWJhdHRsZS1jNWU2YS9sb2NhdGlvbnMvdXMtY2VudHJhbDEvb3BlcmF0aW9ucy9vcGVyYXRpb24tMTc3MzcyNjY3NjE2Mi02NGQzMWVjNzYxOGQ1LTA4ZTRkYjMyLTY1NWNhZjNh {"name":"operations/cHJvamVjdHMvcHJvbXB0LWJhdHRsZS1jNWU2YS9sb2NhdGlvbnMvdXMtY2VudHJhbDEvb3BlcmF0aW9ucy9vcGVyYXRpb24tMTc3MzcyNjY3NjE2Mi02NGQzMWVjNzYxOGQ1LTA4ZTRkYjMyLTY1NWNhZjNh","metadata":{"@type":"type.googleapis.com/google.cloud.functions.v1.OperationMetadataV1","target":"projects/prompt-battle-c5e6a/locations/us-central1/functions/completePayment","type":"CREATE_FUNCTION","request":{"@type":"type.googleapis.com/google.cloud.functions.v1.CloudFunction","name":"projects/prompt-battle-c5e6a/locations/us-central1/functions/completePayment","httpsTrigger":{"securityLevel":"SECURE_ALWAYS"},"entryPoint":"completePayment","updateTime":"1970-01-01T00:00:00Z","labels":{"deployment-tool":"cli-firebase","firebase-functions-hash":"d4fa81547bac1ca707eb0988d534e987f547df30"},"sourceUploadUrl":"https://storage.googleapis.com/uploads-763700285092.us-central1.cloudfunctions.appspot.com/8f0a08e6-ee58-4376-90f5-a123a31d90fb.zip?GoogleAccessId=service-329010584107@gcf-admin-robot.iam.gserviceaccount.com&Expires=1773728448&Signature=wPYDBa3v9T%2BzEdJcwe58wa%2BOF31A3I8IU4soZsWOuLLq8KY6rTCw9a0Q%2FG88%2BTUOtnzfuuIvbP%2FN%2FfjWKkkMuORIKJ0FLc8yC9gEzL%2FAXEFWfeReHwGJ%2BHxGE%2FpnE4GcuYshlG86F7fKbBpidvkYKu%2BhJJ5ViD5MBrntGkTB%2BosFIV0kdqs%2FvxPh2eTY5H60WGoGozw2uSzb6OhkN7sRFd9%2FCjozGwlS3ZGtRfyaPt1YTGFEP0%2BltvBZvVSFRsNnEFh2RkhLFUl0JSY8%2FOtbL6p5D5bVQAbBbJj1bnNHXaS6VhcuLCa6NhW3pZSCaWWXXyxBEGHgHJVMOU%2FU9XbNsg%3D%3D","environmentVariables":{"FIREBASE_CONFIG":"{\"projectId\":\"prompt-battle-c5e6a\",\"databaseURL\":\"https://prompt-battle-c5e6a-default-rtdb.firebaseio.com\",\"storageBucket\":\"prompt-battle-c5e6a.firebasestorage.app\"}","GCLOUD_PROJECT":"prompt-battle-c5e6a","EVENTARC_CLOUD_EVENT_SOURCE":"projects/prompt-battle-c5e6a/locations/us-central1/functions/completePayment"},"runtime":"nodejs20","buildEnvironmentVariables":{"GOOGLE_NODE_RUN_SCRIPTS":""},"dockerRegistry":"ARTIFACT_REGISTRY"},"versionId":"1","updateTime":"2026-03-17T05:51:16.492032866Z","buildId":"7b2ebc4a-123f-4fd7-8d00-87a1fd6f7578","buildName":"projects/329010584107/locations/us-central1/builds/7b2ebc4a-123f-4fd7-8d00-87a1fd6f7578"}}
[debug] [2026-03-17T05:51:43.236Z] <<< [apiv2][status] GET https://cloudfunctions.googleapis.com/v1/operations/cHJvamVjdHMvcHJvbXB0LWJhdHRsZS1jNWU2YS9sb2NhdGlvbnMvdXMtY2VudHJhbDEvb3BlcmF0aW9ucy9vcGVyYXRpb24tMTc3MzcyNjY3NjIxNy02NGQzMWVjNzZlZDA2LTRlNzZlOTc0LWQ1NGViOTUx 200
[debug] [2026-03-17T05:51:43.236Z] <<< [apiv2][body] GET https://cloudfunctions.googleapis.com/v1/operations/cHJvamVjdHMvcHJvbXB0LWJhdHRsZS1jNWU2YS9sb2NhdGlvbnMvdXMtY2VudHJhbDEvb3BlcmF0aW9ucy9vcGVyYXRpb24tMTc3MzcyNjY3NjIxNy02NGQzMWVjNzZlZDA2LTRlNzZlOTc0LWQ1NGViOTUx {"name":"operations/cHJvamVjdHMvcHJvbXB0LWJhdHRsZS1jNWU2YS9sb2NhdGlvbnMvdXMtY2VudHJhbDEvb3BlcmF0aW9ucy9vcGVyYXRpb24tMTc3MzcyNjY3NjIxNy02NGQzMWVjNzZlZDA2LTRlNzZlOTc0LWQ1NGViOTUx","metadata":{"@type":"type.googleapis.com/google.cloud.functions.v1.OperationMetadataV1","target":"projects/prompt-battle-c5e6a/locations/us-central1/functions/grantBattlePassXp","type":"CREATE_FUNCTION","request":{"@type":"type.googleapis.com/google.cloud.functions.v1.CloudFunction","name":"projects/prompt-battle-c5e6a/locations/us-central1/functions/grantBattlePassXp","httpsTrigger":{"securityLevel":"SECURE_ALWAYS"},"entryPoint":"grantBattlePassXp","updateTime":"1970-01-01T00:00:00Z","labels":{"deployment-tool":"cli-firebase","firebase-functions-hash":"d4fa81547bac1ca707eb0988d534e987f547df30"},"sourceUploadUrl":"https://storage.googleapis.com/uploads-763700285092.us-central1.cloudfunctions.appspot.com/8f0a08e6-ee58-4376-90f5-a123a31d90fb.zip?GoogleAccessId=service-329010584107@gcf-admin-robot.iam.gserviceaccount.com&Expires=1773728448&Signature=wPYDBa3v9T%2BzEdJcwe58wa%2BOF31A3I8IU4soZsWOuLLq8KY6rTCw9a0Q%2FG88%2BTUOtnzfuuIvbP%2FN%2FfjWKkkMuORIKJ0FLc8yC9gEzL%2FAXEFWfeReHwGJ%2BHxGE%2FpnE4GcuYshlG86F7fKbBpidvkYKu%2BhJJ5ViD5MBrntGkTB%2BosFIV0kdqs%2FvxPh2eTY5H60WGoGozw2uSzb6OhkN7sRFd9%2FCjozGwlS3ZGtRfyaPt1YTGFEP0%2BltvBZvVSFRsNnEFh2RkhLFUl0JSY8%2FOtbL6p5D5bVQAbBbJj1bnNHXaS6VhcuLCa6NhW3pZSCaWWXXyxBEGHgHJVMOU%2FU9XbNsg%3D%3D","environmentVariables":{"FIREBASE_CONFIG":"{\"projectId\":\"prompt-battle-c5e6a\",\"databaseURL\":\"https://prompt-battle-c5e6a-default-rtdb.firebaseio.com\",\"storageBucket\":\"prompt-battle-c5e6a.firebasestorage.app\"}","GCLOUD_PROJECT":"prompt-battle-c5e6a","EVENTARC_CLOUD_EVENT_SOURCE":"projects/prompt-battle-c5e6a/locations/us-central1/functions/grantBattlePassXp"},"runtime":"nodejs20","buildEnvironmentVariables":{"GOOGLE_NODE_RUN_SCRIPTS":""},"dockerRegistry":"ARTIFACT_REGISTRY"},"versionId":"1","updateTime":"2026-03-17T05:51:16.533404027Z","buildId":"358f9f43-30dd-40b2-987b-87318dc75c35","buildName":"projects/329010584107/locations/us-central1/builds/358f9f43-30dd-40b2-987b-87318dc75c35"}}
[debug] [2026-03-17T05:51:43.248Z] <<< [apiv2][status] GET https://cloudfunctions.googleapis.com/v1/operations/cHJvamVjdHMvcHJvbXB0LWJhdHRsZS1jNWU2YS9sb2NhdGlvbnMvdXMtY2VudHJhbDEvb3BlcmF0aW9ucy9vcGVyYXRpb24tMTc3MzcyNjY3NjE5MS02NGQzMWVjNzY4YTQ2LTAzZDEwMTg0LTVhODc0ZmFm 200
[debug] [2026-03-17T05:51:43.248Z] <<< [apiv2][body] GET https://cloudfunctions.googleapis.com/v1/operations/cHJvamVjdHMvcHJvbXB0LWJhdHRsZS1jNWU2YS9sb2NhdGlvbnMvdXMtY2VudHJhbDEvb3BlcmF0aW9ucy9vcGVyYXRpb24tMTc3MzcyNjY3NjE5MS02NGQzMWVjNzY4YTQ2LTAzZDEwMTg0LTVhODc0ZmFm {"name":"operations/cHJvamVjdHMvcHJvbXB0LWJhdHRsZS1jNWU2YS9sb2NhdGlvbnMvdXMtY2VudHJhbDEvb3BlcmF0aW9ucy9vcGVyYXRpb24tMTc3MzcyNjY3NjE5MS02NGQzMWVjNzY4YTQ2LTAzZDEwMTg0LTVhODc0ZmFm","metadata":{"@type":"type.googleapis.com/google.cloud.functions.v1.OperationMetadataV1","target":"projects/prompt-battle-c5e6a/locations/us-central1/functions/squareWebhook","type":"CREATE_FUNCTION","request":{"@type":"type.googleapis.com/google.cloud.functions.v1.CloudFunction","name":"projects/prompt-battle-c5e6a/locations/us-central1/functions/squareWebhook","httpsTrigger":{"securityLevel":"SECURE_ALWAYS"},"entryPoint":"squareWebhook","updateTime":"1970-01-01T00:00:00Z","labels":{"deployment-tool":"cli-firebase","firebase-functions-hash":"d4fa81547bac1ca707eb0988d534e987f547df30"},"sourceUploadUrl":"https://storage.googleapis.com/uploads-763700285092.us-central1.cloudfunctions.appspot.com/8f0a08e6-ee58-4376-90f5-a123a31d90fb.zip?GoogleAccessId=service-329010584107@gcf-admin-robot.iam.gserviceaccount.com&Expires=1773728448&Signature=wPYDBa3v9T%2BzEdJcwe58wa%2BOF31A3I8IU4soZsWOuLLq8KY6rTCw9a0Q%2FG88%2BTUOtnzfuuIvbP%2FN%2FfjWKkkMuORIKJ0FLc8yC9gEzL%2FAXEFWfeReHwGJ%2BHxGE%2FpnE4GcuYshlG86F7fKbBpidvkYKu%2BhJJ5ViD5MBrntGkTB%2BosFIV0kdqs%2FvxPh2eTY5H60WGoGozw2uSzb6OhkN7sRFd9%2FCjozGwlS3ZGtRfyaPt1YTGFEP0%2BltvBZvVSFRsNnEFh2RkhLFUl0JSY8%2FOtbL6p5D5bVQAbBbJj1bnNHXaS6VhcuLCa6NhW3pZSCaWWXXyxBEGHgHJVMOU%2FU9XbNsg%3D%3D","environmentVariables":{"FIREBASE_CONFIG":"{\"projectId\":\"prompt-battle-c5e6a\",\"databaseURL\":\"https://prompt-battle-c5e6a-default-rtdb.firebaseio.com\",\"storageBucket\":\"prompt-battle-c5e6a.firebasestorage.app\"}","GCLOUD_PROJECT":"prompt-battle-c5e6a","EVENTARC_CLOUD_EVENT_SOURCE":"projects/prompt-battle-c5e6a/locations/us-central1/functions/squareWebhook"},"runtime":"nodejs20","buildEnvironmentVariables":{"GOOGLE_NODE_RUN_SCRIPTS":""},"dockerRegistry":"ARTIFACT_REGISTRY"},"versionId":"1","updateTime":"2026-03-17T05:51:42.676370409Z","buildId":"54e29991-2567-4daa-a2c3-d7b7fc850379","buildName":"projects/329010584107/locations/us-central1/builds/54e29991-2567-4daa-a2c3-d7b7fc850379"},"done":true,"error":{"code":13,"message":"Gen1 operation for function projects/prompt-battle-c5e6a/locations/us-central1/functions/squareWebhook failed: Build failed: Build error details not available.Please check the logs at https://console.cloud.google.com/cloud-build/builds;region=us-central1/54e29991-2567-4daa-a2c3-d7b7fc850379?project=329010584107. Please visit https://cloud.google.com/functions/docs/troubleshooting#build for in-depth troubleshooting documentation for build related errors..","details":[{"@type":"type.googleapis.com/google.rpc.DebugInfo","stackEntries":["cloud/control2/shared/userfriendly/userfriendly_helpers.go:66 +0x24 google3/cloud/control2/shared/userfriendly/userfriendly.DebugInfoWithMessage({0x524eb72bd4a0, 0x1ca})","cloud/control2/frontend/storedata/public_operation.go:256 +0xc0 google3/cloud/control2/frontend/storedata/publicoperation.toOperationError({0xaaaac872b1e8, 0x524ec2163cb0}, 0x524eaf337c10?, 0x58?)","cloud/control2/frontend/storedata/public_operation.go:122 +0x314 google3/cloud/control2/frontend/storedata/publicoperation.ToPublic({0xaaaac872b1e8, 0x524ec2163cb0}, 0x524eaf337c10, 0x524eb0b1ac58, 0x524ecb836d80, 0x524ea13aa630)","cloud/control2/frontend/converters/operation_converter.go:46 +0x78 google3/cloud/control2/frontend/converters/operationconverter.(*OperationConverter).ConvertResource(0x524ead31a500, {0xaaaac872b1e8, 0x524ec2163cb0}, {0xaaaac873a740, 0x524eaf337c10}, 0x524ea23c5e40?, 0x524ea13aa630?)","cloud/control2/frontend/handler/get.go:220 +0x1450 google3/cloud/control2/frontend/handler/handler.Handler.handleGet({{0xffff31c33608, 0x524ea31c4c00}, {0x524ea443dca0, 0x524ea671cdc0, {0xaaaac875e0e8, 0x524ea23c5e40}, 0x524ea13aa630, 0x524ec2a82900}, {{0xaaaac859e260, 0x524ea5a42780}}, ...}, ...)","cloud/control2/frontend/handler/handler_init.go:511 +0x68 google3/cloud/control2/frontend/handler/handler.init.func55({_, _}, {0x524eca310b08, 0x524ec71c1b18, 0x0, 0x0, 0x0, 0x0, 0x524ec5a9f200, 0x524ec5a9f240, ...})","cloud/control2/frontend/handler/handler_init.go:273 +0x64 google3/cloud/control2/frontend/handler/handler.RegularInitializer.initGetMethodStates.func2({_, _}, {0x524eca310b08, 0x524ec71c1b18, 0x0, 0x0, 0x0, 0x0, 0x524ec5a9f200, 0x524ec5a9f240, ...})","cloud/control2/frontend/handler/handler.go:328 google3/cloud/control2/frontend/handler/handler.Handler.start.func1(...)","cloud/control2/frontend/handler/handler.go:329 +0x254 google3/cloud/control2/frontend/handler/handler.Handler.start({{0xffff31c33608, 0x524ea31c4c00}, {0x524ea443dca0, 0x524ea671cdc0, {0xaaaac875e0e8, 0x524ea23c5e40}, 0x524ea13aa630, 0x524ec2a82900}, {{0xaaaac859e260, 0x524ea5a42780}}, ...}, ...)","cloud/control2/frontend/handler/handler.go:312 +0x60 google3/cloud/control2/frontend/handler/handler.init.func63({0xaaaac872b1e8?, _}, {{0xffff31c33608, 0x524ea31c4c00}, {0x524ea443dca0, 0x524ea671cdc0, {0xaaaac875e0e8, 0x524ea23c5e40}, 0x524ea13aa630, 0x524ec2a82900}, ...}, ...)","cloud/control2/frontend/handler/handler.go:307 +0xf4 google3/cloud/control2/frontend/handler/handler.Handler.HandleRequest({{0xffff31c33608, 0x524ea31c4c00}, {0x524ea443dca0, 0x524ea671cdc0, {0xaaaac875e0e8, 0x524ea23c5e40}, 0x524ea13aa630, 0x524ec2a82900}, {{0xaaaac859e260, 0x524ea5a42780}}, ...}, ...)","cloud/control2/frontend/server/request_handler.go:170 +0xc4 google3/cloud/control2/frontend/server/requesthandler.init.func1({0xaaaac872b1e8?, 0x524ecbe8f290?}, 0x524e9e1b6e00, 0x524ec5a9f1c0, 0x524ec5a9f200, 0x524ec5a9f240)","cloud/control2/frontend/server/request_handler.go:143 +0x4f4 google3/cloud/control2/frontend/server/requesthandler.(*Handler).handleRequestWithFullMethodName(0x524e9e1b6e00, {0xaaaac872b1e8, 0x524ecbe8f110}, 0x524ecff42280, 0x524eaf15ee88, 0x524ec71c1a70, {0x0?, 0x0?})","cloud/control2/frontend/server/request_handler.go:88 +0x378 google3/cloud/control2/frontend/server/requesthandler.(*Handler).handleRequest(0x524e9e1b6e00, {0xaaaac872b1e8, 0x524ecbe8f110}, 0x524eaf15ee88, 0x524ec71c1a70)","cloud/control2/frontend/server/request_handler.go:66 +0xa4 google3/cloud/control2/frontend/server/requesthandler.init.func2({0xaaaac872b1e8?, 0x524ecbe8f110?}, 0x524ec361ed69?, 0x524edaeb5c33?, 0x524ec361ed74?)","cloud/control2/frontend/server/request_handler.go:54 +0x40 google3/cloud/control2/frontend/server/requesthandler.(*Handler).handle(0x4?, {0xaaaac872b1e8, 0x524ecbe8f110}, 0xffff8d6febf0?, 0x524e9c100008?)","cloud/control2/shared/genericrpc/service.go:171 +0x3a8 google3/cloud/control2/shared/genericrpc/genericrpc.(*Dispatcher).DefaultMethodHandler(0x524eaaec8600, {0xaaaac872b1e8, 0x524ecbe8f110}, 0x524eaf15ee88)","net/rpc/go/stream.go:1180 +0x4c google3/net/rpc/go/rpc.runStreamHandler({0xaaaac872b1e8?, 0x524ecbe8f110?}, 0x524eaf15ee88?, {0x0?, 0x0?}, {0xaaaac8743170, 0x524ec1576d20})","net/goa/rpc/rpchandler.go:100 +0x3b8 google3/net/goa/rpc/rpchandler.ExecHandlerSubset({0xaaaac872b1e8?, 0x524ed2711080?}, 0x524ea3f9f518)","net/goa/rpc/rpchandler.go:327 +0x7f0 google3/net/goa/rpc/rpchandler.(*closedRegistry).hook(0x524ea37a27e0, {0xaaaac872b508, 0x524ec813b500}, 0x524e9d2a2900)","production/fireaxe/go/filters/rpcserverinterceptor.go:62 +0x258 google3/production/fireaxe/go/filters/rpcserverinterceptor.(*Interceptor).MakeHook-fm.(*Interceptor).MakeHook.func2({0xaaaac872b508, 0x524ec813b500}, 0x524e9d2a2900)"],"detail":"Gen1 operation for function projects/prompt-battle-c5e6a/locations/us-central1/functions/squareWebhook failed: Build failed: Build error details not available.Please check the logs at https://console.cloud.google.com/cloud-build/builds;region=us-central1/54e29991-2567-4daa-a2c3-d7b7fc850379?project=329010584107. Please visit https://cloud.google.com/functions/docs/troubleshooting#build for in-depth troubleshooting documentation for build related errors.."}]}}
[debug] [2026-03-17T05:51:43.248Z] Got source token undefined for region us-central1
[error] Gen1 operation for function projects/prompt-battle-c5e6a/locations/us-central1/functions/squareWebhook failed: Build failed: Build error details not available.Please check the logs at https://console.cloud.google.com/cloud-build/builds;region=us-central1/54e29991-2567-4daa-a2c3-d7b7fc850379?project=329010584107. Please visit https://cloud.google.com/functions/docs/troubleshooting#build for in-depth troubleshooting documentation for build related errors..
[debug] [2026-03-17T05:51:43.265Z] <<< [apiv2][status] GET https://cloudfunctions.googleapis.com/v1/operations/cHJvamVjdHMvcHJvbXB0LWJhdHRsZS1jNWU2YS9sb2NhdGlvbnMvdXMtY2VudHJhbDEvb3BlcmF0aW9ucy9vcGVyYXRpb24tMTc3MzcyNjY3NjIwMC02NGQzMWVjNzZhYjcyLWY4ZjEyNjc4LWFlOWVmNDJm 200
[debug] [2026-03-17T05:51:43.265Z] <<< [apiv2][body] GET https://cloudfunctions.googleapis.com/v1/operations/cHJvamVjdHMvcHJvbXB0LWJhdHRsZS1jNWU2YS9sb2NhdGlvbnMvdXMtY2VudHJhbDEvb3BlcmF0aW9ucy9vcGVyYXRpb24tMTc3MzcyNjY3NjIwMC02NGQzMWVjNzZhYjcyLWY4ZjEyNjc4LWFlOWVmNDJm {"name":"operations/cHJvamVjdHMvcHJvbXB0LWJhdHRsZS1jNWU2YS9sb2NhdGlvbnMvdXMtY2VudHJhbDEvb3BlcmF0aW9ucy9vcGVyYXRpb24tMTc3MzcyNjY3NjIwMC02NGQzMWVjNzZhYjcyLWY4ZjEyNjc4LWFlOWVmNDJm","metadata":{"@type":"type.googleapis.com/google.cloud.functions.v1.OperationMetadataV1","target":"projects/prompt-battle-c5e6a/locations/us-central1/functions/grantXp","type":"CREATE_FUNCTION","request":{"@type":"type.googleapis.com/google.cloud.functions.v1.CloudFunction","name":"projects/prompt-battle-c5e6a/locations/us-central1/functions/grantXp","httpsTrigger":{"securityLevel":"SECURE_ALWAYS"},"entryPoint":"grantXp","updateTime":"1970-01-01T00:00:00Z","labels":{"deployment-tool":"cli-firebase","firebase-functions-hash":"d4fa81547bac1ca707eb0988d534e987f547df30"},"sourceUploadUrl":"https://storage.googleapis.com/uploads-763700285092.us-central1.cloudfunctions.appspot.com/8f0a08e6-ee58-4376-90f5-a123a31d90fb.zip?GoogleAccessId=service-329010584107@gcf-admin-robot.iam.gserviceaccount.com&Expires=1773728448&Signature=wPYDBa3v9T%2BzEdJcwe58wa%2BOF31A3I8IU4soZsWOuLLq8KY6rTCw9a0Q%2FG88%2BTUOtnzfuuIvbP%2FN%2FfjWKkkMuORIKJ0FLc8yC9gEzL%2FAXEFWfeReHwGJ%2BHxGE%2FpnE4GcuYshlG86F7fKbBpidvkYKu%2BhJJ5ViD5MBrntGkTB%2BosFIV0kdqs%2FvxPh2eTY5H60WGoGozw2uSzb6OhkN7sRFd9%2FCjozGwlS3ZGtRfyaPt1YTGFEP0%2BltvBZvVSFRsNnEFh2RkhLFUl0JSY8%2FOtbL6p5D5bVQAbBbJj1bnNHXaS6VhcuLCa6NhW3pZSCaWWXXyxBEGHgHJVMOU%2FU9XbNsg%3D%3D","environmentVariables":{"FIREBASE_CONFIG":"{\"projectId\":\"prompt-battle-c5e6a\",\"databaseURL\":\"https://prompt-battle-c5e6a-default-rtdb.firebaseio.com\",\"storageBucket\":\"prompt-battle-c5e6a.firebasestorage.app\"}","GCLOUD_PROJECT":"prompt-battle-c5e6a","EVENTARC_CLOUD_EVENT_SOURCE":"projects/prompt-battle-c5e6a/locations/us-central1/functions/grantXp"},"runtime":"nodejs20","buildEnvironmentVariables":{"GOOGLE_NODE_RUN_SCRIPTS":""},"dockerRegistry":"ARTIFACT_REGISTRY"},"versionId":"1","updateTime":"2026-03-17T05:51:16.501918760Z","buildId":"cb69b0aa-2495-40fc-bc3f-46147cea9b2c","buildName":"projects/329010584107/locations/us-central1/builds/cb69b0aa-2495-40fc-bc3f-46147cea9b2c"}}
[debug] [2026-03-17T05:51:43.274Z] <<< [apiv2][status] GET https://cloudfunctions.googleapis.com/v1/operations/cHJvamVjdHMvcHJvbXB0LWJhdHRsZS1jNWU2YS9sb2NhdGlvbnMvdXMtY2VudHJhbDEvb3BlcmF0aW9ucy9vcGVyYXRpb24tMTc3MzcyNjY3NjE5Mi02NGQzMWVjNzY4ZGMxLWFmMDgwOGZlLTFkZDMxOGVk 200
[debug] [2026-03-17T05:51:43.274Z] <<< [apiv2][body] GET https://cloudfunctions.googleapis.com/v1/operations/cHJvamVjdHMvcHJvbXB0LWJhdHRsZS1jNWU2YS9sb2NhdGlvbnMvdXMtY2VudHJhbDEvb3BlcmF0aW9ucy9vcGVyYXRpb24tMTc3MzcyNjY3NjE5Mi02NGQzMWVjNzY4ZGMxLWFmMDgwOGZlLTFkZDMxOGVk {"name":"operations/cHJvamVjdHMvcHJvbXB0LWJhdHRsZS1jNWU2YS9sb2NhdGlvbnMvdXMtY2VudHJhbDEvb3BlcmF0aW9ucy9vcGVyYXRpb24tMTc3MzcyNjY3NjE5Mi02NGQzMWVjNzY4ZGMxLWFmMDgwOGZlLTFkZDMxOGVk","metadata":{"@type":"type.googleapis.com/google.cloud.functions.v1.OperationMetadataV1","target":"projects/prompt-battle-c5e6a/locations/us-central1/functions/processPlayerCommand","type":"CREATE_FUNCTION","request":{"@type":"type.googleapis.com/google.cloud.functions.v1.CloudFunction","name":"projects/prompt-battle-c5e6a/locations/us-central1/functions/processPlayerCommand","httpsTrigger":{"securityLevel":"SECURE_ALWAYS"},"entryPoint":"processPlayerCommand","updateTime":"1970-01-01T00:00:00Z","labels":{"deployment-tool":"cli-firebase","firebase-functions-hash":"d4fa81547bac1ca707eb0988d534e987f547df30"},"sourceUploadUrl":"https://storage.googleapis.com/uploads-763700285092.us-central1.cloudfunctions.appspot.com/8f0a08e6-ee58-4376-90f5-a123a31d90fb.zip?GoogleAccessId=service-329010584107@gcf-admin-robot.iam.gserviceaccount.com&Expires=1773728448&Signature=wPYDBa3v9T%2BzEdJcwe58wa%2BOF31A3I8IU4soZsWOuLLq8KY6rTCw9a0Q%2FG88%2BTUOtnzfuuIvbP%2FN%2FfjWKkkMuORIKJ0FLc8yC9gEzL%2FAXEFWfeReHwGJ%2BHxGE%2FpnE4GcuYshlG86F7fKbBpidvkYKu%2BhJJ5ViD5MBrntGkTB%2BosFIV0kdqs%2FvxPh2eTY5H60WGoGozw2uSzb6OhkN7sRFd9%2FCjozGwlS3ZGtRfyaPt1YTGFEP0%2BltvBZvVSFRsNnEFh2RkhLFUl0JSY8%2FOtbL6p5D5bVQAbBbJj1bnNHXaS6VhcuLCa6NhW3pZSCaWWXXyxBEGHgHJVMOU%2FU9XbNsg%3D%3D","environmentVariables":{"FIREBASE_CONFIG":"{\"projectId\":\"prompt-battle-c5e6a\",\"databaseURL\":\"https://prompt-battle-c5e6a-default-rtdb.firebaseio.com\",\"storageBucket\":\"prompt-battle-c5e6a.firebasestorage.app\"}","GCLOUD_PROJECT":"prompt-battle-c5e6a","EVENTARC_CLOUD_EVENT_SOURCE":"projects/prompt-battle-c5e6a/locations/us-central1/functions/processPlayerCommand"},"runtime":"nodejs20","buildEnvironmentVariables":{"GOOGLE_NODE_RUN_SCRIPTS":""},"dockerRegistry":"ARTIFACT_REGISTRY"},"versionId":"1","updateTime":"2026-03-17T05:51:42.579411169Z","buildId":"b3ea6ae2-3bb3-4fc6-ad67-e26bfc7141bc","buildName":"projects/329010584107/locations/us-central1/builds/b3ea6ae2-3bb3-4fc6-ad67-e26bfc7141bc"},"done":true,"error":{"code":13,"message":"Gen1 operation for function projects/prompt-battle-c5e6a/locations/us-central1/functions/processPlayerCommand failed: Build failed: Build error details not available.Please check the logs at https://console.cloud.google.com/cloud-build/builds;region=us-central1/b3ea6ae2-3bb3-4fc6-ad67-e26bfc7141bc?project=329010584107. Please visit https://cloud.google.com/functions/docs/troubleshooting#build for in-depth troubleshooting documentation for build related errors..","details":[{"@type":"type.googleapis.com/google.rpc.DebugInfo","stackEntries":["cloud/control2/shared/userfriendly/userfriendly_helpers.go:66 +0x25 google3/cloud/control2/shared/userfriendly/userfriendly.DebugInfoWithMessage({0x3ebb92024f00, 0x1d1})","cloud/control2/frontend/storedata/public_operation.go:256 +0xd1 google3/cloud/control2/frontend/storedata/publicoperation.toOperationError({0x55f5d272b2c8, 0x3ebbb5252d50}, 0x3ebb91e8ab60?, 0x80?)","cloud/control2/frontend/storedata/public_operation.go:122 +0x3c5 google3/cloud/control2/frontend/storedata/publicoperation.ToPublic({0x55f5d272b2c8, 0x3ebbb5252d50}, 0x3ebb91e8ab60, 0x3ebb91e8a380, 0x3ebbd277e240, 0x3ebb982b0a20)","cloud/control2/frontend/converters/operation_converter.go:46 +0xa7 google3/cloud/control2/frontend/converters/operationconverter.(*OperationConverter).ConvertResource(0x3ebbab9e14a0, {0x55f5d272b2c8, 0x3ebbb5252d50}, {0x55f5d273a7e0, 0x3ebb91e8ab60}, 0x3ebb987b8200?, 0x3ebb982b0a20?)","cloud/control2/frontend/handler/get.go:220 +0x1e13 google3/cloud/control2/frontend/handler/handler.Handler.handleGet({{0x7f2424649ad0, 0x3ebb9b172c00}, {0x3ebb9cdfd5e0, 0x3ebb9df6c820, {0x55f5d275e188, 0x3ebb987b8200}, 0x3ebb982b0a20, 0x3ebbbe2f47e0}, {{0x55f5d259e340, 0x3ebb9c49aa80}}, ...}, ...)","cloud/control2/frontend/handler/handler_init.go:511 +0xaa google3/cloud/control2/frontend/handler/handler.init.func55({_, _}, {0x3ebb96cc5708, 0x3ebbc6867e30, 0x0, 0x0, 0x0, 0x0, 0x3ebbbc58d800, 0x3ebbbc58d840, ...})","cloud/control2/frontend/handler/handler_init.go:273 +0x85 google3/cloud/control2/frontend/handler/handler.RegularInitializer.initGetMethodStates.func2({_, _}, {0x3ebb96cc5708, 0x3ebbc6867e30, 0x0, 0x0, 0x0, 0x0, 0x3ebbbc58d800, 0x3ebbbc58d840, ...})","cloud/control2/frontend/handler/handler.go:328 google3/cloud/control2/frontend/handler/handler.Handler.start.func1(...)","cloud/control2/frontend/handler/handler.go:329 +0x396 google3/cloud/control2/frontend/handler/handler.Handler.start({{0x7f2424649ad0, 0x3ebb9b172c00}, {0x3ebb9cdfd5e0, 0x3ebb9df6c820, {0x55f5d275e188, 0x3ebb987b8200}, 0x3ebb982b0a20, 0x3ebbbe2f47e0}, {{0x55f5d259e340, 0x3ebb9c49aa80}}, ...}, ...)","cloud/control2/frontend/handler/handler.go:312 +0x92 google3/cloud/control2/frontend/handler/handler.init.func63({0x55f5d272b2c8?, _}, {{0x7f2424649ad0, 0x3ebb9b172c00}, {0x3ebb9cdfd5e0, 0x3ebb9df6c820, {0x55f5d275e188, 0x3ebb987b8200}, 0x3ebb982b0a20, 0x3ebbbe2f47e0}, ...}, ...)","cloud/control2/frontend/handler/handler.go:307 +0x179 google3/cloud/control2/frontend/handler/handler.Handler.HandleRequest({{0x7f2424649ad0, 0x3ebb9b172c00}, {0x3ebb9cdfd5e0, 0x3ebb9df6c820, {0x55f5d275e188, 0x3ebb987b8200}, 0x3ebb982b0a20, 0x3ebbbe2f47e0}, {{0x55f5d259e340, 0x3ebb9c49aa80}}, ...}, ...)","cloud/control2/frontend/server/request_handler.go:170 +0x145 google3/cloud/control2/frontend/server/requesthandler.init.func1({0x55f5d272b2c8?, 0x3ebbb7660990?}, 0x3ebb9fad9000, 0x3ebbbc58d7c0, 0x3ebbbc58d800, 0x3ebbbc58d840)","cloud/control2/frontend/server/request_handler.go:143 +0x6a3 google3/cloud/control2/frontend/server/requesthandler.(*Handler).handleRequestWithFullMethodName(0x3ebb9fad9000, {0x55f5d272b2c8, 0x3ebbb7660840}, 0x3ebbc4978d40, 0x3ebbbff8f908, 0x3ebbc6867d70, {0x0?, 0x1000000?})","cloud/control2/frontend/server/request_handler.go:88 +0x41f google3/cloud/control2/frontend/server/requesthandler.(*Handler).handleRequest(0x3ebb9fad9000, {0x55f5d272b2c8, 0x3ebbb7660840}, 0x3ebbbff8f908, 0x3ebbc6867d70)","cloud/control2/frontend/server/request_handler.go:66 +0xd4 google3/cloud/control2/frontend/server/requesthandler.init.func2({0x55f5d272b2c8?, 0x3ebbb7660840?}, 0x55f5c9dcf0a5?, 0x55f5c8598842?, 0x3ebba795af38?)","cloud/control2/frontend/server/request_handler.go:54 +0x38 google3/cloud/control2/frontend/server/requesthandler.(*Handler).handle(0x1?, {0x55f5d272b2c8, 0x3ebbb7660840}, 0x3ebbc0d8c008?, 0x3ebbc6867d70?)","cloud/control2/shared/genericrpc/service.go:171 +0x3f9 google3/cloud/control2/shared/genericrpc/genericrpc.(*Dispatcher).DefaultMethodHandler(0x3ebba15fd320, {0x55f5d272b2c8, 0x3ebbb7660840}, 0x3ebbbff8f908)","net/rpc/go/stream.go:1180 +0x43 google3/net/rpc/go/rpc.runStreamHandler({0x55f5d272b2c8?, 0x3ebbb7660840?}, 0x3ebbbff8f908?, {0x0?, 0x0?}, {0x55f5d2743210, 0x3ebbb7e7be00})","net/goa/rpc/rpchandler.go:100 +0x502 google3/net/goa/rpc/rpchandler.ExecHandlerSubset({0x55f5d272b2c8?, 0x3ebbb9bfa210?}, 0x3ebba63bf538)","net/goa/rpc/rpchandler.go:327 +0xa1f google3/net/goa/rpc/rpchandler.(*closedRegistry).hook(0x3ebb9fc41260, {0x55f5d272b5e8, 0x3ebb9bdfd980}, 0x3ebba322b480)","production/fireaxe/go/filters/rpcserverinterceptor.go:62 +0x342 google3/production/fireaxe/go/filters/rpcserverinterceptor.(*Interceptor).MakeHook-fm.(*Interceptor).MakeHook.func2({0x55f5d272b5e8, 0x3ebb9bdfd980}, 0x3ebba322b480)"],"detail":"Gen1 operation for function projects/prompt-battle-c5e6a/locations/us-central1/functions/processPlayerCommand failed: Build failed: Build error details not available.Please check the logs at https://console.cloud.google.com/cloud-build/builds;region=us-central1/b3ea6ae2-3bb3-4fc6-ad67-e26bfc7141bc?project=329010584107. Please visit https://cloud.google.com/functions/docs/troubleshooting#build for in-depth troubleshooting documentation for build related errors.."}]}}
[debug] [2026-03-17T05:51:43.274Z] Got source token undefined for region us-central1
[error] Gen1 operation for function projects/prompt-battle-c5e6a/locations/us-central1/functions/processPlayerCommand failed: Build failed: Build error details not available.Please check the logs at https://console.cloud.google.com/cloud-build/builds;region=us-central1/b3ea6ae2-3bb3-4fc6-ad67-e26bfc7141bc?project=329010584107. Please visit https://cloud.google.com/functions/docs/troubleshooting#build for in-depth troubleshooting documentation for build related errors..
[debug] [2026-03-17T05:51:43.344Z] <<< [apiv2][status] GET https://cloudfunctions.googleapis.com/v1/operations/cHJvamVjdHMvcHJvbXB0LWJhdHRsZS1jNWU2YS9sb2NhdGlvbnMvdXMtY2VudHJhbDEvb3BlcmF0aW9ucy9vcGVyYXRpb24tMTc3MzcyNjY3NjIxMy02NGQzMWVjNzZlMGI3LWI4MTQ0NTA4LTcxYWExMDkw 200
[debug] [2026-03-17T05:51:43.344Z] <<< [apiv2][body] GET https://cloudfunctions.googleapis.com/v1/operations/cHJvamVjdHMvcHJvbXB0LWJhdHRsZS1jNWU2YS9sb2NhdGlvbnMvdXMtY2VudHJhbDEvb3BlcmF0aW9ucy9vcGVyYXRpb24tMTc3MzcyNjY3NjIxMy02NGQzMWVjNzZlMGI3LWI4MTQ0NTA4LTcxYWExMDkw {"name":"operations/cHJvamVjdHMvcHJvbXB0LWJhdHRsZS1jNWU2YS9sb2NhdGlvbnMvdXMtY2VudHJhbDEvb3BlcmF0aW9ucy9vcGVyYXRpb24tMTc3MzcyNjY3NjIxMy02NGQzMWVjNzZlMGI3LWI4MTQ0NTA4LTcxYWExMDkw","metadata":{"@type":"type.googleapis.com/google.cloud.functions.v1.OperationMetadataV1","target":"projects/prompt-battle-c5e6a/locations/us-central1/functions/purchaseItem","type":"CREATE_FUNCTION","request":{"@type":"type.googleapis.com/google.cloud.functions.v1.CloudFunction","name":"projects/prompt-battle-c5e6a/locations/us-central1/functions/purchaseItem","httpsTrigger":{"securityLevel":"SECURE_ALWAYS"},"entryPoint":"purchaseItem","updateTime":"1970-01-01T00:00:00Z","labels":{"deployment-tool":"cli-firebase","firebase-functions-hash":"d4fa81547bac1ca707eb0988d534e987f547df30"},"sourceUploadUrl":"https://storage.googleapis.com/uploads-763700285092.us-central1.cloudfunctions.appspot.com/8f0a08e6-ee58-4376-90f5-a123a31d90fb.zip?GoogleAccessId=service-329010584107@gcf-admin-robot.iam.gserviceaccount.com&Expires=1773728448&Signature=wPYDBa3v9T%2BzEdJcwe58wa%2BOF31A3I8IU4soZsWOuLLq8KY6rTCw9a0Q%2FG88%2BTUOtnzfuuIvbP%2FN%2FfjWKkkMuORIKJ0FLc8yC9gEzL%2FAXEFWfeReHwGJ%2BHxGE%2FpnE4GcuYshlG86F7fKbBpidvkYKu%2BhJJ5ViD5MBrntGkTB%2BosFIV0kdqs%2FvxPh2eTY5H60WGoGozw2uSzb6OhkN7sRFd9%2FCjozGwlS3ZGtRfyaPt1YTGFEP0%2BltvBZvVSFRsNnEFh2RkhLFUl0JSY8%2FOtbL6p5D5bVQAbBbJj1bnNHXaS6VhcuLCa6NhW3pZSCaWWXXyxBEGHgHJVMOU%2FU9XbNsg%3D%3D","environmentVariables":{"FIREBASE_CONFIG":"{\"projectId\":\"prompt-battle-c5e6a\",\"databaseURL\":\"https://prompt-battle-c5e6a-default-rtdb.firebaseio.com\",\"storageBucket\":\"prompt-battle-c5e6a.firebasestorage.app\"}","GCLOUD_PROJECT":"prompt-battle-c5e6a","EVENTARC_CLOUD_EVENT_SOURCE":"projects/prompt-battle-c5e6a/locations/us-central1/functions/purchaseItem"},"runtime":"nodejs20","buildEnvironmentVariables":{"GOOGLE_NODE_RUN_SCRIPTS":""},"dockerRegistry":"ARTIFACT_REGISTRY"},"versionId":"1","updateTime":"2026-03-17T05:51:16.553843845Z","buildId":"c843c11c-1cd2-4788-9590-779f80d8f635","buildName":"projects/329010584107/locations/us-central1/builds/c843c11c-1cd2-4788-9590-779f80d8f635"}}
[debug] [2026-03-17T05:51:43.347Z] <<< [apiv2][status] GET https://cloudfunctions.googleapis.com/v1/operations/cHJvamVjdHMvcHJvbXB0LWJhdHRsZS1jNWU2YS9sb2NhdGlvbnMvdXMtY2VudHJhbDEvb3BlcmF0aW9ucy9vcGVyYXRpb24tMTc3MzcyNjY3NjE5NC02NGQzMWVjNzY5NDc3LWE2ZWY0MGE1LWZhYTg3YjBm 200
[debug] [2026-03-17T05:51:43.347Z] <<< [apiv2][body] GET https://cloudfunctions.googleapis.com/v1/operations/cHJvamVjdHMvcHJvbXB0LWJhdHRsZS1jNWU2YS9sb2NhdGlvbnMvdXMtY2VudHJhbDEvb3BlcmF0aW9ucy9vcGVyYXRpb24tMTc3MzcyNjY3NjE5NC02NGQzMWVjNzY5NDc3LWE2ZWY0MGE1LWZhYTg3YjBm {"name":"operations/cHJvamVjdHMvcHJvbXB0LWJhdHRsZS1jNWU2YS9sb2NhdGlvbnMvdXMtY2VudHJhbDEvb3BlcmF0aW9ucy9vcGVyYXRpb24tMTc3MzcyNjY3NjE5NC02NGQzMWVjNzY5NDc3LWE2ZWY0MGE1LWZhYTg3YjBm","metadata":{"@type":"type.googleapis.com/google.cloud.functions.v1.OperationMetadataV1","target":"projects/prompt-battle-c5e6a/locations/us-central1/functions/redeemItchKey","type":"CREATE_FUNCTION","request":{"@type":"type.googleapis.com/google.cloud.functions.v1.CloudFunction","name":"projects/prompt-battle-c5e6a/locations/us-central1/functions/redeemItchKey","httpsTrigger":{"securityLevel":"SECURE_ALWAYS"},"entryPoint":"redeemItchKey","updateTime":"1970-01-01T00:00:00Z","labels":{"deployment-tool":"cli-firebase","firebase-functions-hash":"d4fa81547bac1ca707eb0988d534e987f547df30"},"sourceUploadUrl":"https://storage.googleapis.com/uploads-763700285092.us-central1.cloudfunctions.appspot.com/8f0a08e6-ee58-4376-90f5-a123a31d90fb.zip?GoogleAccessId=service-329010584107@gcf-admin-robot.iam.gserviceaccount.com&Expires=1773728448&Signature=wPYDBa3v9T%2BzEdJcwe58wa%2BOF31A3I8IU4soZsWOuLLq8KY6rTCw9a0Q%2FG88%2BTUOtnzfuuIvbP%2FN%2FfjWKkkMuORIKJ0FLc8yC9gEzL%2FAXEFWfeReHwGJ%2BHxGE%2FpnE4GcuYshlG86F7fKbBpidvkYKu%2BhJJ5ViD5MBrntGkTB%2BosFIV0kdqs%2FvxPh2eTY5H60WGoGozw2uSzb6OhkN7sRFd9%2FCjozGwlS3ZGtRfyaPt1YTGFEP0%2BltvBZvVSFRsNnEFh2RkhLFUl0JSY8%2FOtbL6p5D5bVQAbBbJj1bnNHXaS6VhcuLCa6NhW3pZSCaWWXXyxBEGHgHJVMOU%2FU9XbNsg%3D%3D","environmentVariables":{"FIREBASE_CONFIG":"{\"projectId\":\"prompt-battle-c5e6a\",\"databaseURL\":\"https://prompt-battle-c5e6a-default-rtdb.firebaseio.com\",\"storageBucket\":\"prompt-battle-c5e6a.firebasestorage.app\"}","GCLOUD_PROJECT":"prompt-battle-c5e6a","EVENTARC_CLOUD_EVENT_SOURCE":"projects/prompt-battle-c5e6a/locations/us-central1/functions/redeemItchKey"},"runtime":"nodejs20","buildEnvironmentVariables":{"GOOGLE_NODE_RUN_SCRIPTS":""},"dockerRegistry":"ARTIFACT_REGISTRY"},"versionId":"1","updateTime":"2026-03-17T05:51:16.544539883Z","buildId":"ae8416aa-8285-4c9a-b448-2e5e6e8a8a79","buildName":"projects/329010584107/locations/us-central1/builds/ae8416aa-8285-4c9a-b448-2e5e6e8a8a79"}}
[debug] [2026-03-17T05:51:43.348Z] <<< [apiv2][status] GET https://cloudfunctions.googleapis.com/v1/operations/cHJvamVjdHMvcHJvbXB0LWJhdHRsZS1jNWU2YS9sb2NhdGlvbnMvdXMtY2VudHJhbDEvb3BlcmF0aW9ucy9vcGVyYXRpb24tMTc3MzcyNjY3NjE5OC02NGQzMWVjNzZhNDM3LTdkYjUzYTQ3LWIwY2Q5YTcw 200
[debug] [2026-03-17T05:51:43.348Z] <<< [apiv2][body] GET https://cloudfunctions.googleapis.com/v1/operations/cHJvamVjdHMvcHJvbXB0LWJhdHRsZS1jNWU2YS9sb2NhdGlvbnMvdXMtY2VudHJhbDEvb3BlcmF0aW9ucy9vcGVyYXRpb24tMTc3MzcyNjY3NjE5OC02NGQzMWVjNzZhNDM3LTdkYjUzYTQ3LWIwY2Q5YTcw {"name":"operations/cHJvamVjdHMvcHJvbXB0LWJhdHRsZS1jNWU2YS9sb2NhdGlvbnMvdXMtY2VudHJhbDEvb3BlcmF0aW9ucy9vcGVyYXRpb24tMTc3MzcyNjY3NjE5OC02NGQzMWVjNzZhNDM3LTdkYjUzYTQ3LWIwY2Q5YTcw","metadata":{"@type":"type.googleapis.com/google.cloud.functions.v1.OperationMetadataV1","target":"projects/prompt-battle-c5e6a/locations/us-central1/functions/purchaseBattlePass","type":"CREATE_FUNCTION","request":{"@type":"type.googleapis.com/google.cloud.functions.v1.CloudFunction","name":"projects/prompt-battle-c5e6a/locations/us-central1/functions/purchaseBattlePass","httpsTrigger":{"securityLevel":"SECURE_ALWAYS"},"entryPoint":"purchaseBattlePass","updateTime":"1970-01-01T00:00:00Z","labels":{"deployment-tool":"cli-firebase","firebase-functions-hash":"d4fa81547bac1ca707eb0988d534e987f547df30"},"sourceUploadUrl":"https://storage.googleapis.com/uploads-763700285092.us-central1.cloudfunctions.appspot.com/8f0a08e6-ee58-4376-90f5-a123a31d90fb.zip?GoogleAccessId=service-329010584107@gcf-admin-robot.iam.gserviceaccount.com&Expires=1773728448&Signature=wPYDBa3v9T%2BzEdJcwe58wa%2BOF31A3I8IU4soZsWOuLLq8KY6rTCw9a0Q%2FG88%2BTUOtnzfuuIvbP%2FN%2FfjWKkkMuORIKJ0FLc8yC9gEzL%2FAXEFWfeReHwGJ%2BHxGE%2FpnE4GcuYshlG86F7fKbBpidvkYKu%2BhJJ5ViD5MBrntGkTB%2BosFIV0kdqs%2FvxPh2eTY5H60WGoGozw2uSzb6OhkN7sRFd9%2FCjozGwlS3ZGtRfyaPt1YTGFEP0%2BltvBZvVSFRsNnEFh2RkhLFUl0JSY8%2FOtbL6p5D5bVQAbBbJj1bnNHXaS6VhcuLCa6NhW3pZSCaWWXXyxBEGHgHJVMOU%2FU9XbNsg%3D%3D","environmentVariables":{"FIREBASE_CONFIG":"{\"projectId\":\"prompt-battle-c5e6a\",\"databaseURL\":\"https://prompt-battle-c5e6a-default-rtdb.firebaseio.com\",\"storageBucket\":\"prompt-battle-c5e6a.firebasestorage.app\"}","GCLOUD_PROJECT":"prompt-battle-c5e6a","EVENTARC_CLOUD_EVENT_SOURCE":"projects/prompt-battle-c5e6a/locations/us-central1/functions/purchaseBattlePass"},"runtime":"nodejs20","buildEnvironmentVariables":{"GOOGLE_NODE_RUN_SCRIPTS":""},"dockerRegistry":"ARTIFACT_REGISTRY"},"versionId":"1","updateTime":"2026-03-17T05:51:42.673049400Z","buildId":"b190a897-53e8-4cdc-b9a7-47584e582c4e","buildName":"projects/329010584107/locations/us-central1/builds/b190a897-53e8-4cdc-b9a7-47584e582c4e"},"done":true,"error":{"code":13,"message":"Gen1 operation for function projects/prompt-battle-c5e6a/locations/us-central1/functions/purchaseBattlePass failed: Build failed: Build error details not available.Please check the logs at https://console.cloud.google.com/cloud-build/builds;region=us-central1/b190a897-53e8-4cdc-b9a7-47584e582c4e?project=329010584107. Please visit https://cloud.google.com/functions/docs/troubleshooting#build for in-depth troubleshooting documentation for build related errors..","details":[{"@type":"type.googleapis.com/google.rpc.DebugInfo","stackEntries":["cloud/control2/shared/userfriendly/userfriendly_helpers.go:66 +0x25 google3/cloud/control2/shared/userfriendly/userfriendly.DebugInfoWithMessage({0x3a2e27668000, 0x1cf})","cloud/control2/frontend/storedata/public_operation.go:256 +0xd1 google3/cloud/control2/frontend/storedata/publicoperation.toOperationError({0x55db58b2b2c8, 0x3a2e21c01b00}, 0x3a2e557d4068?, 0x48?)","cloud/control2/frontend/storedata/public_operation.go:122 +0x3c5 google3/cloud/control2/frontend/storedata/publicoperation.ToPublic({0x55db58b2b2c8, 0x3a2e21c01b00}, 0x3a2e557d4068, 0x3a2e18a46348, 0x3a2e3588fdd0, 0x3a2e0a586630)","cloud/control2/frontend/converters/operation_converter.go:46 +0xa7 google3/cloud/control2/frontend/converters/operationconverter.(*OperationConverter).ConvertResource(0x3a2e258991d0, {0x55db58b2b2c8, 0x3a2e21c01b00}, {0x55db58b3a7e0, 0x3a2e557d4068}, 0x3a2e0fb57ec0?, 0x3a2e0a586630?)","cloud/control2/frontend/handler/get.go:220 +0x1e13 google3/cloud/control2/frontend/handler/handler.Handler.handleGet({{0x7f1b5f537f40, 0x3a2e0c0230c0}, {0x3a2e1303c320, 0x3a2e1141a890, {0x55db58b5e188, 0x3a2e0fb57ec0}, 0x3a2e0a586630, 0x3a2e2f2b32c0}, {{0x55db5899e340, 0x3a2e126e6300}}, ...}, ...)","cloud/control2/frontend/handler/handler_init.go:511 +0xaa google3/cloud/control2/frontend/handler/handler.init.func55({_, _}, {0x3a2e34342b08, 0x3a2e23520a68, 0x0, 0x0, 0x0, 0x0, 0x3a2e33c07280, 0x3a2e33c072c0, ...})","cloud/control2/frontend/handler/handler_init.go:273 +0x85 google3/cloud/control2/frontend/handler/handler.RegularInitializer.initGetMethodStates.func2({_, _}, {0x3a2e34342b08, 0x3a2e23520a68, 0x0, 0x0, 0x0, 0x0, 0x3a2e33c07280, 0x3a2e33c072c0, ...})","cloud/control2/frontend/handler/handler.go:328 google3/cloud/control2/frontend/handler/handler.Handler.start.func1(...)","cloud/control2/frontend/handler/handler.go:329 +0x396 google3/cloud/control2/frontend/handler/handler.Handler.start({{0x7f1b5f537f40, 0x3a2e0c0230c0}, {0x3a2e1303c320, 0x3a2e1141a890, {0x55db58b5e188, 0x3a2e0fb57ec0}, 0x3a2e0a586630, 0x3a2e2f2b32c0}, {{0x55db5899e340, 0x3a2e126e6300}}, ...}, ...)","cloud/control2/frontend/handler/handler.go:312 +0x92 google3/cloud/control2/frontend/handler/handler.init.func63({0x55db58b2b2c8?, _}, {{0x7f1b5f537f40, 0x3a2e0c0230c0}, {0x3a2e1303c320, 0x3a2e1141a890, {0x55db58b5e188, 0x3a2e0fb57ec0}, 0x3a2e0a586630, 0x3a2e2f2b32c0}, ...}, ...)","cloud/control2/frontend/handler/handler.go:307 +0x179 google3/cloud/control2/frontend/handler/handler.Handler.HandleRequest({{0x7f1b5f537f40, 0x3a2e0c0230c0}, {0x3a2e1303c320, 0x3a2e1141a890, {0x55db58b5e188, 0x3a2e0fb57ec0}, 0x3a2e0a586630, 0x3a2e2f2b32c0}, {{0x55db5899e340, 0x3a2e126e6300}}, ...}, ...)","cloud/control2/frontend/server/request_handler.go:170 +0x145 google3/cloud/control2/frontend/server/requesthandler.init.func1({0x55db58b2b2c8?, 0x3a2e1c117c20?}, 0x3a2e18e04b00, 0x3a2e33c071c0, 0x3a2e33c07280, 0x3a2e33c072c0)","cloud/control2/frontend/server/request_handler.go:143 +0x6a3 google3/cloud/control2/frontend/server/requesthandler.(*Handler).handleRequestWithFullMethodName(0x3a2e18e04b00, {0x55db58b2b2c8, 0x3a2e1c1177a0}, 0x3a2e3644ce40, 0x3a2e23520060, 0x3a2e235209c0, {0x0?, 0x1000000?})","cloud/control2/frontend/server/request_handler.go:88 +0x41f google3/cloud/control2/frontend/server/requesthandler.(*Handler).handleRequest(0x3a2e18e04b00, {0x55db58b2b2c8, 0x3a2e1c1177a0}, 0x3a2e23520060, 0x3a2e235209c0)","cloud/control2/frontend/server/request_handler.go:66 +0xd4 google3/cloud/control2/frontend/server/requesthandler.init.func2({0x55db58b2b2c8?, 0x3a2e1c1177a0?}, 0x55db501cf0a5?, 0x55db4e998842?, 0x3a2e0a876f38?)","cloud/control2/frontend/server/request_handler.go:54 +0x38 google3/cloud/control2/frontend/server/requesthandler.(*Handler).handle(0x1?, {0x55db58b2b2c8, 0x3a2e1c1177a0}, 0x3a2e25c31008?, 0x3a2e235209c0?)","cloud/control2/shared/genericrpc/service.go:171 +0x3f9 google3/cloud/control2/shared/genericrpc/genericrpc.(*Dispatcher).DefaultMethodHandler(0x3a2e18e22db0, {0x55db58b2b2c8, 0x3a2e1c1177a0}, 0x3a2e23520060)","net/rpc/go/stream.go:1180 +0x43 google3/net/rpc/go/rpc.runStreamHandler({0x55db58b2b2c8?, 0x3a2e1c1177a0?}, 0x3a2e23520060?, {0x0?, 0x0?}, {0x55db58b43210, 0x3a2e2fdb0af0})","net/goa/rpc/rpchandler.go:100 +0x502 google3/net/goa/rpc/rpchandler.ExecHandlerSubset({0x55db58b2b2c8?, 0x3a2e30ed1ad0?}, 0x3a2e173d1538)","net/goa/rpc/rpchandler.go:327 +0xa1f google3/net/goa/rpc/rpchandler.(*closedRegistry).hook(0x3a2e0c023c20, {0x55db58b2b5e8, 0x3a2e2f2b2120}, 0x3a2e2870cc80)","production/fireaxe/go/filters/rpcserverinterceptor.go:62 +0x342 google3/production/fireaxe/go/filters/rpcserverinterceptor.(*Interceptor).MakeHook-fm.(*Interceptor).MakeHook.func2({0x55db58b2b5e8, 0x3a2e2f2b2120}, 0x3a2e2870cc80)"],"detail":"Gen1 operation for function projects/prompt-battle-c5e6a/locations/us-central1/functions/purchaseBattlePass failed: Build failed: Build error details not available.Please check the logs at https://console.cloud.google.com/cloud-build/builds;region=us-central1/b190a897-53e8-4cdc-b9a7-47584e582c4e?project=329010584107. Please visit https://cloud.google.com/functions/docs/troubleshooting#build for in-depth troubleshooting documentation for build related errors.."}]}}
[debug] [2026-03-17T05:51:43.348Z] Got source token undefined for region us-central1
[error] Gen1 operation for function projects/prompt-battle-c5e6a/locations/us-central1/functions/purchaseBattlePass failed: Build failed: Build error details not available.Please check the logs at https://console.cloud.google.com/cloud-build/builds;region=us-central1/b190a897-53e8-4cdc-b9a7-47584e582c4e?project=329010584107. Please visit https://cloud.google.com/functions/docs/troubleshooting#build for in-depth troubleshooting documentation for build related errors..
[debug] [2026-03-17T05:51:43.348Z] <<< [apiv2][status] GET https://cloudfunctions.googleapis.com/v1/operations/cHJvamVjdHMvcHJvbXB0LWJhdHRsZS1jNWU2YS9sb2NhdGlvbnMvdXMtY2VudHJhbDEvb3BlcmF0aW9ucy9vcGVyYXRpb24tMTc3MzcyNjY3NjIwMi02NGQzMWVjNzZiNWYwLTE4YTQxYWRhLTU1ZmU5NmVk 200
[debug] [2026-03-17T05:51:43.348Z] <<< [apiv2][body] GET https://cloudfunctions.googleapis.com/v1/operations/cHJvamVjdHMvcHJvbXB0LWJhdHRsZS1jNWU2YS9sb2NhdGlvbnMvdXMtY2VudHJhbDEvb3BlcmF0aW9ucy9vcGVyYXRpb24tMTc3MzcyNjY3NjIwMi02NGQzMWVjNzZiNWYwLTE4YTQxYWRhLTU1ZmU5NmVk {"name":"operations/cHJvamVjdHMvcHJvbXB0LWJhdHRsZS1jNWU2YS9sb2NhdGlvbnMvdXMtY2VudHJhbDEvb3BlcmF0aW9ucy9vcGVyYXRpb24tMTc3MzcyNjY3NjIwMi02NGQzMWVjNzZiNWYwLTE4YTQxYWRhLTU1ZmU5NmVk","metadata":{"@type":"type.googleapis.com/google.cloud.functions.v1.OperationMetadataV1","target":"projects/prompt-battle-c5e6a/locations/us-central1/functions/itchOAuthCallback","type":"CREATE_FUNCTION","request":{"@type":"type.googleapis.com/google.cloud.functions.v1.CloudFunction","name":"projects/prompt-battle-c5e6a/locations/us-central1/functions/itchOAuthCallback","httpsTrigger":{"securityLevel":"SECURE_ALWAYS"},"entryPoint":"itchOAuthCallback","updateTime":"1970-01-01T00:00:00Z","labels":{"deployment-tool":"cli-firebase","firebase-functions-hash":"d4fa81547bac1ca707eb0988d534e987f547df30"},"sourceUploadUrl":"https://storage.googleapis.com/uploads-763700285092.us-central1.cloudfunctions.appspot.com/8f0a08e6-ee58-4376-90f5-a123a31d90fb.zip?GoogleAccessId=service-329010584107@gcf-admin-robot.iam.gserviceaccount.com&Expires=1773728448&Signature=wPYDBa3v9T%2BzEdJcwe58wa%2BOF31A3I8IU4soZsWOuLLq8KY6rTCw9a0Q%2FG88%2BTUOtnzfuuIvbP%2FN%2FfjWKkkMuORIKJ0FLc8yC9gEzL%2FAXEFWfeReHwGJ%2BHxGE%2FpnE4GcuYshlG86F7fKbBpidvkYKu%2BhJJ5ViD5MBrntGkTB%2BosFIV0kdqs%2FvxPh2eTY5H60WGoGozw2uSzb6OhkN7sRFd9%2FCjozGwlS3ZGtRfyaPt1YTGFEP0%2BltvBZvVSFRsNnEFh2RkhLFUl0JSY8%2FOtbL6p5D5bVQAbBbJj1bnNHXaS6VhcuLCa6NhW3pZSCaWWXXyxBEGHgHJVMOU%2FU9XbNsg%3D%3D","environmentVariables":{"FIREBASE_CONFIG":"{\"projectId\":\"prompt-battle-c5e6a\",\"databaseURL\":\"https://prompt-battle-c5e6a-default-rtdb.firebaseio.com\",\"storageBucket\":\"prompt-battle-c5e6a.firebasestorage.app\"}","GCLOUD_PROJECT":"prompt-battle-c5e6a","EVENTARC_CLOUD_EVENT_SOURCE":"projects/prompt-battle-c5e6a/locations/us-central1/functions/itchOAuthCallback"},"runtime":"nodejs20","buildEnvironmentVariables":{"GOOGLE_NODE_RUN_SCRIPTS":""},"dockerRegistry":"ARTIFACT_REGISTRY"},"versionId":"1","updateTime":"2026-03-17T05:51:16.542322036Z","buildId":"3c20ebd1-601a-4f70-969a-5884dda2155a","buildName":"projects/329010584107/locations/us-central1/builds/3c20ebd1-601a-4f70-969a-5884dda2155a"}}
[debug] [2026-03-17T05:51:43.357Z] <<< [apiv2][status] GET https://cloudfunctions.googleapis.com/v1/operations/cHJvamVjdHMvcHJvbXB0LWJhdHRsZS1jNWU2YS9sb2NhdGlvbnMvdXMtY2VudHJhbDEvb3BlcmF0aW9ucy9vcGVyYXRpb24tMTc3MzcyNjY3NjIxNy02NGQzMWVjNzZlZjI4LWU1MWQ2Mzk1LTYwZjNmZjhj 200
[debug] [2026-03-17T05:51:43.357Z] <<< [apiv2][body] GET https://cloudfunctions.googleapis.com/v1/operations/cHJvamVjdHMvcHJvbXB0LWJhdHRsZS1jNWU2YS9sb2NhdGlvbnMvdXMtY2VudHJhbDEvb3BlcmF0aW9ucy9vcGVyYXRpb24tMTc3MzcyNjY3NjIxNy02NGQzMWVjNzZlZjI4LWU1MWQ2Mzk1LTYwZjNmZjhj {"name":"operations/cHJvamVjdHMvcHJvbXB0LWJhdHRsZS1jNWU2YS9sb2NhdGlvbnMvdXMtY2VudHJhbDEvb3BlcmF0aW9ucy9vcGVyYXRpb24tMTc3MzcyNjY3NjIxNy02NGQzMWVjNzZlZjI4LWU1MWQ2Mzk1LTYwZjNmZjhj","metadata":{"@type":"type.googleapis.com/google.cloud.functions.v1.OperationMetadataV1","target":"projects/prompt-battle-c5e6a/locations/us-central1/functions/onPlayerJoinQueue","type":"CREATE_FUNCTION","request":{"@type":"type.googleapis.com/google.cloud.functions.v1.CloudFunction","name":"projects/prompt-battle-c5e6a/locations/us-central1/functions/onPlayerJoinQueue","eventTrigger":{"eventType":"providers/google.firebase.database/eventTypes/ref.create","resource":"projects/_/instances/prompt-battle-c5e6a-default-rtdb/refs/matchmaking/queue/{playerId}","failurePolicy":{}},"entryPoint":"onPlayerJoinQueue","updateTime":"1970-01-01T00:00:00Z","labels":{"deployment-tool":"cli-firebase","firebase-functions-hash":"d4fa81547bac1ca707eb0988d534e987f547df30"},"sourceUploadUrl":"https://storage.googleapis.com/uploads-763700285092.us-central1.cloudfunctions.appspot.com/8f0a08e6-ee58-4376-90f5-a123a31d90fb.zip?GoogleAccessId=service-329010584107@gcf-admin-robot.iam.gserviceaccount.com&Expires=1773728448&Signature=wPYDBa3v9T%2BzEdJcwe58wa%2BOF31A3I8IU4soZsWOuLLq8KY6rTCw9a0Q%2FG88%2BTUOtnzfuuIvbP%2FN%2FfjWKkkMuORIKJ0FLc8yC9gEzL%2FAXEFWfeReHwGJ%2BHxGE%2FpnE4GcuYshlG86F7fKbBpidvkYKu%2BhJJ5ViD5MBrntGkTB%2BosFIV0kdqs%2FvxPh2eTY5H60WGoGozw2uSzb6OhkN7sRFd9%2FCjozGwlS3ZGtRfyaPt1YTGFEP0%2BltvBZvVSFRsNnEFh2RkhLFUl0JSY8%2FOtbL6p5D5bVQAbBbJj1bnNHXaS6VhcuLCa6NhW3pZSCaWWXXyxBEGHgHJVMOU%2FU9XbNsg%3D%3D","environmentVariables":{"FIREBASE_CONFIG":"{\"projectId\":\"prompt-battle-c5e6a\",\"databaseURL\":\"https://prompt-battle-c5e6a-default-rtdb.firebaseio.com\",\"storageBucket\":\"prompt-battle-c5e6a.firebasestorage.app\"}","GCLOUD_PROJECT":"prompt-battle-c5e6a","EVENTARC_CLOUD_EVENT_SOURCE":"projects/prompt-battle-c5e6a/locations/us-central1/functions/onPlayerJoinQueue"},"runtime":"nodejs20","buildEnvironmentVariables":{"GOOGLE_NODE_RUN_SCRIPTS":""},"dockerRegistry":"ARTIFACT_REGISTRY"},"versionId":"1","updateTime":"2026-03-17T05:51:16.524092895Z","buildId":"6bb313a0-9775-4efb-af89-b4febe3af2e1","buildName":"projects/329010584107/locations/us-central1/builds/6bb313a0-9775-4efb-af89-b4febe3af2e1"}}
[debug] [2026-03-17T05:51:43.360Z] <<< [apiv2][status] GET https://cloudfunctions.googleapis.com/v1/operations/cHJvamVjdHMvcHJvbXB0LWJhdHRsZS1jNWU2YS9sb2NhdGlvbnMvdXMtY2VudHJhbDEvb3BlcmF0aW9ucy9vcGVyYXRpb24tMTc3MzcyNjY3NjIxOS02NGQzMWVjNzZmNGViLTAyZGExNjEwLTBmNzE3NmMx 200
[debug] [2026-03-17T05:51:43.360Z] <<< [apiv2][body] GET https://cloudfunctions.googleapis.com/v1/operations/cHJvamVjdHMvcHJvbXB0LWJhdHRsZS1jNWU2YS9sb2NhdGlvbnMvdXMtY2VudHJhbDEvb3BlcmF0aW9ucy9vcGVyYXRpb24tMTc3MzcyNjY3NjIxOS02NGQzMWVjNzZmNGViLTAyZGExNjEwLTBmNzE3NmMx {"name":"operations/cHJvamVjdHMvcHJvbXB0LWJhdHRsZS1jNWU2YS9sb2NhdGlvbnMvdXMtY2VudHJhbDEvb3BlcmF0aW9ucy9vcGVyYXRpb24tMTc3MzcyNjY3NjIxOS02NGQzMWVjNzZmNGViLTAyZGExNjEwLTBmNzE3NmMx","metadata":{"@type":"type.googleapis.com/google.cloud.functions.v1.OperationMetadataV1","target":"projects/prompt-battle-c5e6a/locations/us-central1/functions/adminGrantItems","type":"CREATE_FUNCTION","request":{"@type":"type.googleapis.com/google.cloud.functions.v1.CloudFunction","name":"projects/prompt-battle-c5e6a/locations/us-central1/functions/adminGrantItems","httpsTrigger":{"securityLevel":"SECURE_ALWAYS"},"entryPoint":"adminGrantItems","updateTime":"1970-01-01T00:00:00Z","labels":{"deployment-tool":"cli-firebase","firebase-functions-hash":"d4fa81547bac1ca707eb0988d534e987f547df30"},"sourceUploadUrl":"https://storage.googleapis.com/uploads-763700285092.us-central1.cloudfunctions.appspot.com/8f0a08e6-ee58-4376-90f5-a123a31d90fb.zip?GoogleAccessId=service-329010584107@gcf-admin-robot.iam.gserviceaccount.com&Expires=1773728448&Signature=wPYDBa3v9T%2BzEdJcwe58wa%2BOF31A3I8IU4soZsWOuLLq8KY6rTCw9a0Q%2FG88%2BTUOtnzfuuIvbP%2FN%2FfjWKkkMuORIKJ0FLc8yC9gEzL%2FAXEFWfeReHwGJ%2BHxGE%2FpnE4GcuYshlG86F7fKbBpidvkYKu%2BhJJ5ViD5MBrntGkTB%2BosFIV0kdqs%2FvxPh2eTY5H60WGoGozw2uSzb6OhkN7sRFd9%2FCjozGwlS3ZGtRfyaPt1YTGFEP0%2BltvBZvVSFRsNnEFh2RkhLFUl0JSY8%2FOtbL6p5D5bVQAbBbJj1bnNHXaS6VhcuLCa6NhW3pZSCaWWXXyxBEGHgHJVMOU%2FU9XbNsg%3D%3D","environmentVariables":{"FIREBASE_CONFIG":"{\"projectId\":\"prompt-battle-c5e6a\",\"databaseURL\":\"https://prompt-battle-c5e6a-default-rtdb.firebaseio.com\",\"storageBucket\":\"prompt-battle-c5e6a.firebasestorage.app\"}","GCLOUD_PROJECT":"prompt-battle-c5e6a","EVENTARC_CLOUD_EVENT_SOURCE":"projects/prompt-battle-c5e6a/locations/us-central1/functions/adminGrantItems"},"runtime":"nodejs20","buildEnvironmentVariables":{"GOOGLE_NODE_RUN_SCRIPTS":""},"dockerRegistry":"ARTIFACT_REGISTRY"},"versionId":"1","updateTime":"2026-03-17T05:51:40.760502457Z","buildId":"6907457a-3811-49c2-a9d0-9208cb34ea6c","buildName":"projects/329010584107/locations/us-central1/builds/6907457a-3811-49c2-a9d0-9208cb34ea6c"},"done":true,"error":{"code":13,"message":"Gen1 operation for function projects/prompt-battle-c5e6a/locations/us-central1/functions/adminGrantItems failed: Build failed: Build error details not available.Please check the logs at https://console.cloud.google.com/cloud-build/builds;region=us-central1/6907457a-3811-49c2-a9d0-9208cb34ea6c?project=329010584107. Please visit https://cloud.google.com/functions/docs/troubleshooting#build for in-depth troubleshooting documentation for build related errors..","details":[{"@type":"type.googleapis.com/google.rpc.DebugInfo","stackEntries":["cloud/control2/shared/userfriendly/userfriendly_helpers.go:66 +0x25 google3/cloud/control2/shared/userfriendly/userfriendly.DebugInfoWithMessage({0x175d5d32a3c0, 0x1cc})","cloud/control2/frontend/storedata/public_operation.go:256 +0xd1 google3/cloud/control2/frontend/storedata/publicoperation.toOperationError({0x55aee212b2c8, 0x175d69cb3470}, 0x175d5d546828?, 0x30?)","cloud/control2/frontend/storedata/public_operation.go:122 +0x3c5 google3/cloud/control2/frontend/storedata/publicoperation.ToPublic({0x55aee212b2c8, 0x175d69cb3470}, 0x175d5d546828, 0x175d6c0fa330, 0x175d5bc69b90, 0x175d5b680360)","cloud/control2/frontend/converters/operation_converter.go:46 +0xa7 google3/cloud/control2/frontend/converters/operationconverter.(*OperationConverter).ConvertResource(0x175d6ffa9e00, {0x55aee212b2c8, 0x175d69cb3470}, {0x55aee213a7e0, 0x175d5d546828}, 0x175d5cd77b40?, 0x175d5b680360?)","cloud/control2/frontend/handler/get.go:220 +0x1e13 google3/cloud/control2/frontend/handler/handler.Handler.handleGet({{0x7f1d3bb0d2d8, 0x175d584d7020}, {0x175d5900a4a0, 0x175d5f930a80, {0x55aee215e188, 0x175d5cd77b40}, 0x175d5b680360, 0x175d621590e0}, {{0x55aee1f9e340, 0x175d607cf680}}, ...}, ...)","cloud/control2/frontend/handler/handler_init.go:511 +0xaa google3/cloud/control2/frontend/handler/handler.init.func55({_, _}, {0x175d68d74588, 0x175d742262a0, 0x0, 0x0, 0x0, 0x0, 0x175d7bb1e2c0, 0x175d7bb1e300, ...})","cloud/control2/frontend/handler/handler_init.go:273 +0x85 google3/cloud/control2/frontend/handler/handler.RegularInitializer.initGetMethodStates.func2({_, _}, {0x175d68d74588, 0x175d742262a0, 0x0, 0x0, 0x0, 0x0, 0x175d7bb1e2c0, 0x175d7bb1e300, ...})","cloud/control2/frontend/handler/handler.go:328 google3/cloud/control2/frontend/handler/handler.Handler.start.func1(...)","cloud/control2/frontend/handler/handler.go:329 +0x396 google3/cloud/control2/frontend/handler/handler.Handler.start({{0x7f1d3bb0d2d8, 0x175d584d7020}, {0x175d5900a4a0, 0x175d5f930a80, {0x55aee215e188, 0x175d5cd77b40}, 0x175d5b680360, 0x175d621590e0}, {{0x55aee1f9e340, 0x175d607cf680}}, ...}, ...)","cloud/control2/frontend/handler/handler.go:312 +0x92 google3/cloud/control2/frontend/handler/handler.init.func63({0x55aee212b2c8?, _}, {{0x7f1d3bb0d2d8, 0x175d584d7020}, {0x175d5900a4a0, 0x175d5f930a80, {0x55aee215e188, 0x175d5cd77b40}, 0x175d5b680360, 0x175d621590e0}, ...}, ...)","cloud/control2/frontend/handler/handler.go:307 +0x179 google3/cloud/control2/frontend/handler/handler.Handler.HandleRequest({{0x7f1d3bb0d2d8, 0x175d584d7020}, {0x175d5900a4a0, 0x175d5f930a80, {0x55aee215e188, 0x175d5cd77b40}, 0x175d5b680360, 0x175d621590e0}, {{0x55aee1f9e340, 0x175d607cf680}}, ...}, ...)","cloud/control2/frontend/server/request_handler.go:170 +0x145 google3/cloud/control2/frontend/server/requesthandler.init.func1({0x55aee212b2c8?, 0x175d77fb4270?}, 0x175d61b3aa00, 0x175d7bb1e280, 0x175d7bb1e2c0, 0x175d7bb1e300)","cloud/control2/frontend/server/request_handler.go:143 +0x6a3 google3/cloud/control2/frontend/server/requesthandler.(*Handler).handleRequestWithFullMethodName(0x175d61b3aa00, {0x55aee212b2c8, 0x175d77fb4090}, 0x175d5b2a1840, 0x175d7c936e58, 0x175d742261f8, {0x0?, 0x1000000?})","cloud/control2/frontend/server/request_handler.go:88 +0x41f google3/cloud/control2/frontend/server/requesthandler.(*Handler).handleRequest(0x175d61b3aa00, {0x55aee212b2c8, 0x175d77fb4090}, 0x175d7c936e58, 0x175d742261f8)","cloud/control2/frontend/server/request_handler.go:66 +0xd4 google3/cloud/control2/frontend/server/requesthandler.init.func2({0x55aee212b2c8?, 0x175d77fb4090?}, 0x55aed97cf0a5?, 0x7f1d9a512a00?, 0x175d788acf38?)","cloud/control2/frontend/server/request_handler.go:54 +0x38 google3/cloud/control2/frontend/server/requesthandler.(*Handler).handle(0x3f?, {0x55aee212b2c8, 0x175d77fb4090}, 0x175d544fb808?, 0x175d742261f8?)","cloud/control2/shared/genericrpc/service.go:171 +0x3f9 google3/cloud/control2/shared/genericrpc/genericrpc.(*Dispatcher).DefaultMethodHandler(0x175d61bbabd0, {0x55aee212b2c8, 0x175d77fb4090}, 0x175d7c936e58)","net/rpc/go/stream.go:1180 +0x43 google3/net/rpc/go/rpc.runStreamHandler({0x55aee212b2c8?, 0x175d77fb4090?}, 0x175d7c936e58?, {0x0?, 0x0?}, {0x55aee2143210, 0x175d76db4d20})","net/goa/rpc/rpchandler.go:100 +0x502 google3/net/goa/rpc/rpchandler.ExecHandlerSubset({0x55aee212b2c8?, 0x175d5fe71860?}, 0x175d5a203538)","net/goa/rpc/rpchandler.go:327 +0xa1f google3/net/goa/rpc/rpchandler.(*closedRegistry).hook(0x175d67fb4120, {0x55aee212b5e8, 0x175d6dc530e0}, 0x175d7c850a00)","production/fireaxe/go/filters/rpcserverinterceptor.go:62 +0x342 google3/production/fireaxe/go/filters/rpcserverinterceptor.(*Interceptor).MakeHook-fm.(*Interceptor).MakeHook.func2({0x55aee212b5e8, 0x175d6dc530e0}, 0x175d7c850a00)"],"detail":"Gen1 operation for function projects/prompt-battle-c5e6a/locations/us-central1/functions/adminGrantItems failed: Build failed: Build error details not available.Please check the logs at https://console.cloud.google.com/cloud-build/builds;region=us-central1/6907457a-3811-49c2-a9d0-9208cb34ea6c?project=329010584107. Please visit https://cloud.google.com/functions/docs/troubleshooting#build for in-depth troubleshooting documentation for build related errors.."}]}}
[debug] [2026-03-17T05:51:43.361Z] Got source token undefined for region us-central1
[error] Gen1 operation for function projects/prompt-battle-c5e6a/locations/us-central1/functions/adminGrantItems failed: Build failed: Build error details not available.Please check the logs at https://console.cloud.google.com/cloud-build/builds;region=us-central1/6907457a-3811-49c2-a9d0-9208cb34ea6c?project=329010584107. Please visit https://cloud.google.com/functions/docs/troubleshooting#build for in-depth troubleshooting documentation for build related errors..
[debug] [2026-03-17T05:51:43.364Z] <<< [apiv2][status] GET https://cloudfunctions.googleapis.com/v1/operations/cHJvamVjdHMvcHJvbXB0LWJhdHRsZS1jNWU2YS9sb2NhdGlvbnMvdXMtY2VudHJhbDEvb3BlcmF0aW9ucy9vcGVyYXRpb24tMTc3MzcyNjY3NjE4Ny02NGQzMWVjNzY3N2Y5LTZmNTFlNzMxLWNmYjczZDgz 200
[debug] [2026-03-17T05:51:43.364Z] <<< [apiv2][body] GET https://cloudfunctions.googleapis.com/v1/operations/cHJvamVjdHMvcHJvbXB0LWJhdHRsZS1jNWU2YS9sb2NhdGlvbnMvdXMtY2VudHJhbDEvb3BlcmF0aW9ucy9vcGVyYXRpb24tMTc3MzcyNjY3NjE4Ny02NGQzMWVjNzY3N2Y5LTZmNTFlNzMxLWNmYjczZDgz {"name":"operations/cHJvamVjdHMvcHJvbXB0LWJhdHRsZS1jNWU2YS9sb2NhdGlvbnMvdXMtY2VudHJhbDEvb3BlcmF0aW9ucy9vcGVyYXRpb24tMTc3MzcyNjY3NjE4Ny02NGQzMWVjNzY3N2Y5LTZmNTFlNzMxLWNmYjczZDgz","metadata":{"@type":"type.googleapis.com/google.cloud.functions.v1.OperationMetadataV1","target":"projects/prompt-battle-c5e6a/locations/us-central1/functions/grantGlory","type":"CREATE_FUNCTION","request":{"@type":"type.googleapis.com/google.cloud.functions.v1.CloudFunction","name":"projects/prompt-battle-c5e6a/locations/us-central1/functions/grantGlory","httpsTrigger":{"securityLevel":"SECURE_ALWAYS"},"entryPoint":"grantGlory","updateTime":"1970-01-01T00:00:00Z","labels":{"deployment-tool":"cli-firebase","firebase-functions-hash":"d4fa81547bac1ca707eb0988d534e987f547df30"},"sourceUploadUrl":"https://storage.googleapis.com/uploads-763700285092.us-central1.cloudfunctions.appspot.com/8f0a08e6-ee58-4376-90f5-a123a31d90fb.zip?GoogleAccessId=service-329010584107@gcf-admin-robot.iam.gserviceaccount.com&Expires=1773728448&Signature=wPYDBa3v9T%2BzEdJcwe58wa%2BOF31A3I8IU4soZsWOuLLq8KY6rTCw9a0Q%2FG88%2BTUOtnzfuuIvbP%2FN%2FfjWKkkMuORIKJ0FLc8yC9gEzL%2FAXEFWfeReHwGJ%2BHxGE%2FpnE4GcuYshlG86F7fKbBpidvkYKu%2BhJJ5ViD5MBrntGkTB%2BosFIV0kdqs%2FvxPh2eTY5H60WGoGozw2uSzb6OhkN7sRFd9%2FCjozGwlS3ZGtRfyaPt1YTGFEP0%2BltvBZvVSFRsNnEFh2RkhLFUl0JSY8%2FOtbL6p5D5bVQAbBbJj1bnNHXaS6VhcuLCa6NhW3pZSCaWWXXyxBEGHgHJVMOU%2FU9XbNsg%3D%3D","environmentVariables":{"FIREBASE_CONFIG":"{\"projectId\":\"prompt-battle-c5e6a\",\"databaseURL\":\"https://prompt-battle-c5e6a-default-rtdb.firebaseio.com\",\"storageBucket\":\"prompt-battle-c5e6a.firebasestorage.app\"}","GCLOUD_PROJECT":"prompt-battle-c5e6a","EVENTARC_CLOUD_EVENT_SOURCE":"projects/prompt-battle-c5e6a/locations/us-central1/functions/grantGlory"},"runtime":"nodejs20","buildEnvironmentVariables":{"GOOGLE_NODE_RUN_SCRIPTS":""},"dockerRegistry":"ARTIFACT_REGISTRY"},"versionId":"1","updateTime":"2026-03-17T05:51:16.540514037Z","buildId":"714add40-5199-408c-8d5a-8b37209a094b","buildName":"projects/329010584107/locations/us-central1/builds/714add40-5199-408c-8d5a-8b37209a094b"}}
[debug] [2026-03-17T05:51:43.372Z] <<< [apiv2][status] GET https://cloudfunctions.googleapis.com/v1/operations/cHJvamVjdHMvcHJvbXB0LWJhdHRsZS1jNWU2YS9sb2NhdGlvbnMvdXMtY2VudHJhbDEvb3BlcmF0aW9ucy9vcGVyYXRpb24tMTc3MzcyNjY3NjE5Ny02NGQzMWVjNzZhMWI4LTFhNDVhMDVkLTI3Y2NmN2Ji 200
[debug] [2026-03-17T05:51:43.372Z] <<< [apiv2][body] GET https://cloudfunctions.googleapis.com/v1/operations/cHJvamVjdHMvcHJvbXB0LWJhdHRsZS1jNWU2YS9sb2NhdGlvbnMvdXMtY2VudHJhbDEvb3BlcmF0aW9ucy9vcGVyYXRpb24tMTc3MzcyNjY3NjE5Ny02NGQzMWVjNzZhMWI4LTFhNDVhMDVkLTI3Y2NmN2Ji {"name":"operations/cHJvamVjdHMvcHJvbXB0LWJhdHRsZS1jNWU2YS9sb2NhdGlvbnMvdXMtY2VudHJhbDEvb3BlcmF0aW9ucy9vcGVyYXRpb24tMTc3MzcyNjY3NjE5Ny02NGQzMWVjNzZhMWI4LTFhNDVhMDVkLTI3Y2NmN2Ji","metadata":{"@type":"type.googleapis.com/google.cloud.functions.v1.OperationMetadataV1","target":"projects/prompt-battle-c5e6a/locations/us-central1/functions/itchAppAuth","type":"CREATE_FUNCTION","request":{"@type":"type.googleapis.com/google.cloud.functions.v1.CloudFunction","name":"projects/prompt-battle-c5e6a/locations/us-central1/functions/itchAppAuth","httpsTrigger":{"securityLevel":"SECURE_ALWAYS"},"entryPoint":"itchAppAuth","updateTime":"1970-01-01T00:00:00Z","labels":{"deployment-tool":"cli-firebase","firebase-functions-hash":"d4fa81547bac1ca707eb0988d534e987f547df30"},"sourceUploadUrl":"https://storage.googleapis.com/uploads-763700285092.us-central1.cloudfunctions.appspot.com/8f0a08e6-ee58-4376-90f5-a123a31d90fb.zip?GoogleAccessId=service-329010584107@gcf-admin-robot.iam.gserviceaccount.com&Expires=1773728448&Signature=wPYDBa3v9T%2BzEdJcwe58wa%2BOF31A3I8IU4soZsWOuLLq8KY6rTCw9a0Q%2FG88%2BTUOtnzfuuIvbP%2FN%2FfjWKkkMuORIKJ0FLc8yC9gEzL%2FAXEFWfeReHwGJ%2BHxGE%2FpnE4GcuYshlG86F7fKbBpidvkYKu%2BhJJ5ViD5MBrntGkTB%2BosFIV0kdqs%2FvxPh2eTY5H60WGoGozw2uSzb6OhkN7sRFd9%2FCjozGwlS3ZGtRfyaPt1YTGFEP0%2BltvBZvVSFRsNnEFh2RkhLFUl0JSY8%2FOtbL6p5D5bVQAbBbJj1bnNHXaS6VhcuLCa6NhW3pZSCaWWXXyxBEGHgHJVMOU%2FU9XbNsg%3D%3D","environmentVariables":{"FIREBASE_CONFIG":"{\"projectId\":\"prompt-battle-c5e6a\",\"databaseURL\":\"https://prompt-battle-c5e6a-default-rtdb.firebaseio.com\",\"storageBucket\":\"prompt-battle-c5e6a.firebasestorage.app\"}","GCLOUD_PROJECT":"prompt-battle-c5e6a","EVENTARC_CLOUD_EVENT_SOURCE":"projects/prompt-battle-c5e6a/locations/us-central1/functions/itchAppAuth"},"runtime":"nodejs20","buildEnvironmentVariables":{"GOOGLE_NODE_RUN_SCRIPTS":""},"dockerRegistry":"ARTIFACT_REGISTRY"},"versionId":"1","updateTime":"2026-03-17T05:51:16.522093481Z","buildId":"7ef76630-9ebb-42c0-82ee-89c447dba4c9","buildName":"projects/329010584107/locations/us-central1/builds/7ef76630-9ebb-42c0-82ee-89c447dba4c9"}}
[debug] [2026-03-17T05:51:43.384Z] <<< [apiv2][status] GET https://cloudfunctions.googleapis.com/v1/operations/cHJvamVjdHMvcHJvbXB0LWJhdHRsZS1jNWU2YS9sb2NhdGlvbnMvdXMtY2VudHJhbDEvb3BlcmF0aW9ucy9vcGVyYXRpb24tMTc3MzcyNjY3NjE5Mi02NGQzMWVjNzY4ZTUzLWNkMTkyZDI5LTQ2N2RkZDJj 200
[debug] [2026-03-17T05:51:43.384Z] <<< [apiv2][body] GET https://cloudfunctions.googleapis.com/v1/operations/cHJvamVjdHMvcHJvbXB0LWJhdHRsZS1jNWU2YS9sb2NhdGlvbnMvdXMtY2VudHJhbDEvb3BlcmF0aW9ucy9vcGVyYXRpb24tMTc3MzcyNjY3NjE5Mi02NGQzMWVjNzY4ZTUzLWNkMTkyZDI5LTQ2N2RkZDJj {"name":"operations/cHJvamVjdHMvcHJvbXB0LWJhdHRsZS1jNWU2YS9sb2NhdGlvbnMvdXMtY2VudHJhbDEvb3BlcmF0aW9ucy9vcGVyYXRpb24tMTc3MzcyNjY3NjE5Mi02NGQzMWVjNzY4ZTUzLWNkMTkyZDI5LTQ2N2RkZDJj","metadata":{"@type":"type.googleapis.com/google.cloud.functions.v1.OperationMetadataV1","target":"projects/prompt-battle-c5e6a/locations/us-central1/functions/claimBattlePassReward","type":"CREATE_FUNCTION","request":{"@type":"type.googleapis.com/google.cloud.functions.v1.CloudFunction","name":"projects/prompt-battle-c5e6a/locations/us-central1/functions/claimBattlePassReward","httpsTrigger":{"securityLevel":"SECURE_ALWAYS"},"entryPoint":"claimBattlePassReward","updateTime":"1970-01-01T00:00:00Z","labels":{"deployment-tool":"cli-firebase","firebase-functions-hash":"d4fa81547bac1ca707eb0988d534e987f547df30"},"sourceUploadUrl":"https://storage.googleapis.com/uploads-763700285092.us-central1.cloudfunctions.appspot.com/8f0a08e6-ee58-4376-90f5-a123a31d90fb.zip?GoogleAccessId=service-329010584107@gcf-admin-robot.iam.gserviceaccount.com&Expires=1773728448&Signature=wPYDBa3v9T%2BzEdJcwe58wa%2BOF31A3I8IU4soZsWOuLLq8KY6rTCw9a0Q%2FG88%2BTUOtnzfuuIvbP%2FN%2FfjWKkkMuORIKJ0FLc8yC9gEzL%2FAXEFWfeReHwGJ%2BHxGE%2FpnE4GcuYshlG86F7fKbBpidvkYKu%2BhJJ5ViD5MBrntGkTB%2BosFIV0kdqs%2FvxPh2eTY5H60WGoGozw2uSzb6OhkN7sRFd9%2FCjozGwlS3ZGtRfyaPt1YTGFEP0%2BltvBZvVSFRsNnEFh2RkhLFUl0JSY8%2FOtbL6p5D5bVQAbBbJj1bnNHXaS6VhcuLCa6NhW3pZSCaWWXXyxBEGHgHJVMOU%2FU9XbNsg%3D%3D","environmentVariables":{"FIREBASE_CONFIG":"{\"projectId\":\"prompt-battle-c5e6a\",\"databaseURL\":\"https://prompt-battle-c5e6a-default-rtdb.firebaseio.com\",\"storageBucket\":\"prompt-battle-c5e6a.firebasestorage.app\"}","GCLOUD_PROJECT":"prompt-battle-c5e6a","EVENTARC_CLOUD_EVENT_SOURCE":"projects/prompt-battle-c5e6a/locations/us-central1/functions/claimBattlePassReward"},"runtime":"nodejs20","buildEnvironmentVariables":{"GOOGLE_NODE_RUN_SCRIPTS":""},"dockerRegistry":"ARTIFACT_REGISTRY"},"versionId":"1","updateTime":"2026-03-17T05:51:42.702776619Z","buildId":"99a9e6ca-4c55-4b69-a023-b67a74d11fb2","buildName":"projects/329010584107/locations/us-central1/builds/99a9e6ca-4c55-4b69-a023-b67a74d11fb2"},"done":true,"error":{"code":13,"message":"Gen1 operation for function projects/prompt-battle-c5e6a/locations/us-central1/functions/claimBattlePassReward failed: Build failed: Build error details not available.Please check the logs at https://console.cloud.google.com/cloud-build/builds;region=us-central1/99a9e6ca-4c55-4b69-a023-b67a74d11fb2?project=329010584107. Please visit https://cloud.google.com/functions/docs/troubleshooting#build for in-depth troubleshooting documentation for build related errors..","details":[{"@type":"type.googleapis.com/google.rpc.DebugInfo","stackEntries":["cloud/control2/shared/userfriendly/userfriendly_helpers.go:66 +0x24 google3/cloud/control2/shared/userfriendly/userfriendly.DebugInfoWithMessage({0x524eb894f2c0, 0x1d2})","cloud/control2/frontend/storedata/public_operation.go:256 +0xc0 google3/cloud/control2/frontend/storedata/publicoperation.toOperationError({0xaaaac872b1e8, 0x524ecb8a29f0}, 0x524eac660328?, 0xe0?)","cloud/control2/frontend/storedata/public_operation.go:122 +0x314 google3/cloud/control2/frontend/storedata/publicoperation.ToPublic({0xaaaac872b1e8, 0x524ecb8a29f0}, 0x524eac660328, 0x524eb0b1afe0, 0x524ecb836d80, 0x524ea13aa630)","cloud/control2/frontend/converters/operation_converter.go:46 +0x78 google3/cloud/control2/frontend/converters/operationconverter.(*OperationConverter).ConvertResource(0x524eb82eddb0, {0xaaaac872b1e8, 0x524ecb8a29f0}, {0xaaaac873a740, 0x524eac660328}, 0x524ea23c5e40?, 0x524ea13aa630?)","cloud/control2/frontend/handler/get.go:220 +0x1450 google3/cloud/control2/frontend/handler/handler.Handler.handleGet({{0xffff31c33608, 0x524ea31c4c00}, {0x524ea443dca0, 0x524ea671cdc0, {0xaaaac875e0e8, 0x524ea23c5e40}, 0x524ea13aa630, 0x524eca5628a0}, {{0xaaaac859e260, 0x524ea5a42780}}, ...}, ...)","cloud/control2/frontend/handler/handler_init.go:511 +0x68 google3/cloud/control2/frontend/handler/handler.init.func55({_, _}, {0x524eca311088, 0x524eaac2aa98, 0x0, 0x0, 0x0, 0x0, 0x524eb6d90400, 0x524eb6d90440, ...})","cloud/control2/frontend/handler/handler_init.go:273 +0x64 google3/cloud/control2/frontend/handler/handler.RegularInitializer.initGetMethodStates.func2({_, _}, {0x524eca311088, 0x524eaac2aa98, 0x0, 0x0, 0x0, 0x0, 0x524eb6d90400, 0x524eb6d90440, ...})","cloud/control2/frontend/handler/handler.go:328 google3/cloud/control2/frontend/handler/handler.Handler.start.func1(...)","cloud/control2/frontend/handler/handler.go:329 +0x254 google3/cloud/control2/frontend/handler/handler.Handler.start({{0xffff31c33608, 0x524ea31c4c00}, {0x524ea443dca0, 0x524ea671cdc0, {0xaaaac875e0e8, 0x524ea23c5e40}, 0x524ea13aa630, 0x524eca5628a0}, {{0xaaaac859e260, 0x524ea5a42780}}, ...}, ...)","cloud/control2/frontend/handler/handler.go:312 +0x60 google3/cloud/control2/frontend/handler/handler.init.func63({0xaaaac872b1e8?, _}, {{0xffff31c33608, 0x524ea31c4c00}, {0x524ea443dca0, 0x524ea671cdc0, {0xaaaac875e0e8, 0x524ea23c5e40}, 0x524ea13aa630, 0x524eca5628a0}, ...}, ...)","cloud/control2/frontend/handler/handler.go:307 +0xf4 google3/cloud/control2/frontend/handler/handler.Handler.HandleRequest({{0xffff31c33608, 0x524ea31c4c00}, {0x524ea443dca0, 0x524ea671cdc0, {0xaaaac875e0e8, 0x524ea23c5e40}, 0x524ea13aa630, 0x524eca5628a0}, {{0xaaaac859e260, 0x524ea5a42780}}, ...}, ...)","cloud/control2/frontend/server/request_handler.go:170 +0xc4 google3/cloud/control2/frontend/server/requesthandler.init.func1({0xaaaac872b1e8?, 0x524ebc672f60?}, 0x524e9e1b6e00, 0x524eb6d903c0, 0x524eb6d90400, 0x524eb6d90440)","cloud/control2/frontend/server/request_handler.go:143 +0x4f4 google3/cloud/control2/frontend/server/requesthandler.(*Handler).handleRequestWithFullMethodName(0x524e9e1b6e00, {0xaaaac872b1e8, 0x524ebc672e40}, 0x524ec1c44340, 0x524ebfe4c930, 0x524eaac2a9f0, {0x0?, 0x0?})","cloud/control2/frontend/server/request_handler.go:88 +0x378 google3/cloud/control2/frontend/server/requesthandler.(*Handler).handleRequest(0x524e9e1b6e00, {0xaaaac872b1e8, 0x524ebc672e40}, 0x524ebfe4c930, 0x524eaac2a9f0)","cloud/control2/frontend/server/request_handler.go:66 +0xa4 google3/cloud/control2/frontend/server/requesthandler.init.func2({0xaaaac872b1e8?, 0x524ebc672e40?}, 0x524ec361f7d1?, 0x524edaeb5c33?, 0x524ec361f7dc?)","cloud/control2/frontend/server/request_handler.go:54 +0x40 google3/cloud/control2/frontend/server/requesthandler.(*Handler).handle(0x4?, {0xaaaac872b1e8, 0x524ebc672e40}, 0xffff8d6febf0?, 0x524eb0d93808?)","cloud/control2/shared/genericrpc/service.go:171 +0x3a8 google3/cloud/control2/shared/genericrpc/genericrpc.(*Dispatcher).DefaultMethodHandler(0x524eaaec8600, {0xaaaac872b1e8, 0x524ebc672e40}, 0x524ebfe4c930)","net/rpc/go/stream.go:1180 +0x4c google3/net/rpc/go/rpc.runStreamHandler({0xaaaac872b1e8?, 0x524ebc672e40?}, 0x524ebfe4c930?, {0x0?, 0x0?}, {0xaaaac8743170, 0x524ed0ea4f00})","net/goa/rpc/rpchandler.go:100 +0x3b8 google3/net/goa/rpc/rpchandler.ExecHandlerSubset({0xaaaac872b1e8?, 0x524ec1c5cae0?}, 0x524ea464b518)","net/goa/rpc/rpchandler.go:327 +0x7f0 google3/net/goa/rpc/rpchandler.(*closedRegistry).hook(0x524ea37a27e0, {0xaaaac872b508, 0x524eb7cacfc0}, 0x524ec13feb80)","production/fireaxe/go/filters/rpcserverinterceptor.go:62 +0x258 google3/production/fireaxe/go/filters/rpcserverinterceptor.(*Interceptor).MakeHook-fm.(*Interceptor).MakeHook.func2({0xaaaac872b508, 0x524eb7cacfc0}, 0x524ec13feb80)"],"detail":"Gen1 operation for function projects/prompt-battle-c5e6a/locations/us-central1/functions/claimBattlePassReward failed: Build failed: Build error details not available.Please check the logs at https://console.cloud.google.com/cloud-build/builds;region=us-central1/99a9e6ca-4c55-4b69-a023-b67a74d11fb2?project=329010584107. Please visit https://cloud.google.com/functions/docs/troubleshooting#build for in-depth troubleshooting documentation for build related errors.."}]}}
[debug] [2026-03-17T05:51:43.384Z] Got source token undefined for region us-central1
[error] Gen1 operation for function projects/prompt-battle-c5e6a/locations/us-central1/functions/claimBattlePassReward failed: Build failed: Build error details not available.Please check the logs at https://console.cloud.google.com/cloud-build/builds;region=us-central1/99a9e6ca-4c55-4b69-a023-b67a74d11fb2?project=329010584107. Please visit https://cloud.google.com/functions/docs/troubleshooting#build for in-depth troubleshooting documentation for build related errors..
[debug] [2026-03-17T05:51:53.244Z] [create-default-us-central1-completePayment] Retrying task index 0
[debug] [2026-03-17T05:51:53.244Z] Checked if tokens are valid: true, expires at: 1773729535384
[debug] [2026-03-17T05:51:53.244Z] Checked if tokens are valid: true, expires at: 1773729535384
[debug] [2026-03-17T05:51:53.244Z] >>> [apiv2][query] GET https://cloudfunctions.googleapis.com/v1/operations/cHJvamVjdHMvcHJvbXB0LWJhdHRsZS1jNWU2YS9sb2NhdGlvbnMvdXMtY2VudHJhbDEvb3BlcmF0aW9ucy9vcGVyYXRpb24tMTc3MzcyNjY3NjE2Mi02NGQzMWVjNzYxOGQ1LTA4ZTRkYjMyLTY1NWNhZjNh [none]
[debug] [2026-03-17T05:51:53.246Z] [create-default-us-central1-grantBattlePassXp] Retrying task index 0
[debug] [2026-03-17T05:51:53.246Z] Checked if tokens are valid: true, expires at: 1773729535384
[debug] [2026-03-17T05:51:53.246Z] Checked if tokens are valid: true, expires at: 1773729535384
[debug] [2026-03-17T05:51:53.246Z] >>> [apiv2][query] GET https://cloudfunctions.googleapis.com/v1/operations/cHJvamVjdHMvcHJvbXB0LWJhdHRsZS1jNWU2YS9sb2NhdGlvbnMvdXMtY2VudHJhbDEvb3BlcmF0aW9ucy9vcGVyYXRpb24tMTc3MzcyNjY3NjIxNy02NGQzMWVjNzZlZDA2LTRlNzZlOTc0LWQ1NGViOTUx [none]
[debug] [2026-03-17T05:51:53.268Z] [create-default-us-central1-grantXp] Retrying task index 0
[debug] [2026-03-17T05:51:53.268Z] Checked if tokens are valid: true, expires at: 1773729535384
[debug] [2026-03-17T05:51:53.268Z] Checked if tokens are valid: true, expires at: 1773729535384
[debug] [2026-03-17T05:51:53.268Z] >>> [apiv2][query] GET https://cloudfunctions.googleapis.com/v1/operations/cHJvamVjdHMvcHJvbXB0LWJhdHRsZS1jNWU2YS9sb2NhdGlvbnMvdXMtY2VudHJhbDEvb3BlcmF0aW9ucy9vcGVyYXRpb24tMTc3MzcyNjY3NjIwMC02NGQzMWVjNzZhYjcyLWY4ZjEyNjc4LWFlOWVmNDJm [none]
[debug] [2026-03-17T05:51:53.352Z] [create-default-us-central1-purchaseItem] Retrying task index 0
[debug] [2026-03-17T05:51:53.352Z] Checked if tokens are valid: true, expires at: 1773729535384
[debug] [2026-03-17T05:51:53.352Z] Checked if tokens are valid: true, expires at: 1773729535384
[debug] [2026-03-17T05:51:53.352Z] >>> [apiv2][query] GET https://cloudfunctions.googleapis.com/v1/operations/cHJvamVjdHMvcHJvbXB0LWJhdHRsZS1jNWU2YS9sb2NhdGlvbnMvdXMtY2VudHJhbDEvb3BlcmF0aW9ucy9vcGVyYXRpb24tMTc3MzcyNjY3NjIxMy02NGQzMWVjNzZlMGI3LWI4MTQ0NTA4LTcxYWExMDkw [none]
[debug] [2026-03-17T05:51:53.353Z] [create-default-us-central1-redeemItchKey] Retrying task index 0
[debug] [2026-03-17T05:51:53.353Z] Checked if tokens are valid: true, expires at: 1773729535384
[debug] [2026-03-17T05:51:53.353Z] Checked if tokens are valid: true, expires at: 1773729535384
[debug] [2026-03-17T05:51:53.353Z] >>> [apiv2][query] GET https://cloudfunctions.googleapis.com/v1/operations/cHJvamVjdHMvcHJvbXB0LWJhdHRsZS1jNWU2YS9sb2NhdGlvbnMvdXMtY2VudHJhbDEvb3BlcmF0aW9ucy9vcGVyYXRpb24tMTc3MzcyNjY3NjE5NC02NGQzMWVjNzY5NDc3LWE2ZWY0MGE1LWZhYTg3YjBm [none]
[debug] [2026-03-17T05:51:53.354Z] [create-default-us-central1-itchOAuthCallback] Retrying task index 0
[debug] [2026-03-17T05:51:53.354Z] Checked if tokens are valid: true, expires at: 1773729535384
[debug] [2026-03-17T05:51:53.354Z] Checked if tokens are valid: true, expires at: 1773729535384
[debug] [2026-03-17T05:51:53.354Z] >>> [apiv2][query] GET https://cloudfunctions.googleapis.com/v1/operations/cHJvamVjdHMvcHJvbXB0LWJhdHRsZS1jNWU2YS9sb2NhdGlvbnMvdXMtY2VudHJhbDEvb3BlcmF0aW9ucy9vcGVyYXRpb24tMTc3MzcyNjY3NjIwMi02NGQzMWVjNzZiNWYwLTE4YTQxYWRhLTU1ZmU5NmVk [none]
[debug] [2026-03-17T05:51:53.368Z] [create-default-us-central1-onPlayerJoinQueue] Retrying task index 0
[debug] [2026-03-17T05:51:53.368Z] Checked if tokens are valid: true, expires at: 1773729535384
[debug] [2026-03-17T05:51:53.368Z] Checked if tokens are valid: true, expires at: 1773729535384
[debug] [2026-03-17T05:51:53.368Z] >>> [apiv2][query] GET https://cloudfunctions.googleapis.com/v1/operations/cHJvamVjdHMvcHJvbXB0LWJhdHRsZS1jNWU2YS9sb2NhdGlvbnMvdXMtY2VudHJhbDEvb3BlcmF0aW9ucy9vcGVyYXRpb24tMTc3MzcyNjY3NjIxNy02NGQzMWVjNzZlZjI4LWU1MWQ2Mzk1LTYwZjNmZjhj [none]
[debug] [2026-03-17T05:51:53.369Z] [create-default-us-central1-grantGlory] Retrying task index 0
[debug] [2026-03-17T05:51:53.369Z] Checked if tokens are valid: true, expires at: 1773729535384
[debug] [2026-03-17T05:51:53.369Z] Checked if tokens are valid: true, expires at: 1773729535384
[debug] [2026-03-17T05:51:53.369Z] >>> [apiv2][query] GET https://cloudfunctions.googleapis.com/v1/operations/cHJvamVjdHMvcHJvbXB0LWJhdHRsZS1jNWU2YS9sb2NhdGlvbnMvdXMtY2VudHJhbDEvb3BlcmF0aW9ucy9vcGVyYXRpb24tMTc3MzcyNjY3NjE4Ny02NGQzMWVjNzY3N2Y5LTZmNTFlNzMxLWNmYjczZDgz [none]
[debug] [2026-03-17T05:51:53.372Z] [create-default-us-central1-itchAppAuth] Retrying task index 0
[debug] [2026-03-17T05:51:53.372Z] Checked if tokens are valid: true, expires at: 1773729535384
[debug] [2026-03-17T05:51:53.372Z] Checked if tokens are valid: true, expires at: 1773729535384
[debug] [2026-03-17T05:51:53.372Z] >>> [apiv2][query] GET https://cloudfunctions.googleapis.com/v1/operations/cHJvamVjdHMvcHJvbXB0LWJhdHRsZS1jNWU2YS9sb2NhdGlvbnMvdXMtY2VudHJhbDEvb3BlcmF0aW9ucy9vcGVyYXRpb24tMTc3MzcyNjY3NjE5Ny02NGQzMWVjNzZhMWI4LTFhNDVhMDVkLTI3Y2NmN2Ji [none]
[debug] [2026-03-17T05:51:53.411Z] <<< [apiv2][status] GET https://cloudfunctions.googleapis.com/v1/operations/cHJvamVjdHMvcHJvbXB0LWJhdHRsZS1jNWU2YS9sb2NhdGlvbnMvdXMtY2VudHJhbDEvb3BlcmF0aW9ucy9vcGVyYXRpb24tMTc3MzcyNjY3NjIxNy02NGQzMWVjNzZlZDA2LTRlNzZlOTc0LWQ1NGViOTUx 200
[debug] [2026-03-17T05:51:53.411Z] <<< [apiv2][body] GET https://cloudfunctions.googleapis.com/v1/operations/cHJvamVjdHMvcHJvbXB0LWJhdHRsZS1jNWU2YS9sb2NhdGlvbnMvdXMtY2VudHJhbDEvb3BlcmF0aW9ucy9vcGVyYXRpb24tMTc3MzcyNjY3NjIxNy02NGQzMWVjNzZlZDA2LTRlNzZlOTc0LWQ1NGViOTUx {"name":"operations/cHJvamVjdHMvcHJvbXB0LWJhdHRsZS1jNWU2YS9sb2NhdGlvbnMvdXMtY2VudHJhbDEvb3BlcmF0aW9ucy9vcGVyYXRpb24tMTc3MzcyNjY3NjIxNy02NGQzMWVjNzZlZDA2LTRlNzZlOTc0LWQ1NGViOTUx","metadata":{"@type":"type.googleapis.com/google.cloud.functions.v1.OperationMetadataV1","target":"projects/prompt-battle-c5e6a/locations/us-central1/functions/grantBattlePassXp","type":"CREATE_FUNCTION","request":{"@type":"type.googleapis.com/google.cloud.functions.v1.CloudFunction","name":"projects/prompt-battle-c5e6a/locations/us-central1/functions/grantBattlePassXp","httpsTrigger":{"securityLevel":"SECURE_ALWAYS"},"entryPoint":"grantBattlePassXp","updateTime":"1970-01-01T00:00:00Z","labels":{"deployment-tool":"cli-firebase","firebase-functions-hash":"d4fa81547bac1ca707eb0988d534e987f547df30"},"sourceUploadUrl":"https://storage.googleapis.com/uploads-763700285092.us-central1.cloudfunctions.appspot.com/8f0a08e6-ee58-4376-90f5-a123a31d90fb.zip?GoogleAccessId=service-329010584107@gcf-admin-robot.iam.gserviceaccount.com&Expires=1773728448&Signature=wPYDBa3v9T%2BzEdJcwe58wa%2BOF31A3I8IU4soZsWOuLLq8KY6rTCw9a0Q%2FG88%2BTUOtnzfuuIvbP%2FN%2FfjWKkkMuORIKJ0FLc8yC9gEzL%2FAXEFWfeReHwGJ%2BHxGE%2FpnE4GcuYshlG86F7fKbBpidvkYKu%2BhJJ5ViD5MBrntGkTB%2BosFIV0kdqs%2FvxPh2eTY5H60WGoGozw2uSzb6OhkN7sRFd9%2FCjozGwlS3ZGtRfyaPt1YTGFEP0%2BltvBZvVSFRsNnEFh2RkhLFUl0JSY8%2FOtbL6p5D5bVQAbBbJj1bnNHXaS6VhcuLCa6NhW3pZSCaWWXXyxBEGHgHJVMOU%2FU9XbNsg%3D%3D","environmentVariables":{"FIREBASE_CONFIG":"{\"projectId\":\"prompt-battle-c5e6a\",\"databaseURL\":\"https://prompt-battle-c5e6a-default-rtdb.firebaseio.com\",\"storageBucket\":\"prompt-battle-c5e6a.firebasestorage.app\"}","GCLOUD_PROJECT":"prompt-battle-c5e6a","EVENTARC_CLOUD_EVENT_SOURCE":"projects/prompt-battle-c5e6a/locations/us-central1/functions/grantBattlePassXp"},"runtime":"nodejs20","buildEnvironmentVariables":{"GOOGLE_NODE_RUN_SCRIPTS":""},"dockerRegistry":"ARTIFACT_REGISTRY"},"versionId":"1","updateTime":"2026-03-17T05:51:45.864641716Z","buildId":"358f9f43-30dd-40b2-987b-87318dc75c35","buildName":"projects/329010584107/locations/us-central1/builds/358f9f43-30dd-40b2-987b-87318dc75c35"},"done":true,"error":{"code":13,"message":"Gen1 operation for function projects/prompt-battle-c5e6a/locations/us-central1/functions/grantBattlePassXp failed: Build failed: Build error details not available.Please check the logs at https://console.cloud.google.com/cloud-build/builds;region=us-central1/358f9f43-30dd-40b2-987b-87318dc75c35?project=329010584107. Please visit https://cloud.google.com/functions/docs/troubleshooting#build for in-depth troubleshooting documentation for build related errors..","details":[{"@type":"type.googleapis.com/google.rpc.DebugInfo","stackEntries":["cloud/control2/shared/userfriendly/userfriendly_helpers.go:66 +0x24 google3/cloud/control2/shared/userfriendly/userfriendly.DebugInfoWithMessage({0x3d50799481e0, 0x1ce})","cloud/control2/frontend/storedata/public_operation.go:256 +0xc0 google3/cloud/control2/frontend/storedata/publicoperation.toOperationError({0xaaaafc32b1e8, 0x3d507c2ef7a0}, 0x3d5065f09bc0?, 0x18?)","cloud/control2/frontend/storedata/public_operation.go:122 +0x314 google3/cloud/control2/frontend/storedata/publicoperation.ToPublic({0xaaaafc32b1e8, 0x3d507c2ef7a0}, 0x3d5065f09bc0, 0x3d506504be18, 0x3d506c474c60, 0x3d505b64db90)","cloud/control2/frontend/converters/operation_converter.go:46 +0x78 google3/cloud/control2/frontend/converters/operationconverter.(*OperationConverter).ConvertResource(0x3d508391bbd0, {0xaaaafc32b1e8, 0x3d507c2ef7a0}, {0xaaaafc33a740, 0x3d5065f09bc0}, 0x3d505cbcf4c0?, 0x3d505b64db90?)","cloud/control2/frontend/handler/get.go:220 +0x1450 google3/cloud/control2/frontend/handler/handler.Handler.handleGet({{0xffff5276b570, 0x3d505dc95b00}, {0x3d505aee8f80, 0x3d5061175680, {0xaaaafc35e0e8, 0x3d505cbcf4c0}, 0x3d505b64db90, 0x3d507de651a0}, {{0xaaaafc19e260, 0x3d505f9d9500}}, ...}, ...)","cloud/control2/frontend/handler/handler_init.go:511 +0x68 google3/cloud/control2/frontend/handler/handler.init.func55({_, _}, {0x3d50828b1188, 0x3d5078231da0, 0x0, 0x0, 0x0, 0x0, 0x3d5081d43040, 0x3d5081d43080, ...})","cloud/control2/frontend/handler/handler_init.go:273 +0x64 google3/cloud/control2/frontend/handler/handler.RegularInitializer.initGetMethodStates.func2({_, _}, {0x3d50828b1188, 0x3d5078231da0, 0x0, 0x0, 0x0, 0x0, 0x3d5081d43040, 0x3d5081d43080, ...})","cloud/control2/frontend/handler/handler.go:328 google3/cloud/control2/frontend/handler/handler.Handler.start.func1(...)","cloud/control2/frontend/handler/handler.go:329 +0x254 google3/cloud/control2/frontend/handler/handler.Handler.start({{0xffff5276b570, 0x3d505dc95b00}, {0x3d505aee8f80, 0x3d5061175680, {0xaaaafc35e0e8, 0x3d505cbcf4c0}, 0x3d505b64db90, 0x3d507de651a0}, {{0xaaaafc19e260, 0x3d505f9d9500}}, ...}, ...)","cloud/control2/frontend/handler/handler.go:312 +0x60 google3/cloud/control2/frontend/handler/handler.init.func63({0xaaaafc32b1e8?, _}, {{0xffff5276b570, 0x3d505dc95b00}, {0x3d505aee8f80, 0x3d5061175680, {0xaaaafc35e0e8, 0x3d505cbcf4c0}, 0x3d505b64db90, 0x3d507de651a0}, ...}, ...)","cloud/control2/frontend/handler/handler.go:307 +0xf4 google3/cloud/control2/frontend/handler/handler.Handler.HandleRequest({{0xffff5276b570, 0x3d505dc95b00}, {0x3d505aee8f80, 0x3d5061175680, {0xaaaafc35e0e8, 0x3d505cbcf4c0}, 0x3d505b64db90, 0x3d507de651a0}, {{0xaaaafc19e260, 0x3d505f9d9500}}, ...}, ...)","cloud/control2/frontend/server/request_handler.go:170 +0xc4 google3/cloud/control2/frontend/server/requesthandler.init.func1({0xaaaafc32b1e8?, 0x3d506ea164e0?}, 0x3d506abe4a00, 0x3d5081d43000, 0x3d5081d43040, 0x3d5081d43080)","cloud/control2/frontend/server/request_handler.go:143 +0x4f4 google3/cloud/control2/frontend/server/requesthandler.(*Handler).handleRequestWithFullMethodName(0x3d506abe4a00, {0xaaaafc32b1e8, 0x3d506ea163c0}, 0x3d507e2dd5c0, 0x3d507ff251d0, 0x3d5078231cf8, {0x0?, 0x0?})","cloud/control2/frontend/server/request_handler.go:88 +0x378 google3/cloud/control2/frontend/server/requesthandler.(*Handler).handleRequest(0x3d506abe4a00, {0xaaaafc32b1e8, 0x3d506ea163c0}, 0x3d507ff251d0, 0x3d5078231cf8)","cloud/control2/frontend/server/request_handler.go:66 +0xa4 google3/cloud/control2/frontend/server/requesthandler.init.func2({0xaaaafc32b1e8?, 0x3d506ea163c0?}, 0x3d507cd3dea9?, 0x3d5060090393?, 0x3d507cd3deb4?)","cloud/control2/frontend/server/request_handler.go:54 +0x40 google3/cloud/control2/frontend/server/requesthandler.(*Handler).handle(0x4?, {0xaaaafc32b1e8, 0x3d506ea163c0}, 0xffffaf75d108?, 0x3d50789a1808?)","cloud/control2/shared/genericrpc/service.go:171 +0x3a8 google3/cloud/control2/shared/genericrpc/genericrpc.(*Dispatcher).DefaultMethodHandler(0x3d506712bda0, {0xaaaafc32b1e8, 0x3d506ea163c0}, 0x3d507ff251d0)","net/rpc/go/stream.go:1180 +0x4c google3/net/rpc/go/rpc.runStreamHandler({0xaaaafc32b1e8?, 0x3d506ea163c0?}, 0x3d507ff251d0?, {0x0?, 0x0?}, {0xaaaafc343170, 0x3d507e8b8550})","net/goa/rpc/rpchandler.go:100 +0x3b8 google3/net/goa/rpc/rpchandler.ExecHandlerSubset({0xaaaafc32b1e8?, 0x3d507b8558f0?}, 0x3d5079c6f518)","net/goa/rpc/rpchandler.go:327 +0x7f0 google3/net/goa/rpc/rpchandler.(*closedRegistry).hook(0x3d5068576100, {0xaaaafc32b508, 0x3d506332cc60}, 0x3d507ef1de00)","production/fireaxe/go/filters/rpcserverinterceptor.go:62 +0x258 google3/production/fireaxe/go/filters/rpcserverinterceptor.(*Interceptor).MakeHook-fm.(*Interceptor).MakeHook.func2({0xaaaafc32b508, 0x3d506332cc60}, 0x3d507ef1de00)"],"detail":"Gen1 operation for function projects/prompt-battle-c5e6a/locations/us-central1/functions/grantBattlePassXp failed: Build failed: Build error details not available.Please check the logs at https://console.cloud.google.com/cloud-build/builds;region=us-central1/358f9f43-30dd-40b2-987b-87318dc75c35?project=329010584107. Please visit https://cloud.google.com/functions/docs/troubleshooting#build for in-depth troubleshooting documentation for build related errors.."}]}}
[debug] [2026-03-17T05:51:53.411Z] Got source token undefined for region us-central1
[error] Gen1 operation for function projects/prompt-battle-c5e6a/locations/us-central1/functions/grantBattlePassXp failed: Build failed: Build error details not available.Please check the logs at https://console.cloud.google.com/cloud-build/builds;region=us-central1/358f9f43-30dd-40b2-987b-87318dc75c35?project=329010584107. Please visit https://cloud.google.com/functions/docs/troubleshooting#build for in-depth troubleshooting documentation for build related errors..
[debug] [2026-03-17T05:51:53.433Z] <<< [apiv2][status] GET https://cloudfunctions.googleapis.com/v1/operations/cHJvamVjdHMvcHJvbXB0LWJhdHRsZS1jNWU2YS9sb2NhdGlvbnMvdXMtY2VudHJhbDEvb3BlcmF0aW9ucy9vcGVyYXRpb24tMTc3MzcyNjY3NjE2Mi02NGQzMWVjNzYxOGQ1LTA4ZTRkYjMyLTY1NWNhZjNh 200
[debug] [2026-03-17T05:51:53.433Z] <<< [apiv2][body] GET https://cloudfunctions.googleapis.com/v1/operations/cHJvamVjdHMvcHJvbXB0LWJhdHRsZS1jNWU2YS9sb2NhdGlvbnMvdXMtY2VudHJhbDEvb3BlcmF0aW9ucy9vcGVyYXRpb24tMTc3MzcyNjY3NjE2Mi02NGQzMWVjNzYxOGQ1LTA4ZTRkYjMyLTY1NWNhZjNh {"name":"operations/cHJvamVjdHMvcHJvbXB0LWJhdHRsZS1jNWU2YS9sb2NhdGlvbnMvdXMtY2VudHJhbDEvb3BlcmF0aW9ucy9vcGVyYXRpb24tMTc3MzcyNjY3NjE2Mi02NGQzMWVjNzYxOGQ1LTA4ZTRkYjMyLTY1NWNhZjNh","metadata":{"@type":"type.googleapis.com/google.cloud.functions.v1.OperationMetadataV1","target":"projects/prompt-battle-c5e6a/locations/us-central1/functions/completePayment","type":"CREATE_FUNCTION","request":{"@type":"type.googleapis.com/google.cloud.functions.v1.CloudFunction","name":"projects/prompt-battle-c5e6a/locations/us-central1/functions/completePayment","httpsTrigger":{"securityLevel":"SECURE_ALWAYS"},"entryPoint":"completePayment","updateTime":"1970-01-01T00:00:00Z","labels":{"deployment-tool":"cli-firebase","firebase-functions-hash":"d4fa81547bac1ca707eb0988d534e987f547df30"},"sourceUploadUrl":"https://storage.googleapis.com/uploads-763700285092.us-central1.cloudfunctions.appspot.com/8f0a08e6-ee58-4376-90f5-a123a31d90fb.zip?GoogleAccessId=service-329010584107@gcf-admin-robot.iam.gserviceaccount.com&Expires=1773728448&Signature=wPYDBa3v9T%2BzEdJcwe58wa%2BOF31A3I8IU4soZsWOuLLq8KY6rTCw9a0Q%2FG88%2BTUOtnzfuuIvbP%2FN%2FfjWKkkMuORIKJ0FLc8yC9gEzL%2FAXEFWfeReHwGJ%2BHxGE%2FpnE4GcuYshlG86F7fKbBpidvkYKu%2BhJJ5ViD5MBrntGkTB%2BosFIV0kdqs%2FvxPh2eTY5H60WGoGozw2uSzb6OhkN7sRFd9%2FCjozGwlS3ZGtRfyaPt1YTGFEP0%2BltvBZvVSFRsNnEFh2RkhLFUl0JSY8%2FOtbL6p5D5bVQAbBbJj1bnNHXaS6VhcuLCa6NhW3pZSCaWWXXyxBEGHgHJVMOU%2FU9XbNsg%3D%3D","environmentVariables":{"FIREBASE_CONFIG":"{\"projectId\":\"prompt-battle-c5e6a\",\"databaseURL\":\"https://prompt-battle-c5e6a-default-rtdb.firebaseio.com\",\"storageBucket\":\"prompt-battle-c5e6a.firebasestorage.app\"}","GCLOUD_PROJECT":"prompt-battle-c5e6a","EVENTARC_CLOUD_EVENT_SOURCE":"projects/prompt-battle-c5e6a/locations/us-central1/functions/completePayment"},"runtime":"nodejs20","buildEnvironmentVariables":{"GOOGLE_NODE_RUN_SCRIPTS":""},"dockerRegistry":"ARTIFACT_REGISTRY"},"versionId":"1","updateTime":"2026-03-17T05:51:16.492032866Z","buildId":"7b2ebc4a-123f-4fd7-8d00-87a1fd6f7578","buildName":"projects/329010584107/locations/us-central1/builds/7b2ebc4a-123f-4fd7-8d00-87a1fd6f7578"}}
[debug] [2026-03-17T05:51:53.433Z] <<< [apiv2][status] GET https://cloudfunctions.googleapis.com/v1/operations/cHJvamVjdHMvcHJvbXB0LWJhdHRsZS1jNWU2YS9sb2NhdGlvbnMvdXMtY2VudHJhbDEvb3BlcmF0aW9ucy9vcGVyYXRpb24tMTc3MzcyNjY3NjIwMC02NGQzMWVjNzZhYjcyLWY4ZjEyNjc4LWFlOWVmNDJm 200
[debug] [2026-03-17T05:51:53.433Z] <<< [apiv2][body] GET https://cloudfunctions.googleapis.com/v1/operations/cHJvamVjdHMvcHJvbXB0LWJhdHRsZS1jNWU2YS9sb2NhdGlvbnMvdXMtY2VudHJhbDEvb3BlcmF0aW9ucy9vcGVyYXRpb24tMTc3MzcyNjY3NjIwMC02NGQzMWVjNzZhYjcyLWY4ZjEyNjc4LWFlOWVmNDJm {"name":"operations/cHJvamVjdHMvcHJvbXB0LWJhdHRsZS1jNWU2YS9sb2NhdGlvbnMvdXMtY2VudHJhbDEvb3BlcmF0aW9ucy9vcGVyYXRpb24tMTc3MzcyNjY3NjIwMC02NGQzMWVjNzZhYjcyLWY4ZjEyNjc4LWFlOWVmNDJm","metadata":{"@type":"type.googleapis.com/google.cloud.functions.v1.OperationMetadataV1","target":"projects/prompt-battle-c5e6a/locations/us-central1/functions/grantXp","type":"CREATE_FUNCTION","request":{"@type":"type.googleapis.com/google.cloud.functions.v1.CloudFunction","name":"projects/prompt-battle-c5e6a/locations/us-central1/functions/grantXp","httpsTrigger":{"securityLevel":"SECURE_ALWAYS"},"entryPoint":"grantXp","updateTime":"1970-01-01T00:00:00Z","labels":{"deployment-tool":"cli-firebase","firebase-functions-hash":"d4fa81547bac1ca707eb0988d534e987f547df30"},"sourceUploadUrl":"https://storage.googleapis.com/uploads-763700285092.us-central1.cloudfunctions.appspot.com/8f0a08e6-ee58-4376-90f5-a123a31d90fb.zip?GoogleAccessId=service-329010584107@gcf-admin-robot.iam.gserviceaccount.com&Expires=1773728448&Signature=wPYDBa3v9T%2BzEdJcwe58wa%2BOF31A3I8IU4soZsWOuLLq8KY6rTCw9a0Q%2FG88%2BTUOtnzfuuIvbP%2FN%2FfjWKkkMuORIKJ0FLc8yC9gEzL%2FAXEFWfeReHwGJ%2BHxGE%2FpnE4GcuYshlG86F7fKbBpidvkYKu%2BhJJ5ViD5MBrntGkTB%2BosFIV0kdqs%2FvxPh2eTY5H60WGoGozw2uSzb6OhkN7sRFd9%2FCjozGwlS3ZGtRfyaPt1YTGFEP0%2BltvBZvVSFRsNnEFh2RkhLFUl0JSY8%2FOtbL6p5D5bVQAbBbJj1bnNHXaS6VhcuLCa6NhW3pZSCaWWXXyxBEGHgHJVMOU%2FU9XbNsg%3D%3D","environmentVariables":{"FIREBASE_CONFIG":"{\"projectId\":\"prompt-battle-c5e6a\",\"databaseURL\":\"https://prompt-battle-c5e6a-default-rtdb.firebaseio.com\",\"storageBucket\":\"prompt-battle-c5e6a.firebasestorage.app\"}","GCLOUD_PROJECT":"prompt-battle-c5e6a","EVENTARC_CLOUD_EVENT_SOURCE":"projects/prompt-battle-c5e6a/locations/us-central1/functions/grantXp"},"runtime":"nodejs20","buildEnvironmentVariables":{"GOOGLE_NODE_RUN_SCRIPTS":""},"dockerRegistry":"ARTIFACT_REGISTRY"},"versionId":"1","updateTime":"2026-03-17T05:51:16.501918760Z","buildId":"cb69b0aa-2495-40fc-bc3f-46147cea9b2c","buildName":"projects/329010584107/locations/us-central1/builds/cb69b0aa-2495-40fc-bc3f-46147cea9b2c"}}
[debug] [2026-03-17T05:51:53.540Z] <<< [apiv2][status] GET https://cloudfunctions.googleapis.com/v1/operations/cHJvamVjdHMvcHJvbXB0LWJhdHRsZS1jNWU2YS9sb2NhdGlvbnMvdXMtY2VudHJhbDEvb3BlcmF0aW9ucy9vcGVyYXRpb24tMTc3MzcyNjY3NjE5NC02NGQzMWVjNzY5NDc3LWE2ZWY0MGE1LWZhYTg3YjBm 200
[debug] [2026-03-17T05:51:53.540Z] <<< [apiv2][body] GET https://cloudfunctions.googleapis.com/v1/operations/cHJvamVjdHMvcHJvbXB0LWJhdHRsZS1jNWU2YS9sb2NhdGlvbnMvdXMtY2VudHJhbDEvb3BlcmF0aW9ucy9vcGVyYXRpb24tMTc3MzcyNjY3NjE5NC02NGQzMWVjNzY5NDc3LWE2ZWY0MGE1LWZhYTg3YjBm {"name":"operations/cHJvamVjdHMvcHJvbXB0LWJhdHRsZS1jNWU2YS9sb2NhdGlvbnMvdXMtY2VudHJhbDEvb3BlcmF0aW9ucy9vcGVyYXRpb24tMTc3MzcyNjY3NjE5NC02NGQzMWVjNzY5NDc3LWE2ZWY0MGE1LWZhYTg3YjBm","metadata":{"@type":"type.googleapis.com/google.cloud.functions.v1.OperationMetadataV1","target":"projects/prompt-battle-c5e6a/locations/us-central1/functions/redeemItchKey","type":"CREATE_FUNCTION","request":{"@type":"type.googleapis.com/google.cloud.functions.v1.CloudFunction","name":"projects/prompt-battle-c5e6a/locations/us-central1/functions/redeemItchKey","httpsTrigger":{"securityLevel":"SECURE_ALWAYS"},"entryPoint":"redeemItchKey","updateTime":"1970-01-01T00:00:00Z","labels":{"deployment-tool":"cli-firebase","firebase-functions-hash":"d4fa81547bac1ca707eb0988d534e987f547df30"},"sourceUploadUrl":"https://storage.googleapis.com/uploads-763700285092.us-central1.cloudfunctions.appspot.com/8f0a08e6-ee58-4376-90f5-a123a31d90fb.zip?GoogleAccessId=service-329010584107@gcf-admin-robot.iam.gserviceaccount.com&Expires=1773728448&Signature=wPYDBa3v9T%2BzEdJcwe58wa%2BOF31A3I8IU4soZsWOuLLq8KY6rTCw9a0Q%2FG88%2BTUOtnzfuuIvbP%2FN%2FfjWKkkMuORIKJ0FLc8yC9gEzL%2FAXEFWfeReHwGJ%2BHxGE%2FpnE4GcuYshlG86F7fKbBpidvkYKu%2BhJJ5ViD5MBrntGkTB%2BosFIV0kdqs%2FvxPh2eTY5H60WGoGozw2uSzb6OhkN7sRFd9%2FCjozGwlS3ZGtRfyaPt1YTGFEP0%2BltvBZvVSFRsNnEFh2RkhLFUl0JSY8%2FOtbL6p5D5bVQAbBbJj1bnNHXaS6VhcuLCa6NhW3pZSCaWWXXyxBEGHgHJVMOU%2FU9XbNsg%3D%3D","environmentVariables":{"FIREBASE_CONFIG":"{\"projectId\":\"prompt-battle-c5e6a\",\"databaseURL\":\"https://prompt-battle-c5e6a-default-rtdb.firebaseio.com\",\"storageBucket\":\"prompt-battle-c5e6a.firebasestorage.app\"}","GCLOUD_PROJECT":"prompt-battle-c5e6a","EVENTARC_CLOUD_EVENT_SOURCE":"projects/prompt-battle-c5e6a/locations/us-central1/functions/redeemItchKey"},"runtime":"nodejs20","buildEnvironmentVariables":{"GOOGLE_NODE_RUN_SCRIPTS":""},"dockerRegistry":"ARTIFACT_REGISTRY"},"versionId":"1","updateTime":"2026-03-17T05:51:16.544539883Z","buildId":"ae8416aa-8285-4c9a-b448-2e5e6e8a8a79","buildName":"projects/329010584107/locations/us-central1/builds/ae8416aa-8285-4c9a-b448-2e5e6e8a8a79"}}
[debug] [2026-03-17T05:51:53.541Z] <<< [apiv2][status] GET https://cloudfunctions.googleapis.com/v1/operations/cHJvamVjdHMvcHJvbXB0LWJhdHRsZS1jNWU2YS9sb2NhdGlvbnMvdXMtY2VudHJhbDEvb3BlcmF0aW9ucy9vcGVyYXRpb24tMTc3MzcyNjY3NjE5Ny02NGQzMWVjNzZhMWI4LTFhNDVhMDVkLTI3Y2NmN2Ji 200
[debug] [2026-03-17T05:51:53.541Z] <<< [apiv2][body] GET https://cloudfunctions.googleapis.com/v1/operations/cHJvamVjdHMvcHJvbXB0LWJhdHRsZS1jNWU2YS9sb2NhdGlvbnMvdXMtY2VudHJhbDEvb3BlcmF0aW9ucy9vcGVyYXRpb24tMTc3MzcyNjY3NjE5Ny02NGQzMWVjNzZhMWI4LTFhNDVhMDVkLTI3Y2NmN2Ji {"name":"operations/cHJvamVjdHMvcHJvbXB0LWJhdHRsZS1jNWU2YS9sb2NhdGlvbnMvdXMtY2VudHJhbDEvb3BlcmF0aW9ucy9vcGVyYXRpb24tMTc3MzcyNjY3NjE5Ny02NGQzMWVjNzZhMWI4LTFhNDVhMDVkLTI3Y2NmN2Ji","metadata":{"@type":"type.googleapis.com/google.cloud.functions.v1.OperationMetadataV1","target":"projects/prompt-battle-c5e6a/locations/us-central1/functions/itchAppAuth","type":"CREATE_FUNCTION","request":{"@type":"type.googleapis.com/google.cloud.functions.v1.CloudFunction","name":"projects/prompt-battle-c5e6a/locations/us-central1/functions/itchAppAuth","httpsTrigger":{"securityLevel":"SECURE_ALWAYS"},"entryPoint":"itchAppAuth","updateTime":"1970-01-01T00:00:00Z","labels":{"deployment-tool":"cli-firebase","firebase-functions-hash":"d4fa81547bac1ca707eb0988d534e987f547df30"},"sourceUploadUrl":"https://storage.googleapis.com/uploads-763700285092.us-central1.cloudfunctions.appspot.com/8f0a08e6-ee58-4376-90f5-a123a31d90fb.zip?GoogleAccessId=service-329010584107@gcf-admin-robot.iam.gserviceaccount.com&Expires=1773728448&Signature=wPYDBa3v9T%2BzEdJcwe58wa%2BOF31A3I8IU4soZsWOuLLq8KY6rTCw9a0Q%2FG88%2BTUOtnzfuuIvbP%2FN%2FfjWKkkMuORIKJ0FLc8yC9gEzL%2FAXEFWfeReHwGJ%2BHxGE%2FpnE4GcuYshlG86F7fKbBpidvkYKu%2BhJJ5ViD5MBrntGkTB%2BosFIV0kdqs%2FvxPh2eTY5H60WGoGozw2uSzb6OhkN7sRFd9%2FCjozGwlS3ZGtRfyaPt1YTGFEP0%2BltvBZvVSFRsNnEFh2RkhLFUl0JSY8%2FOtbL6p5D5bVQAbBbJj1bnNHXaS6VhcuLCa6NhW3pZSCaWWXXyxBEGHgHJVMOU%2FU9XbNsg%3D%3D","environmentVariables":{"FIREBASE_CONFIG":"{\"projectId\":\"prompt-battle-c5e6a\",\"databaseURL\":\"https://prompt-battle-c5e6a-default-rtdb.firebaseio.com\",\"storageBucket\":\"prompt-battle-c5e6a.firebasestorage.app\"}","GCLOUD_PROJECT":"prompt-battle-c5e6a","EVENTARC_CLOUD_EVENT_SOURCE":"projects/prompt-battle-c5e6a/locations/us-central1/functions/itchAppAuth"},"runtime":"nodejs20","buildEnvironmentVariables":{"GOOGLE_NODE_RUN_SCRIPTS":""},"dockerRegistry":"ARTIFACT_REGISTRY"},"versionId":"1","updateTime":"2026-03-17T05:51:44.463388283Z","buildId":"7ef76630-9ebb-42c0-82ee-89c447dba4c9","buildName":"projects/329010584107/locations/us-central1/builds/7ef76630-9ebb-42c0-82ee-89c447dba4c9"},"done":true,"error":{"code":13,"message":"Gen1 operation for function projects/prompt-battle-c5e6a/locations/us-central1/functions/itchAppAuth failed: Build failed: Build error details not available.Please check the logs at https://console.cloud.google.com/cloud-build/builds;region=us-central1/7ef76630-9ebb-42c0-82ee-89c447dba4c9?project=329010584107. Please visit https://cloud.google.com/functions/docs/troubleshooting#build for in-depth troubleshooting documentation for build related errors..","details":[{"@type":"type.googleapis.com/google.rpc.DebugInfo","stackEntries":["cloud/control2/shared/userfriendly/userfriendly_helpers.go:66 +0x24 google3/cloud/control2/shared/userfriendly/userfriendly.DebugInfoWithMessage({0x524ed154f680, 0x1c8})","cloud/control2/frontend/storedata/public_operation.go:256 +0xc0 google3/cloud/control2/frontend/storedata/publicoperation.toOperationError({0xaaaac872b1e8, 0x524eb7c91c50}, 0x524eb083dab8?, 0x8?)","cloud/control2/frontend/storedata/public_operation.go:122 +0x314 google3/cloud/control2/frontend/storedata/publicoperation.ToPublic({0xaaaac872b1e8, 0x524eb7c91c50}, 0x524eb083dab8, 0x524eabf3f808, 0x524ecb836d80, 0x524ea13aa630)","cloud/control2/frontend/converters/operation_converter.go:46 +0x78 google3/cloud/control2/frontend/converters/operationconverter.(*OperationConverter).ConvertResource(0x524ec3ce9450, {0xaaaac872b1e8, 0x524eb7c91c50}, {0xaaaac873a740, 0x524eb083dab8}, 0x524ea23c5e40?, 0x524ea13aa630?)","cloud/control2/frontend/handler/get.go:220 +0x1450 google3/cloud/control2/frontend/handler/handler.Handler.handleGet({{0xffff31c33608, 0x524ea31c4c00}, {0x524ea443dca0, 0x524ea671cdc0, {0xaaaac875e0e8, 0x524ea23c5e40}, 0x524ea13aa630, 0x524ea8c03e60}, {{0xaaaac859e260, 0x524ea5a42780}}, ...}, ...)","cloud/control2/frontend/handler/handler_init.go:511 +0x68 google3/cloud/control2/frontend/handler/handler.init.func55({_, _}, {0x524ece896b08, 0x524eb4bb4870, 0x0, 0x0, 0x0, 0x0, 0x524ed1893180, 0x524ed18931c0, ...})","cloud/control2/frontend/handler/handler_init.go:273 +0x64 google3/cloud/control2/frontend/handler/handler.RegularInitializer.initGetMethodStates.func2({_, _}, {0x524ece896b08, 0x524eb4bb4870, 0x0, 0x0, 0x0, 0x0, 0x524ed1893180, 0x524ed18931c0, ...})","cloud/control2/frontend/handler/handler.go:328 google3/cloud/control2/frontend/handler/handler.Handler.start.func1(...)","cloud/control2/frontend/handler/handler.go:329 +0x254 google3/cloud/control2/frontend/handler/handler.Handler.start({{0xffff31c33608, 0x524ea31c4c00}, {0x524ea443dca0, 0x524ea671cdc0, {0xaaaac875e0e8, 0x524ea23c5e40}, 0x524ea13aa630, 0x524ea8c03e60}, {{0xaaaac859e260, 0x524ea5a42780}}, ...}, ...)","cloud/control2/frontend/handler/handler.go:312 +0x60 google3/cloud/control2/frontend/handler/handler.init.func63({0xaaaac872b1e8?, _}, {{0xffff31c33608, 0x524ea31c4c00}, {0x524ea443dca0, 0x524ea671cdc0, {0xaaaac875e0e8, 0x524ea23c5e40}, 0x524ea13aa630, 0x524ea8c03e60}, ...}, ...)","cloud/control2/frontend/handler/handler.go:307 +0xf4 google3/cloud/control2/frontend/handler/handler.Handler.HandleRequest({{0xffff31c33608, 0x524ea31c4c00}, {0x524ea443dca0, 0x524ea671cdc0, {0xaaaac875e0e8, 0x524ea23c5e40}, 0x524ea13aa630, 0x524ea8c03e60}, {{0xaaaac859e260, 0x524ea5a42780}}, ...}, ...)","cloud/control2/frontend/server/request_handler.go:170 +0xc4 google3/cloud/control2/frontend/server/requesthandler.init.func1({0xaaaac872b1e8?, 0x524ebfa7d1d0?}, 0x524e9e1b6e00, 0x524ed1893140, 0x524ed1893180, 0x524ed18931c0)","cloud/control2/frontend/server/request_handler.go:143 +0x4f4 google3/cloud/control2/frontend/server/requesthandler.(*Handler).handleRequestWithFullMethodName(0x524e9e1b6e00, {0xaaaac872b1e8, 0x524ebfa7cff0}, 0x524ebab9bc80, 0x524eb00ffd40, 0x524eb4bb47b0, {0x0?, 0x0?})","cloud/control2/frontend/server/request_handler.go:88 +0x378 google3/cloud/control2/frontend/server/requesthandler.(*Handler).handleRequest(0x524e9e1b6e00, {0xaaaac872b1e8, 0x524ebfa7cff0}, 0x524eb00ffd40, 0x524eb4bb47b0)","cloud/control2/frontend/server/request_handler.go:66 +0xa4 google3/cloud/control2/frontend/server/requesthandler.init.func2({0xaaaac872b1e8?, 0x524ebfa7cff0?}, 0x524ed4ed4589?, 0x524edaeb5c33?, 0x524ed4ed4594?)","cloud/control2/frontend/server/request_handler.go:54 +0x40 google3/cloud/control2/frontend/server/requesthandler.(*Handler).handle(0x4?, {0xaaaac872b1e8, 0x524ebfa7cff0}, 0xffff8d6febf0?, 0x524eb0d93808?)","cloud/control2/shared/genericrpc/service.go:171 +0x3a8 google3/cloud/control2/shared/genericrpc/genericrpc.(*Dispatcher).DefaultMethodHandler(0x524eaaec8600, {0xaaaac872b1e8, 0x524ebfa7cff0}, 0x524eb00ffd40)","net/rpc/go/stream.go:1180 +0x4c google3/net/rpc/go/rpc.runStreamHandler({0xaaaac872b1e8?, 0x524ebfa7cff0?}, 0x524eb00ffd40?, {0x0?, 0x0?}, {0xaaaac8743170, 0x524ec3ce82d0})","net/goa/rpc/rpchandler.go:100 +0x3b8 google3/net/goa/rpc/rpchandler.ExecHandlerSubset({0xaaaac872b1e8?, 0x524ece8bd590?}, 0x524eb9029518)","net/goa/rpc/rpchandler.go:327 +0x7f0 google3/net/goa/rpc/rpchandler.(*closedRegistry).hook(0x524ea37a27e0, {0xaaaac872b508, 0x524ec43f5080}, 0x524ea5956300)","production/fireaxe/go/filters/rpcserverinterceptor.go:62 +0x258 google3/production/fireaxe/go/filters/rpcserverinterceptor.(*Interceptor).MakeHook-fm.(*Interceptor).MakeHook.func2({0xaaaac872b508, 0x524ec43f5080}, 0x524ea5956300)"],"detail":"Gen1 operation for function projects/prompt-battle-c5e6a/locations/us-central1/functions/itchAppAuth failed: Build failed: Build error details not available.Please check the logs at https://console.cloud.google.com/cloud-build/builds;region=us-central1/7ef76630-9ebb-42c0-82ee-89c447dba4c9?project=329010584107. Please visit https://cloud.google.com/functions/docs/troubleshooting#build for in-depth troubleshooting documentation for build related errors.."}]}}
[debug] [2026-03-17T05:51:53.542Z] Got source token undefined for region us-central1
[error] Gen1 operation for function projects/prompt-battle-c5e6a/locations/us-central1/functions/itchAppAuth failed: Build failed: Build error details not available.Please check the logs at https://console.cloud.google.com/cloud-build/builds;region=us-central1/7ef76630-9ebb-42c0-82ee-89c447dba4c9?project=329010584107. Please visit https://cloud.google.com/functions/docs/troubleshooting#build for in-depth troubleshooting documentation for build related errors..
[debug] [2026-03-17T05:51:53.546Z] <<< [apiv2][status] GET https://cloudfunctions.googleapis.com/v1/operations/cHJvamVjdHMvcHJvbXB0LWJhdHRsZS1jNWU2YS9sb2NhdGlvbnMvdXMtY2VudHJhbDEvb3BlcmF0aW9ucy9vcGVyYXRpb24tMTc3MzcyNjY3NjIxNy02NGQzMWVjNzZlZjI4LWU1MWQ2Mzk1LTYwZjNmZjhj 200
[debug] [2026-03-17T05:51:53.546Z] <<< [apiv2][body] GET https://cloudfunctions.googleapis.com/v1/operations/cHJvamVjdHMvcHJvbXB0LWJhdHRsZS1jNWU2YS9sb2NhdGlvbnMvdXMtY2VudHJhbDEvb3BlcmF0aW9ucy9vcGVyYXRpb24tMTc3MzcyNjY3NjIxNy02NGQzMWVjNzZlZjI4LWU1MWQ2Mzk1LTYwZjNmZjhj {"name":"operations/cHJvamVjdHMvcHJvbXB0LWJhdHRsZS1jNWU2YS9sb2NhdGlvbnMvdXMtY2VudHJhbDEvb3BlcmF0aW9ucy9vcGVyYXRpb24tMTc3MzcyNjY3NjIxNy02NGQzMWVjNzZlZjI4LWU1MWQ2Mzk1LTYwZjNmZjhj","metadata":{"@type":"type.googleapis.com/google.cloud.functions.v1.OperationMetadataV1","target":"projects/prompt-battle-c5e6a/locations/us-central1/functions/onPlayerJoinQueue","type":"CREATE_FUNCTION","request":{"@type":"type.googleapis.com/google.cloud.functions.v1.CloudFunction","name":"projects/prompt-battle-c5e6a/locations/us-central1/functions/onPlayerJoinQueue","eventTrigger":{"eventType":"providers/google.firebase.database/eventTypes/ref.create","resource":"projects/_/instances/prompt-battle-c5e6a-default-rtdb/refs/matchmaking/queue/{playerId}","failurePolicy":{}},"entryPoint":"onPlayerJoinQueue","updateTime":"1970-01-01T00:00:00Z","labels":{"deployment-tool":"cli-firebase","firebase-functions-hash":"d4fa81547bac1ca707eb0988d534e987f547df30"},"sourceUploadUrl":"https://storage.googleapis.com/uploads-763700285092.us-central1.cloudfunctions.appspot.com/8f0a08e6-ee58-4376-90f5-a123a31d90fb.zip?GoogleAccessId=service-329010584107@gcf-admin-robot.iam.gserviceaccount.com&Expires=1773728448&Signature=wPYDBa3v9T%2BzEdJcwe58wa%2BOF31A3I8IU4soZsWOuLLq8KY6rTCw9a0Q%2FG88%2BTUOtnzfuuIvbP%2FN%2FfjWKkkMuORIKJ0FLc8yC9gEzL%2FAXEFWfeReHwGJ%2BHxGE%2FpnE4GcuYshlG86F7fKbBpidvkYKu%2BhJJ5ViD5MBrntGkTB%2BosFIV0kdqs%2FvxPh2eTY5H60WGoGozw2uSzb6OhkN7sRFd9%2FCjozGwlS3ZGtRfyaPt1YTGFEP0%2BltvBZvVSFRsNnEFh2RkhLFUl0JSY8%2FOtbL6p5D5bVQAbBbJj1bnNHXaS6VhcuLCa6NhW3pZSCaWWXXyxBEGHgHJVMOU%2FU9XbNsg%3D%3D","environmentVariables":{"FIREBASE_CONFIG":"{\"projectId\":\"prompt-battle-c5e6a\",\"databaseURL\":\"https://prompt-battle-c5e6a-default-rtdb.firebaseio.com\",\"storageBucket\":\"prompt-battle-c5e6a.firebasestorage.app\"}","GCLOUD_PROJECT":"prompt-battle-c5e6a","EVENTARC_CLOUD_EVENT_SOURCE":"projects/prompt-battle-c5e6a/locations/us-central1/functions/onPlayerJoinQueue"},"runtime":"nodejs20","buildEnvironmentVariables":{"GOOGLE_NODE_RUN_SCRIPTS":""},"dockerRegistry":"ARTIFACT_REGISTRY"},"versionId":"1","updateTime":"2026-03-17T05:51:43.277077102Z","buildId":"6bb313a0-9775-4efb-af89-b4febe3af2e1","buildName":"projects/329010584107/locations/us-central1/builds/6bb313a0-9775-4efb-af89-b4febe3af2e1"},"done":true,"error":{"code":13,"message":"Gen1 operation for function projects/prompt-battle-c5e6a/locations/us-central1/functions/onPlayerJoinQueue failed: Build failed: Build error details not available.Please check the logs at https://console.cloud.google.com/cloud-build/builds;region=us-central1/6bb313a0-9775-4efb-af89-b4febe3af2e1?project=329010584107. Please visit https://cloud.google.com/functions/docs/troubleshooting#build for in-depth troubleshooting documentation for build related errors..","details":[{"@type":"type.googleapis.com/google.rpc.DebugInfo","stackEntries":["cloud/control2/shared/userfriendly/userfriendly_helpers.go:66 +0x25 google3/cloud/control2/shared/userfriendly/userfriendly.DebugInfoWithMessage({0x28f582c5f4a0, 0x1ce})","cloud/control2/frontend/storedata/public_operation.go:256 +0xd1 google3/cloud/control2/frontend/storedata/publicoperation.toOperationError({0x560da1f2b2c8, 0x28f59660a300}, 0x28f593aab1d0?, 0x88?)","cloud/control2/frontend/storedata/public_operation.go:122 +0x3c5 google3/cloud/control2/frontend/storedata/publicoperation.ToPublic({0x560da1f2b2c8, 0x28f59660a300}, 0x28f593aab1d0, 0x28f588e6f588, 0x28f588317c20, 0x28f56833b7a0)","cloud/control2/frontend/converters/operation_converter.go:46 +0xa7 google3/cloud/control2/frontend/converters/operationconverter.(*OperationConverter).ConvertResource(0x28f576baf630, {0x560da1f2b2c8, 0x28f59660a300}, {0x560da1f3a7e0, 0x28f593aab1d0}, 0x28f568690bc0?, 0x28f56833b7a0?)","cloud/control2/frontend/handler/get.go:220 +0x1e13 google3/cloud/control2/frontend/handler/handler.Handler.handleGet({{0x7f9b0dd49128, 0x28f56a74d540}, {0x28f567111a60, 0x28f5698da480, {0x560da1f5e188, 0x28f568690bc0}, 0x28f56833b7a0, 0x28f58aeda180}, {{0x560da1d9e340, 0x28f56e240880}}, ...}, ...)","cloud/control2/frontend/handler/handler_init.go:511 +0xaa google3/cloud/control2/frontend/handler/handler.init.func55({_, _}, {0x28f596f36c08, 0x28f5736d8fa8, 0x0, 0x0, 0x0, 0x0, 0x28f589a4c7c0, 0x28f589a4c800, ...})","cloud/control2/frontend/handler/handler_init.go:273 +0x85 google3/cloud/control2/frontend/handler/handler.RegularInitializer.initGetMethodStates.func2({_, _}, {0x28f596f36c08, 0x28f5736d8fa8, 0x0, 0x0, 0x0, 0x0, 0x28f589a4c7c0, 0x28f589a4c800, ...})","cloud/control2/frontend/handler/handler.go:328 google3/cloud/control2/frontend/handler/handler.Handler.start.func1(...)","cloud/control2/frontend/handler/handler.go:329 +0x396 google3/cloud/control2/frontend/handler/handler.Handler.start({{0x7f9b0dd49128, 0x28f56a74d540}, {0x28f567111a60, 0x28f5698da480, {0x560da1f5e188, 0x28f568690bc0}, 0x28f56833b7a0, 0x28f58aeda180}, {{0x560da1d9e340, 0x28f56e240880}}, ...}, ...)","cloud/control2/frontend/handler/handler.go:312 +0x92 google3/cloud/control2/frontend/handler/handler.init.func63({0x560da1f2b2c8?, _}, {{0x7f9b0dd49128, 0x28f56a74d540}, {0x28f567111a60, 0x28f5698da480, {0x560da1f5e188, 0x28f568690bc0}, 0x28f56833b7a0, 0x28f58aeda180}, ...}, ...)","cloud/control2/frontend/handler/handler.go:307 +0x179 google3/cloud/control2/frontend/handler/handler.Handler.HandleRequest({{0x7f9b0dd49128, 0x28f56a74d540}, {0x28f567111a60, 0x28f5698da480, {0x560da1f5e188, 0x28f568690bc0}, 0x28f56833b7a0, 0x28f58aeda180}, {{0x560da1d9e340, 0x28f56e240880}}, ...}, ...)","cloud/control2/frontend/server/request_handler.go:170 +0x145 google3/cloud/control2/frontend/server/requesthandler.init.func1({0x560da1f2b2c8?, 0x28f577982ab0?}, 0x28f578841b00, 0x28f589a4c780, 0x28f589a4c7c0, 0x28f589a4c800)","cloud/control2/frontend/server/request_handler.go:143 +0x6a3 google3/cloud/control2/frontend/server/requesthandler.(*Handler).handleRequestWithFullMethodName(0x28f578841b00, {0x560da1f2b2c8, 0x28f577982900}, 0x28f5892e2380, 0x28f583ff4c60, 0x28f5736d8f00, {0x0?, 0x1000000?})","cloud/control2/frontend/server/request_handler.go:88 +0x41f google3/cloud/control2/frontend/server/requesthandler.(*Handler).handleRequest(0x28f578841b00, {0x560da1f2b2c8, 0x28f577982900}, 0x28f583ff4c60, 0x28f5736d8f00)","cloud/control2/frontend/server/request_handler.go:66 +0xd4 google3/cloud/control2/frontend/server/requesthandler.init.func2({0x560da1f2b2c8?, 0x28f577982900?}, 0x560d995cf0a5?, 0x28f585d26f90?, 0x28f585d26f38?)","cloud/control2/frontend/server/request_handler.go:54 +0x38 google3/cloud/control2/frontend/server/requesthandler.(*Handler).handle(0x4?, {0x560da1f2b2c8, 0x28f577982900}, 0x28f579942808?, 0x28f5736d8f00?)","cloud/control2/shared/genericrpc/service.go:171 +0x3f9 google3/cloud/control2/shared/genericrpc/genericrpc.(*Dispatcher).DefaultMethodHandler(0x28f578a09320, {0x560da1f2b2c8, 0x28f577982900}, 0x28f583ff4c60)","net/rpc/go/stream.go:1180 +0x43 google3/net/rpc/go/rpc.runStreamHandler({0x560da1f2b2c8?, 0x28f577982900?}, 0x28f583ff4c60?, {0x0?, 0x0?}, {0x560da1f43210, 0x28f58bac76d0})","net/goa/rpc/rpchandler.go:100 +0x502 google3/net/goa/rpc/rpchandler.ExecHandlerSubset({0x560da1f2b2c8?, 0x28f573dc96e0?}, 0x28f592e33538)","net/goa/rpc/rpchandler.go:327 +0xa1f google3/net/goa/rpc/rpchandler.(*closedRegistry).hook(0x28f566234ba0, {0x560da1f2b5e8, 0x28f587ee4120}, 0x28f589066f00)","production/fireaxe/go/filters/rpcserverinterceptor.go:62 +0x342 google3/production/fireaxe/go/filters/rpcserverinterceptor.(*Interceptor).MakeHook-fm.(*Interceptor).MakeHook.func2({0x560da1f2b5e8, 0x28f587ee4120}, 0x28f589066f00)"],"detail":"Gen1 operation for function projects/prompt-battle-c5e6a/locations/us-central1/functions/onPlayerJoinQueue failed: Build failed: Build error details not available.Please check the logs at https://console.cloud.google.com/cloud-build/builds;region=us-central1/6bb313a0-9775-4efb-af89-b4febe3af2e1?project=329010584107. Please visit https://cloud.google.com/functions/docs/troubleshooting#build for in-depth troubleshooting documentation for build related errors.."}]}}
[debug] [2026-03-17T05:51:53.546Z] Got source token undefined for region us-central1
[error] Gen1 operation for function projects/prompt-battle-c5e6a/locations/us-central1/functions/onPlayerJoinQueue failed: Build failed: Build error details not available.Please check the logs at https://console.cloud.google.com/cloud-build/builds;region=us-central1/6bb313a0-9775-4efb-af89-b4febe3af2e1?project=329010584107. Please visit https://cloud.google.com/functions/docs/troubleshooting#build for in-depth troubleshooting documentation for build related errors..
[debug] [2026-03-17T05:51:53.547Z] <<< [apiv2][status] GET https://cloudfunctions.googleapis.com/v1/operations/cHJvamVjdHMvcHJvbXB0LWJhdHRsZS1jNWU2YS9sb2NhdGlvbnMvdXMtY2VudHJhbDEvb3BlcmF0aW9ucy9vcGVyYXRpb24tMTc3MzcyNjY3NjE4Ny02NGQzMWVjNzY3N2Y5LTZmNTFlNzMxLWNmYjczZDgz 200
[debug] [2026-03-17T05:51:53.547Z] <<< [apiv2][body] GET https://cloudfunctions.googleapis.com/v1/operations/cHJvamVjdHMvcHJvbXB0LWJhdHRsZS1jNWU2YS9sb2NhdGlvbnMvdXMtY2VudHJhbDEvb3BlcmF0aW9ucy9vcGVyYXRpb24tMTc3MzcyNjY3NjE4Ny02NGQzMWVjNzY3N2Y5LTZmNTFlNzMxLWNmYjczZDgz {"name":"operations/cHJvamVjdHMvcHJvbXB0LWJhdHRsZS1jNWU2YS9sb2NhdGlvbnMvdXMtY2VudHJhbDEvb3BlcmF0aW9ucy9vcGVyYXRpb24tMTc3MzcyNjY3NjE4Ny02NGQzMWVjNzY3N2Y5LTZmNTFlNzMxLWNmYjczZDgz","metadata":{"@type":"type.googleapis.com/google.cloud.functions.v1.OperationMetadataV1","target":"projects/prompt-battle-c5e6a/locations/us-central1/functions/grantGlory","type":"CREATE_FUNCTION","request":{"@type":"type.googleapis.com/google.cloud.functions.v1.CloudFunction","name":"projects/prompt-battle-c5e6a/locations/us-central1/functions/grantGlory","httpsTrigger":{"securityLevel":"SECURE_ALWAYS"},"entryPoint":"grantGlory","updateTime":"1970-01-01T00:00:00Z","labels":{"deployment-tool":"cli-firebase","firebase-functions-hash":"d4fa81547bac1ca707eb0988d534e987f547df30"},"sourceUploadUrl":"https://storage.googleapis.com/uploads-763700285092.us-central1.cloudfunctions.appspot.com/8f0a08e6-ee58-4376-90f5-a123a31d90fb.zip?GoogleAccessId=service-329010584107@gcf-admin-robot.iam.gserviceaccount.com&Expires=1773728448&Signature=wPYDBa3v9T%2BzEdJcwe58wa%2BOF31A3I8IU4soZsWOuLLq8KY6rTCw9a0Q%2FG88%2BTUOtnzfuuIvbP%2FN%2FfjWKkkMuORIKJ0FLc8yC9gEzL%2FAXEFWfeReHwGJ%2BHxGE%2FpnE4GcuYshlG86F7fKbBpidvkYKu%2BhJJ5ViD5MBrntGkTB%2BosFIV0kdqs%2FvxPh2eTY5H60WGoGozw2uSzb6OhkN7sRFd9%2FCjozGwlS3ZGtRfyaPt1YTGFEP0%2BltvBZvVSFRsNnEFh2RkhLFUl0JSY8%2FOtbL6p5D5bVQAbBbJj1bnNHXaS6VhcuLCa6NhW3pZSCaWWXXyxBEGHgHJVMOU%2FU9XbNsg%3D%3D","environmentVariables":{"FIREBASE_CONFIG":"{\"projectId\":\"prompt-battle-c5e6a\",\"databaseURL\":\"https://prompt-battle-c5e6a-default-rtdb.firebaseio.com\",\"storageBucket\":\"prompt-battle-c5e6a.firebasestorage.app\"}","GCLOUD_PROJECT":"prompt-battle-c5e6a","EVENTARC_CLOUD_EVENT_SOURCE":"projects/prompt-battle-c5e6a/locations/us-central1/functions/grantGlory"},"runtime":"nodejs20","buildEnvironmentVariables":{"GOOGLE_NODE_RUN_SCRIPTS":""},"dockerRegistry":"ARTIFACT_REGISTRY"},"versionId":"1","updateTime":"2026-03-17T05:51:16.540514037Z","buildId":"714add40-5199-408c-8d5a-8b37209a094b","buildName":"projects/329010584107/locations/us-central1/builds/714add40-5199-408c-8d5a-8b37209a094b"}}
[debug] [2026-03-17T05:51:53.548Z] <<< [apiv2][status] GET https://cloudfunctions.googleapis.com/v1/operations/cHJvamVjdHMvcHJvbXB0LWJhdHRsZS1jNWU2YS9sb2NhdGlvbnMvdXMtY2VudHJhbDEvb3BlcmF0aW9ucy9vcGVyYXRpb24tMTc3MzcyNjY3NjIwMi02NGQzMWVjNzZiNWYwLTE4YTQxYWRhLTU1ZmU5NmVk 200
[debug] [2026-03-17T05:51:53.548Z] <<< [apiv2][body] GET https://cloudfunctions.googleapis.com/v1/operations/cHJvamVjdHMvcHJvbXB0LWJhdHRsZS1jNWU2YS9sb2NhdGlvbnMvdXMtY2VudHJhbDEvb3BlcmF0aW9ucy9vcGVyYXRpb24tMTc3MzcyNjY3NjIwMi02NGQzMWVjNzZiNWYwLTE4YTQxYWRhLTU1ZmU5NmVk {"name":"operations/cHJvamVjdHMvcHJvbXB0LWJhdHRsZS1jNWU2YS9sb2NhdGlvbnMvdXMtY2VudHJhbDEvb3BlcmF0aW9ucy9vcGVyYXRpb24tMTc3MzcyNjY3NjIwMi02NGQzMWVjNzZiNWYwLTE4YTQxYWRhLTU1ZmU5NmVk","metadata":{"@type":"type.googleapis.com/google.cloud.functions.v1.OperationMetadataV1","target":"projects/prompt-battle-c5e6a/locations/us-central1/functions/itchOAuthCallback","type":"CREATE_FUNCTION","request":{"@type":"type.googleapis.com/google.cloud.functions.v1.CloudFunction","name":"projects/prompt-battle-c5e6a/locations/us-central1/functions/itchOAuthCallback","httpsTrigger":{"securityLevel":"SECURE_ALWAYS"},"entryPoint":"itchOAuthCallback","updateTime":"1970-01-01T00:00:00Z","labels":{"deployment-tool":"cli-firebase","firebase-functions-hash":"d4fa81547bac1ca707eb0988d534e987f547df30"},"sourceUploadUrl":"https://storage.googleapis.com/uploads-763700285092.us-central1.cloudfunctions.appspot.com/8f0a08e6-ee58-4376-90f5-a123a31d90fb.zip?GoogleAccessId=service-329010584107@gcf-admin-robot.iam.gserviceaccount.com&Expires=1773728448&Signature=wPYDBa3v9T%2BzEdJcwe58wa%2BOF31A3I8IU4soZsWOuLLq8KY6rTCw9a0Q%2FG88%2BTUOtnzfuuIvbP%2FN%2FfjWKkkMuORIKJ0FLc8yC9gEzL%2FAXEFWfeReHwGJ%2BHxGE%2FpnE4GcuYshlG86F7fKbBpidvkYKu%2BhJJ5ViD5MBrntGkTB%2BosFIV0kdqs%2FvxPh2eTY5H60WGoGozw2uSzb6OhkN7sRFd9%2FCjozGwlS3ZGtRfyaPt1YTGFEP0%2BltvBZvVSFRsNnEFh2RkhLFUl0JSY8%2FOtbL6p5D5bVQAbBbJj1bnNHXaS6VhcuLCa6NhW3pZSCaWWXXyxBEGHgHJVMOU%2FU9XbNsg%3D%3D","environmentVariables":{"FIREBASE_CONFIG":"{\"projectId\":\"prompt-battle-c5e6a\",\"databaseURL\":\"https://prompt-battle-c5e6a-default-rtdb.firebaseio.com\",\"storageBucket\":\"prompt-battle-c5e6a.firebasestorage.app\"}","GCLOUD_PROJECT":"prompt-battle-c5e6a","EVENTARC_CLOUD_EVENT_SOURCE":"projects/prompt-battle-c5e6a/locations/us-central1/functions/itchOAuthCallback"},"runtime":"nodejs20","buildEnvironmentVariables":{"GOOGLE_NODE_RUN_SCRIPTS":""},"dockerRegistry":"ARTIFACT_REGISTRY"},"versionId":"1","updateTime":"2026-03-17T05:51:43.790918091Z","buildId":"3c20ebd1-601a-4f70-969a-5884dda2155a","buildName":"projects/329010584107/locations/us-central1/builds/3c20ebd1-601a-4f70-969a-5884dda2155a"},"done":true,"error":{"code":13,"message":"Gen1 operation for function projects/prompt-battle-c5e6a/locations/us-central1/functions/itchOAuthCallback failed: Build failed: Build error details not available.Please check the logs at https://console.cloud.google.com/cloud-build/builds;region=us-central1/3c20ebd1-601a-4f70-969a-5884dda2155a?project=329010584107. Please visit https://cloud.google.com/functions/docs/troubleshooting#build for in-depth troubleshooting documentation for build related errors..","details":[{"@type":"type.googleapis.com/google.rpc.DebugInfo","stackEntries":["cloud/control2/shared/userfriendly/userfriendly_helpers.go:66 +0x25 google3/cloud/control2/shared/userfriendly/userfriendly.DebugInfoWithMessage({0x3a2e37b870e0, 0x1ce})","cloud/control2/frontend/storedata/public_operation.go:256 +0xd1 google3/cloud/control2/frontend/storedata/publicoperation.toOperationError({0x55db58b2b2c8, 0x3a2e470d2db0}, 0x3a2e3fc42018?, 0x80?)","cloud/control2/frontend/storedata/public_operation.go:122 +0x3c5 google3/cloud/control2/frontend/storedata/publicoperation.ToPublic({0x55db58b2b2c8, 0x3a2e470d2db0}, 0x3a2e3fc42018, 0x3a2e1b5ae480, 0x3a2e3588fdd0, 0x3a2e0a586630)","cloud/control2/frontend/converters/operation_converter.go:46 +0xa7 google3/cloud/control2/frontend/converters/operationconverter.(*OperationConverter).ConvertResource(0x3a2e2ac246e0, {0x55db58b2b2c8, 0x3a2e470d2db0}, {0x55db58b3a7e0, 0x3a2e3fc42018}, 0x3a2e0fb57ec0?, 0x3a2e0a586630?)","cloud/control2/frontend/handler/get.go:220 +0x1e13 google3/cloud/control2/frontend/handler/handler.Handler.handleGet({{0x7f1b5f537f40, 0x3a2e0c0230c0}, {0x3a2e1303c320, 0x3a2e1141a890, {0x55db58b5e188, 0x3a2e0fb57ec0}, 0x3a2e0a586630, 0x3a2e2bcb1740}, {{0x55db5899e340, 0x3a2e126e6300}}, ...}, ...)","cloud/control2/frontend/handler/handler_init.go:511 +0xaa google3/cloud/control2/frontend/handler/handler.init.func55({_, _}, {0x3a2e353ecb08, 0x3a2e1afac798, 0x0, 0x0, 0x0, 0x0, 0x3a2e2ccd5180, 0x3a2e2ccd51c0, ...})","cloud/control2/frontend/handler/handler_init.go:273 +0x85 google3/cloud/control2/frontend/handler/handler.RegularInitializer.initGetMethodStates.func2({_, _}, {0x3a2e353ecb08, 0x3a2e1afac798, 0x0, 0x0, 0x0, 0x0, 0x3a2e2ccd5180, 0x3a2e2ccd51c0, ...})","cloud/control2/frontend/handler/handler.go:328 google3/cloud/control2/frontend/handler/handler.Handler.start.func1(...)","cloud/control2/frontend/handler/handler.go:329 +0x396 google3/cloud/control2/frontend/handler/handler.Handler.start({{0x7f1b5f537f40, 0x3a2e0c0230c0}, {0x3a2e1303c320, 0x3a2e1141a890, {0x55db58b5e188, 0x3a2e0fb57ec0}, 0x3a2e0a586630, 0x3a2e2bcb1740}, {{0x55db5899e340, 0x3a2e126e6300}}, ...}, ...)","cloud/control2/frontend/handler/handler.go:312 +0x92 google3/cloud/control2/frontend/handler/handler.init.func63({0x55db58b2b2c8?, _}, {{0x7f1b5f537f40, 0x3a2e0c0230c0}, {0x3a2e1303c320, 0x3a2e1141a890, {0x55db58b5e188, 0x3a2e0fb57ec0}, 0x3a2e0a586630, 0x3a2e2bcb1740}, ...}, ...)","cloud/control2/frontend/handler/handler.go:307 +0x179 google3/cloud/control2/frontend/handler/handler.Handler.HandleRequest({{0x7f1b5f537f40, 0x3a2e0c0230c0}, {0x3a2e1303c320, 0x3a2e1141a890, {0x55db58b5e188, 0x3a2e0fb57ec0}, 0x3a2e0a586630, 0x3a2e2bcb1740}, {{0x55db5899e340, 0x3a2e126e6300}}, ...}, ...)","cloud/control2/frontend/server/request_handler.go:170 +0x145 google3/cloud/control2/frontend/server/requesthandler.init.func1({0x55db58b2b2c8?, 0x3a2e19e464e0?}, 0x3a2e18e04b00, 0x3a2e2ccd5140, 0x3a2e2ccd5180, 0x3a2e2ccd51c0)","cloud/control2/frontend/server/request_handler.go:143 +0x6a3 google3/cloud/control2/frontend/server/requesthandler.(*Handler).handleRequestWithFullMethodName(0x3a2e18e04b00, {0x55db58b2b2c8, 0x3a2e19e46210}, 0x3a2e2ccd4400, 0x3a2e1afac0f0, 0x3a2e1afac6d8, {0x0?, 0x1000000?})","cloud/control2/frontend/server/request_handler.go:88 +0x41f google3/cloud/control2/frontend/server/requesthandler.(*Handler).handleRequest(0x3a2e18e04b00, {0x55db58b2b2c8, 0x3a2e19e46210}, 0x3a2e1afac0f0, 0x3a2e1afac6d8)","cloud/control2/frontend/server/request_handler.go:66 +0xd4 google3/cloud/control2/frontend/server/requesthandler.init.func2({0x55db58b2b2c8?, 0x3a2e19e46210?}, 0x55db501cf0a5?, 0x55db4e998842?, 0x3a2e0a876f38?)","cloud/control2/frontend/server/request_handler.go:54 +0x38 google3/cloud/control2/frontend/server/requesthandler.(*Handler).handle(0x1?, {0x55db58b2b2c8, 0x3a2e19e46210}, 0x3a2e3283e808?, 0x3a2e1afac6d8?)","cloud/control2/shared/genericrpc/service.go:171 +0x3f9 google3/cloud/control2/shared/genericrpc/genericrpc.(*Dispatcher).DefaultMethodHandler(0x3a2e18e22db0, {0x55db58b2b2c8, 0x3a2e19e46210}, 0x3a2e1afac0f0)","net/rpc/go/stream.go:1180 +0x43 google3/net/rpc/go/rpc.runStreamHandler({0x55db58b2b2c8?, 0x3a2e19e46210?}, 0x3a2e1afac0f0?, {0x0?, 0x0?}, {0x55db58b43210, 0x3a2e26af8ff0})","net/goa/rpc/rpchandler.go:100 +0x502 google3/net/goa/rpc/rpchandler.ExecHandlerSubset({0x55db58b2b2c8?, 0x3a2e28462ff0?}, 0x3a2e17cfb538)","net/goa/rpc/rpchandler.go:327 +0xa1f google3/net/goa/rpc/rpchandler.(*closedRegistry).hook(0x3a2e0c023c20, {0x55db58b2b5e8, 0x3a2e2bcb04e0}, 0x3a2e2e4aab00)","production/fireaxe/go/filters/rpcserverinterceptor.go:62 +0x342 google3/production/fireaxe/go/filters/rpcserverinterceptor.(*Interceptor).MakeHook-fm.(*Interceptor).MakeHook.func2({0x55db58b2b5e8, 0x3a2e2bcb04e0}, 0x3a2e2e4aab00)"],"detail":"Gen1 operation for function projects/prompt-battle-c5e6a/locations/us-central1/functions/itchOAuthCallback failed: Build failed: Build error details not available.Please check the logs at https://console.cloud.google.com/cloud-build/builds;region=us-central1/3c20ebd1-601a-4f70-969a-5884dda2155a?project=329010584107. Please visit https://cloud.google.com/functions/docs/troubleshooting#build for in-depth troubleshooting documentation for build related errors.."}]}}
[debug] [2026-03-17T05:51:53.548Z] Got source token undefined for region us-central1
[error] Gen1 operation for function projects/prompt-battle-c5e6a/locations/us-central1/functions/itchOAuthCallback failed: Build failed: Build error details not available.Please check the logs at https://console.cloud.google.com/cloud-build/builds;region=us-central1/3c20ebd1-601a-4f70-969a-5884dda2155a?project=329010584107. Please visit https://cloud.google.com/functions/docs/troubleshooting#build for in-depth troubleshooting documentation for build related errors..
[debug] [2026-03-17T05:51:53.550Z] <<< [apiv2][status] GET https://cloudfunctions.googleapis.com/v1/operations/cHJvamVjdHMvcHJvbXB0LWJhdHRsZS1jNWU2YS9sb2NhdGlvbnMvdXMtY2VudHJhbDEvb3BlcmF0aW9ucy9vcGVyYXRpb24tMTc3MzcyNjY3NjIxMy02NGQzMWVjNzZlMGI3LWI4MTQ0NTA4LTcxYWExMDkw 200
[debug] [2026-03-17T05:51:53.550Z] <<< [apiv2][body] GET https://cloudfunctions.googleapis.com/v1/operations/cHJvamVjdHMvcHJvbXB0LWJhdHRsZS1jNWU2YS9sb2NhdGlvbnMvdXMtY2VudHJhbDEvb3BlcmF0aW9ucy9vcGVyYXRpb24tMTc3MzcyNjY3NjIxMy02NGQzMWVjNzZlMGI3LWI4MTQ0NTA4LTcxYWExMDkw {"name":"operations/cHJvamVjdHMvcHJvbXB0LWJhdHRsZS1jNWU2YS9sb2NhdGlvbnMvdXMtY2VudHJhbDEvb3BlcmF0aW9ucy9vcGVyYXRpb24tMTc3MzcyNjY3NjIxMy02NGQzMWVjNzZlMGI3LWI4MTQ0NTA4LTcxYWExMDkw","metadata":{"@type":"type.googleapis.com/google.cloud.functions.v1.OperationMetadataV1","target":"projects/prompt-battle-c5e6a/locations/us-central1/functions/purchaseItem","type":"CREATE_FUNCTION","request":{"@type":"type.googleapis.com/google.cloud.functions.v1.CloudFunction","name":"projects/prompt-battle-c5e6a/locations/us-central1/functions/purchaseItem","httpsTrigger":{"securityLevel":"SECURE_ALWAYS"},"entryPoint":"purchaseItem","updateTime":"1970-01-01T00:00:00Z","labels":{"deployment-tool":"cli-firebase","firebase-functions-hash":"d4fa81547bac1ca707eb0988d534e987f547df30"},"sourceUploadUrl":"https://storage.googleapis.com/uploads-763700285092.us-central1.cloudfunctions.appspot.com/8f0a08e6-ee58-4376-90f5-a123a31d90fb.zip?GoogleAccessId=service-329010584107@gcf-admin-robot.iam.gserviceaccount.com&Expires=1773728448&Signature=wPYDBa3v9T%2BzEdJcwe58wa%2BOF31A3I8IU4soZsWOuLLq8KY6rTCw9a0Q%2FG88%2BTUOtnzfuuIvbP%2FN%2FfjWKkkMuORIKJ0FLc8yC9gEzL%2FAXEFWfeReHwGJ%2BHxGE%2FpnE4GcuYshlG86F7fKbBpidvkYKu%2BhJJ5ViD5MBrntGkTB%2BosFIV0kdqs%2FvxPh2eTY5H60WGoGozw2uSzb6OhkN7sRFd9%2FCjozGwlS3ZGtRfyaPt1YTGFEP0%2BltvBZvVSFRsNnEFh2RkhLFUl0JSY8%2FOtbL6p5D5bVQAbBbJj1bnNHXaS6VhcuLCa6NhW3pZSCaWWXXyxBEGHgHJVMOU%2FU9XbNsg%3D%3D","environmentVariables":{"FIREBASE_CONFIG":"{\"projectId\":\"prompt-battle-c5e6a\",\"databaseURL\":\"https://prompt-battle-c5e6a-default-rtdb.firebaseio.com\",\"storageBucket\":\"prompt-battle-c5e6a.firebasestorage.app\"}","GCLOUD_PROJECT":"prompt-battle-c5e6a","EVENTARC_CLOUD_EVENT_SOURCE":"projects/prompt-battle-c5e6a/locations/us-central1/functions/purchaseItem"},"runtime":"nodejs20","buildEnvironmentVariables":{"GOOGLE_NODE_RUN_SCRIPTS":""},"dockerRegistry":"ARTIFACT_REGISTRY"},"versionId":"1","updateTime":"2026-03-17T05:51:43.313942990Z","buildId":"c843c11c-1cd2-4788-9590-779f80d8f635","buildName":"projects/329010584107/locations/us-central1/builds/c843c11c-1cd2-4788-9590-779f80d8f635"},"done":true,"error":{"code":13,"message":"Gen1 operation for function projects/prompt-battle-c5e6a/locations/us-central1/functions/purchaseItem failed: Build failed: Build error details not available.Please check the logs at https://console.cloud.google.com/cloud-build/builds;region=us-central1/c843c11c-1cd2-4788-9590-779f80d8f635?project=329010584107. Please visit https://cloud.google.com/functions/docs/troubleshooting#build for in-depth troubleshooting documentation for build related errors..","details":[{"@type":"type.googleapis.com/google.rpc.DebugInfo","stackEntries":["cloud/control2/shared/userfriendly/userfriendly_helpers.go:66 +0x25 google3/cloud/control2/shared/userfriendly/userfriendly.DebugInfoWithMessage({0x23ebf102c3c0, 0x1c9})","cloud/control2/frontend/storedata/public_operation.go:256 +0xd1 google3/cloud/control2/frontend/storedata/publicoperation.toOperationError({0x560a5312b2c8, 0x23ebe432b470}, 0x23ebcb898618?, 0xb0?)","cloud/control2/frontend/storedata/public_operation.go:122 +0x3c5 google3/cloud/control2/frontend/storedata/publicoperation.ToPublic({0x560a5312b2c8, 0x23ebe432b470}, 0x23ebcb898618, 0x23ec4cfdc8b0, 0x23ebebf0e870, 0x23ebc850f3b0)","cloud/control2/frontend/converters/operation_converter.go:46 +0xa7 google3/cloud/control2/frontend/converters/operationconverter.(*OperationConverter).ConvertResource(0x23ebd81e54f0, {0x560a5312b2c8, 0x23ebe432b470}, {0x560a5313a7e0, 0x23ebcb898618}, 0x23ebcfc6ae00?, 0x23ebc850f3b0?)","cloud/control2/frontend/handler/get.go:220 +0x1e13 google3/cloud/control2/frontend/handler/handler.Handler.handleGet({{0x7f556af1e800, 0x23ebcaf82300}, {0x23ebcfe909a0, 0x23ebd0672000, {0x560a5315e188, 0x23ebcfc6ae00}, 0x23ebc850f3b0, 0x23ebd02ea660}, {{0x560a52f9e340, 0x23ebd16ca300}}, ...}, ...)","cloud/control2/frontend/handler/handler_init.go:511 +0xaa google3/cloud/control2/frontend/handler/handler.init.func55({_, _}, {0x23ebe100f608, 0x23ebd8962e88, 0x0, 0x0, 0x0, 0x0, 0x23ebf6011c80, 0x23ebf6011cc0, ...})","cloud/control2/frontend/handler/handler_init.go:273 +0x85 google3/cloud/control2/frontend/handler/handler.RegularInitializer.initGetMethodStates.func2({_, _}, {0x23ebe100f608, 0x23ebd8962e88, 0x0, 0x0, 0x0, 0x0, 0x23ebf6011c80, 0x23ebf6011cc0, ...})","cloud/control2/frontend/handler/handler.go:328 google3/cloud/control2/frontend/handler/handler.Handler.start.func1(...)","cloud/control2/frontend/handler/handler.go:329 +0x396 google3/cloud/control2/frontend/handler/handler.Handler.start({{0x7f556af1e800, 0x23ebcaf82300}, {0x23ebcfe909a0, 0x23ebd0672000, {0x560a5315e188, 0x23ebcfc6ae00}, 0x23ebc850f3b0, 0x23ebd02ea660}, {{0x560a52f9e340, 0x23ebd16ca300}}, ...}, ...)","cloud/control2/frontend/handler/handler.go:312 +0x92 google3/cloud/control2/frontend/handler/handler.init.func63({0x560a5312b2c8?, _}, {{0x7f556af1e800, 0x23ebcaf82300}, {0x23ebcfe909a0, 0x23ebd0672000, {0x560a5315e188, 0x23ebcfc6ae00}, 0x23ebc850f3b0, 0x23ebd02ea660}, ...}, ...)","cloud/control2/frontend/handler/handler.go:307 +0x179 google3/cloud/control2/frontend/handler/handler.Handler.HandleRequest({{0x7f556af1e800, 0x23ebcaf82300}, {0x23ebcfe909a0, 0x23ebd0672000, {0x560a5315e188, 0x23ebcfc6ae00}, 0x23ebc850f3b0, 0x23ebd02ea660}, {{0x560a52f9e340, 0x23ebd16ca300}}, ...}, ...)","cloud/control2/frontend/server/request_handler.go:170 +0x145 google3/cloud/control2/frontend/server/requesthandler.init.func1({0x560a5312b2c8?, 0x23ebf2c3a750?}, 0x23ebc65eb200, 0x23ebf6011c40, 0x23ebf6011c80, 0x23ebf6011cc0)","cloud/control2/frontend/server/request_handler.go:143 +0x6a3 google3/cloud/control2/frontend/server/requesthandler.(*Handler).handleRequestWithFullMethodName(0x23ebc65eb200, {0x560a5312b2c8, 0x23ebf2c3a600}, 0x23ebf5ecd8c0, 0x23ebf439d218, 0x23ebd8962de0, {0x0?, 0x1000000?})","cloud/control2/frontend/server/request_handler.go:88 +0x41f google3/cloud/control2/frontend/server/requesthandler.(*Handler).handleRequest(0x23ebc65eb200, {0x560a5312b2c8, 0x23ebf2c3a600}, 0x23ebf439d218, 0x23ebd8962de0)","cloud/control2/frontend/server/request_handler.go:66 +0xd4 google3/cloud/control2/frontend/server/requesthandler.init.func2({0x560a5312b2c8?, 0x23ebf2c3a600?}, 0x560a4a7cf0a5?, 0x7f55d6d3c2f8?, 0x23ebddbacf38?)","cloud/control2/frontend/server/request_handler.go:54 +0x38 google3/cloud/control2/frontend/server/requesthandler.(*Handler).handle(0x1?, {0x560a5312b2c8, 0x23ebf2c3a600}, 0x23ebc2ce0808?, 0x23ebd8962de0?)","cloud/control2/shared/genericrpc/service.go:171 +0x3f9 google3/cloud/control2/shared/genericrpc/genericrpc.(*Dispatcher).DefaultMethodHandler(0x23ebd0461cb0, {0x560a5312b2c8, 0x23ebf2c3a600}, 0x23ebf439d218)","net/rpc/go/stream.go:1180 +0x43 google3/net/rpc/go/rpc.runStreamHandler({0x560a5312b2c8?, 0x23ebf2c3a600?}, 0x23ebf439d218?, {0x0?, 0x0?}, {0x560a53143210, 0x23ebdf4dc910})","net/goa/rpc/rpchandler.go:100 +0x502 google3/net/goa/rpc/rpchandler.ExecHandlerSubset({0x560a5312b2c8?, 0x23ebf98359b0?}, 0x23ebeaaa3538)","net/goa/rpc/rpchandler.go:327 +0xa1f google3/net/goa/rpc/rpchandler.(*closedRegistry).hook(0x23ebd1ffd2c0, {0x560a5312b5e8, 0x23ebcc2673e0}, 0x23ebe8426b80)","production/fireaxe/go/filters/rpcserverinterceptor.go:62 +0x342 google3/production/fireaxe/go/filters/rpcserverinterceptor.(*Interceptor).MakeHook-fm.(*Interceptor).MakeHook.func2({0x560a5312b5e8, 0x23ebcc2673e0}, 0x23ebe8426b80)"],"detail":"Gen1 operation for function projects/prompt-battle-c5e6a/locations/us-central1/functions/purchaseItem failed: Build failed: Build error details not available.Please check the logs at https://console.cloud.google.com/cloud-build/builds;region=us-central1/c843c11c-1cd2-4788-9590-779f80d8f635?project=329010584107. Please visit https://cloud.google.com/functions/docs/troubleshooting#build for in-depth troubleshooting documentation for build related errors.."}]}}
[debug] [2026-03-17T05:51:53.550Z] Got source token undefined for region us-central1
[error] Gen1 operation for function projects/prompt-battle-c5e6a/locations/us-central1/functions/purchaseItem failed: Build failed: Build error details not available.Please check the logs at https://console.cloud.google.com/cloud-build/builds;region=us-central1/c843c11c-1cd2-4788-9590-779f80d8f635?project=329010584107. Please visit https://cloud.google.com/functions/docs/troubleshooting#build for in-depth troubleshooting documentation for build related errors..
[debug] [2026-03-17T05:52:03.437Z] [create-default-us-central1-completePayment] Retrying task index 0
[debug] [2026-03-17T05:52:03.437Z] Checked if tokens are valid: true, expires at: 1773729535384
[debug] [2026-03-17T05:52:03.437Z] Checked if tokens are valid: true, expires at: 1773729535384
[debug] [2026-03-17T05:52:03.437Z] >>> [apiv2][query] GET https://cloudfunctions.googleapis.com/v1/operations/cHJvamVjdHMvcHJvbXB0LWJhdHRsZS1jNWU2YS9sb2NhdGlvbnMvdXMtY2VudHJhbDEvb3BlcmF0aW9ucy9vcGVyYXRpb24tMTc3MzcyNjY3NjE2Mi02NGQzMWVjNzYxOGQ1LTA4ZTRkYjMyLTY1NWNhZjNh [none]
[debug] [2026-03-17T05:52:03.438Z] [create-default-us-central1-grantXp] Retrying task index 0
[debug] [2026-03-17T05:52:03.438Z] Checked if tokens are valid: true, expires at: 1773729535384
[debug] [2026-03-17T05:52:03.438Z] Checked if tokens are valid: true, expires at: 1773729535384
[debug] [2026-03-17T05:52:03.439Z] >>> [apiv2][query] GET https://cloudfunctions.googleapis.com/v1/operations/cHJvamVjdHMvcHJvbXB0LWJhdHRsZS1jNWU2YS9sb2NhdGlvbnMvdXMtY2VudHJhbDEvb3BlcmF0aW9ucy9vcGVyYXRpb24tMTc3MzcyNjY3NjIwMC02NGQzMWVjNzZhYjcyLWY4ZjEyNjc4LWFlOWVmNDJm [none]
[debug] [2026-03-17T05:52:03.545Z] [create-default-us-central1-redeemItchKey] Retrying task index 0
[debug] [2026-03-17T05:52:03.545Z] Checked if tokens are valid: true, expires at: 1773729535384
[debug] [2026-03-17T05:52:03.545Z] Checked if tokens are valid: true, expires at: 1773729535384
[debug] [2026-03-17T05:52:03.545Z] >>> [apiv2][query] GET https://cloudfunctions.googleapis.com/v1/operations/cHJvamVjdHMvcHJvbXB0LWJhdHRsZS1jNWU2YS9sb2NhdGlvbnMvdXMtY2VudHJhbDEvb3BlcmF0aW9ucy9vcGVyYXRpb24tMTc3MzcyNjY3NjE5NC02NGQzMWVjNzY5NDc3LWE2ZWY0MGE1LWZhYTg3YjBm [none]
[debug] [2026-03-17T05:52:03.560Z] [create-default-us-central1-grantGlory] Retrying task index 0
[debug] [2026-03-17T05:52:03.560Z] Checked if tokens are valid: true, expires at: 1773729535384
[debug] [2026-03-17T05:52:03.560Z] Checked if tokens are valid: true, expires at: 1773729535384
[debug] [2026-03-17T05:52:03.560Z] >>> [apiv2][query] GET https://cloudfunctions.googleapis.com/v1/operations/cHJvamVjdHMvcHJvbXB0LWJhdHRsZS1jNWU2YS9sb2NhdGlvbnMvdXMtY2VudHJhbDEvb3BlcmF0aW9ucy9vcGVyYXRpb24tMTc3MzcyNjY3NjE4Ny02NGQzMWVjNzY3N2Y5LTZmNTFlNzMxLWNmYjczZDgz [none]
[debug] [2026-03-17T05:52:03.624Z] <<< [apiv2][status] GET https://cloudfunctions.googleapis.com/v1/operations/cHJvamVjdHMvcHJvbXB0LWJhdHRsZS1jNWU2YS9sb2NhdGlvbnMvdXMtY2VudHJhbDEvb3BlcmF0aW9ucy9vcGVyYXRpb24tMTc3MzcyNjY3NjE2Mi02NGQzMWVjNzYxOGQ1LTA4ZTRkYjMyLTY1NWNhZjNh 200
[debug] [2026-03-17T05:52:03.624Z] <<< [apiv2][body] GET https://cloudfunctions.googleapis.com/v1/operations/cHJvamVjdHMvcHJvbXB0LWJhdHRsZS1jNWU2YS9sb2NhdGlvbnMvdXMtY2VudHJhbDEvb3BlcmF0aW9ucy9vcGVyYXRpb24tMTc3MzcyNjY3NjE2Mi02NGQzMWVjNzYxOGQ1LTA4ZTRkYjMyLTY1NWNhZjNh {"name":"operations/cHJvamVjdHMvcHJvbXB0LWJhdHRsZS1jNWU2YS9sb2NhdGlvbnMvdXMtY2VudHJhbDEvb3BlcmF0aW9ucy9vcGVyYXRpb24tMTc3MzcyNjY3NjE2Mi02NGQzMWVjNzYxOGQ1LTA4ZTRkYjMyLTY1NWNhZjNh","metadata":{"@type":"type.googleapis.com/google.cloud.functions.v1.OperationMetadataV1","target":"projects/prompt-battle-c5e6a/locations/us-central1/functions/completePayment","type":"CREATE_FUNCTION","request":{"@type":"type.googleapis.com/google.cloud.functions.v1.CloudFunction","name":"projects/prompt-battle-c5e6a/locations/us-central1/functions/completePayment","httpsTrigger":{"securityLevel":"SECURE_ALWAYS"},"entryPoint":"completePayment","updateTime":"1970-01-01T00:00:00Z","labels":{"deployment-tool":"cli-firebase","firebase-functions-hash":"d4fa81547bac1ca707eb0988d534e987f547df30"},"sourceUploadUrl":"https://storage.googleapis.com/uploads-763700285092.us-central1.cloudfunctions.appspot.com/8f0a08e6-ee58-4376-90f5-a123a31d90fb.zip?GoogleAccessId=service-329010584107@gcf-admin-robot.iam.gserviceaccount.com&Expires=1773728448&Signature=wPYDBa3v9T%2BzEdJcwe58wa%2BOF31A3I8IU4soZsWOuLLq8KY6rTCw9a0Q%2FG88%2BTUOtnzfuuIvbP%2FN%2FfjWKkkMuORIKJ0FLc8yC9gEzL%2FAXEFWfeReHwGJ%2BHxGE%2FpnE4GcuYshlG86F7fKbBpidvkYKu%2BhJJ5ViD5MBrntGkTB%2BosFIV0kdqs%2FvxPh2eTY5H60WGoGozw2uSzb6OhkN7sRFd9%2FCjozGwlS3ZGtRfyaPt1YTGFEP0%2BltvBZvVSFRsNnEFh2RkhLFUl0JSY8%2FOtbL6p5D5bVQAbBbJj1bnNHXaS6VhcuLCa6NhW3pZSCaWWXXyxBEGHgHJVMOU%2FU9XbNsg%3D%3D","environmentVariables":{"FIREBASE_CONFIG":"{\"projectId\":\"prompt-battle-c5e6a\",\"databaseURL\":\"https://prompt-battle-c5e6a-default-rtdb.firebaseio.com\",\"storageBucket\":\"prompt-battle-c5e6a.firebasestorage.app\"}","GCLOUD_PROJECT":"prompt-battle-c5e6a","EVENTARC_CLOUD_EVENT_SOURCE":"projects/prompt-battle-c5e6a/locations/us-central1/functions/completePayment"},"runtime":"nodejs20","buildEnvironmentVariables":{"GOOGLE_NODE_RUN_SCRIPTS":""},"dockerRegistry":"ARTIFACT_REGISTRY"},"versionId":"1","updateTime":"2026-03-17T05:51:16.492032866Z","buildId":"7b2ebc4a-123f-4fd7-8d00-87a1fd6f7578","buildName":"projects/329010584107/locations/us-central1/builds/7b2ebc4a-123f-4fd7-8d00-87a1fd6f7578"}}
[debug] [2026-03-17T05:52:03.625Z] <<< [apiv2][status] GET https://cloudfunctions.googleapis.com/v1/operations/cHJvamVjdHMvcHJvbXB0LWJhdHRsZS1jNWU2YS9sb2NhdGlvbnMvdXMtY2VudHJhbDEvb3BlcmF0aW9ucy9vcGVyYXRpb24tMTc3MzcyNjY3NjIwMC02NGQzMWVjNzZhYjcyLWY4ZjEyNjc4LWFlOWVmNDJm 200
[debug] [2026-03-17T05:52:03.625Z] <<< [apiv2][body] GET https://cloudfunctions.googleapis.com/v1/operations/cHJvamVjdHMvcHJvbXB0LWJhdHRsZS1jNWU2YS9sb2NhdGlvbnMvdXMtY2VudHJhbDEvb3BlcmF0aW9ucy9vcGVyYXRpb24tMTc3MzcyNjY3NjIwMC02NGQzMWVjNzZhYjcyLWY4ZjEyNjc4LWFlOWVmNDJm {"name":"operations/cHJvamVjdHMvcHJvbXB0LWJhdHRsZS1jNWU2YS9sb2NhdGlvbnMvdXMtY2VudHJhbDEvb3BlcmF0aW9ucy9vcGVyYXRpb24tMTc3MzcyNjY3NjIwMC02NGQzMWVjNzZhYjcyLWY4ZjEyNjc4LWFlOWVmNDJm","metadata":{"@type":"type.googleapis.com/google.cloud.functions.v1.OperationMetadataV1","target":"projects/prompt-battle-c5e6a/locations/us-central1/functions/grantXp","type":"CREATE_FUNCTION","request":{"@type":"type.googleapis.com/google.cloud.functions.v1.CloudFunction","name":"projects/prompt-battle-c5e6a/locations/us-central1/functions/grantXp","httpsTrigger":{"securityLevel":"SECURE_ALWAYS"},"entryPoint":"grantXp","updateTime":"1970-01-01T00:00:00Z","labels":{"deployment-tool":"cli-firebase","firebase-functions-hash":"d4fa81547bac1ca707eb0988d534e987f547df30"},"sourceUploadUrl":"https://storage.googleapis.com/uploads-763700285092.us-central1.cloudfunctions.appspot.com/8f0a08e6-ee58-4376-90f5-a123a31d90fb.zip?GoogleAccessId=service-329010584107@gcf-admin-robot.iam.gserviceaccount.com&Expires=1773728448&Signature=wPYDBa3v9T%2BzEdJcwe58wa%2BOF31A3I8IU4soZsWOuLLq8KY6rTCw9a0Q%2FG88%2BTUOtnzfuuIvbP%2FN%2FfjWKkkMuORIKJ0FLc8yC9gEzL%2FAXEFWfeReHwGJ%2BHxGE%2FpnE4GcuYshlG86F7fKbBpidvkYKu%2BhJJ5ViD5MBrntGkTB%2BosFIV0kdqs%2FvxPh2eTY5H60WGoGozw2uSzb6OhkN7sRFd9%2FCjozGwlS3ZGtRfyaPt1YTGFEP0%2BltvBZvVSFRsNnEFh2RkhLFUl0JSY8%2FOtbL6p5D5bVQAbBbJj1bnNHXaS6VhcuLCa6NhW3pZSCaWWXXyxBEGHgHJVMOU%2FU9XbNsg%3D%3D","environmentVariables":{"FIREBASE_CONFIG":"{\"projectId\":\"prompt-battle-c5e6a\",\"databaseURL\":\"https://prompt-battle-c5e6a-default-rtdb.firebaseio.com\",\"storageBucket\":\"prompt-battle-c5e6a.firebasestorage.app\"}","GCLOUD_PROJECT":"prompt-battle-c5e6a","EVENTARC_CLOUD_EVENT_SOURCE":"projects/prompt-battle-c5e6a/locations/us-central1/functions/grantXp"},"runtime":"nodejs20","buildEnvironmentVariables":{"GOOGLE_NODE_RUN_SCRIPTS":""},"dockerRegistry":"ARTIFACT_REGISTRY"},"versionId":"1","updateTime":"2026-03-17T05:51:16.501918760Z","buildId":"cb69b0aa-2495-40fc-bc3f-46147cea9b2c","buildName":"projects/329010584107/locations/us-central1/builds/cb69b0aa-2495-40fc-bc3f-46147cea9b2c"}}
[debug] [2026-03-17T05:52:03.734Z] <<< [apiv2][status] GET https://cloudfunctions.googleapis.com/v1/operations/cHJvamVjdHMvcHJvbXB0LWJhdHRsZS1jNWU2YS9sb2NhdGlvbnMvdXMtY2VudHJhbDEvb3BlcmF0aW9ucy9vcGVyYXRpb24tMTc3MzcyNjY3NjE5NC02NGQzMWVjNzY5NDc3LWE2ZWY0MGE1LWZhYTg3YjBm 200
[debug] [2026-03-17T05:52:03.734Z] <<< [apiv2][body] GET https://cloudfunctions.googleapis.com/v1/operations/cHJvamVjdHMvcHJvbXB0LWJhdHRsZS1jNWU2YS9sb2NhdGlvbnMvdXMtY2VudHJhbDEvb3BlcmF0aW9ucy9vcGVyYXRpb24tMTc3MzcyNjY3NjE5NC02NGQzMWVjNzY5NDc3LWE2ZWY0MGE1LWZhYTg3YjBm {"name":"operations/cHJvamVjdHMvcHJvbXB0LWJhdHRsZS1jNWU2YS9sb2NhdGlvbnMvdXMtY2VudHJhbDEvb3BlcmF0aW9ucy9vcGVyYXRpb24tMTc3MzcyNjY3NjE5NC02NGQzMWVjNzY5NDc3LWE2ZWY0MGE1LWZhYTg3YjBm","metadata":{"@type":"type.googleapis.com/google.cloud.functions.v1.OperationMetadataV1","target":"projects/prompt-battle-c5e6a/locations/us-central1/functions/redeemItchKey","type":"CREATE_FUNCTION","request":{"@type":"type.googleapis.com/google.cloud.functions.v1.CloudFunction","name":"projects/prompt-battle-c5e6a/locations/us-central1/functions/redeemItchKey","httpsTrigger":{"securityLevel":"SECURE_ALWAYS"},"entryPoint":"redeemItchKey","updateTime":"1970-01-01T00:00:00Z","labels":{"deployment-tool":"cli-firebase","firebase-functions-hash":"d4fa81547bac1ca707eb0988d534e987f547df30"},"sourceUploadUrl":"https://storage.googleapis.com/uploads-763700285092.us-central1.cloudfunctions.appspot.com/8f0a08e6-ee58-4376-90f5-a123a31d90fb.zip?GoogleAccessId=service-329010584107@gcf-admin-robot.iam.gserviceaccount.com&Expires=1773728448&Signature=wPYDBa3v9T%2BzEdJcwe58wa%2BOF31A3I8IU4soZsWOuLLq8KY6rTCw9a0Q%2FG88%2BTUOtnzfuuIvbP%2FN%2FfjWKkkMuORIKJ0FLc8yC9gEzL%2FAXEFWfeReHwGJ%2BHxGE%2FpnE4GcuYshlG86F7fKbBpidvkYKu%2BhJJ5ViD5MBrntGkTB%2BosFIV0kdqs%2FvxPh2eTY5H60WGoGozw2uSzb6OhkN7sRFd9%2FCjozGwlS3ZGtRfyaPt1YTGFEP0%2BltvBZvVSFRsNnEFh2RkhLFUl0JSY8%2FOtbL6p5D5bVQAbBbJj1bnNHXaS6VhcuLCa6NhW3pZSCaWWXXyxBEGHgHJVMOU%2FU9XbNsg%3D%3D","environmentVariables":{"FIREBASE_CONFIG":"{\"projectId\":\"prompt-battle-c5e6a\",\"databaseURL\":\"https://prompt-battle-c5e6a-default-rtdb.firebaseio.com\",\"storageBucket\":\"prompt-battle-c5e6a.firebasestorage.app\"}","GCLOUD_PROJECT":"prompt-battle-c5e6a","EVENTARC_CLOUD_EVENT_SOURCE":"projects/prompt-battle-c5e6a/locations/us-central1/functions/redeemItchKey"},"runtime":"nodejs20","buildEnvironmentVariables":{"GOOGLE_NODE_RUN_SCRIPTS":""},"dockerRegistry":"ARTIFACT_REGISTRY"},"versionId":"1","updateTime":"2026-03-17T05:51:16.544539883Z","buildId":"ae8416aa-8285-4c9a-b448-2e5e6e8a8a79","buildName":"projects/329010584107/locations/us-central1/builds/ae8416aa-8285-4c9a-b448-2e5e6e8a8a79"}}
[debug] [2026-03-17T05:52:03.774Z] <<< [apiv2][status] GET https://cloudfunctions.googleapis.com/v1/operations/cHJvamVjdHMvcHJvbXB0LWJhdHRsZS1jNWU2YS9sb2NhdGlvbnMvdXMtY2VudHJhbDEvb3BlcmF0aW9ucy9vcGVyYXRpb24tMTc3MzcyNjY3NjE4Ny02NGQzMWVjNzY3N2Y5LTZmNTFlNzMxLWNmYjczZDgz 200
[debug] [2026-03-17T05:52:03.774Z] <<< [apiv2][body] GET https://cloudfunctions.googleapis.com/v1/operations/cHJvamVjdHMvcHJvbXB0LWJhdHRsZS1jNWU2YS9sb2NhdGlvbnMvdXMtY2VudHJhbDEvb3BlcmF0aW9ucy9vcGVyYXRpb24tMTc3MzcyNjY3NjE4Ny02NGQzMWVjNzY3N2Y5LTZmNTFlNzMxLWNmYjczZDgz {"name":"operations/cHJvamVjdHMvcHJvbXB0LWJhdHRsZS1jNWU2YS9sb2NhdGlvbnMvdXMtY2VudHJhbDEvb3BlcmF0aW9ucy9vcGVyYXRpb24tMTc3MzcyNjY3NjE4Ny02NGQzMWVjNzY3N2Y5LTZmNTFlNzMxLWNmYjczZDgz","metadata":{"@type":"type.googleapis.com/google.cloud.functions.v1.OperationMetadataV1","target":"projects/prompt-battle-c5e6a/locations/us-central1/functions/grantGlory","type":"CREATE_FUNCTION","request":{"@type":"type.googleapis.com/google.cloud.functions.v1.CloudFunction","name":"projects/prompt-battle-c5e6a/locations/us-central1/functions/grantGlory","httpsTrigger":{"securityLevel":"SECURE_ALWAYS"},"entryPoint":"grantGlory","updateTime":"1970-01-01T00:00:00Z","labels":{"deployment-tool":"cli-firebase","firebase-functions-hash":"d4fa81547bac1ca707eb0988d534e987f547df30"},"sourceUploadUrl":"https://storage.googleapis.com/uploads-763700285092.us-central1.cloudfunctions.appspot.com/8f0a08e6-ee58-4376-90f5-a123a31d90fb.zip?GoogleAccessId=service-329010584107@gcf-admin-robot.iam.gserviceaccount.com&Expires=1773728448&Signature=wPYDBa3v9T%2BzEdJcwe58wa%2BOF31A3I8IU4soZsWOuLLq8KY6rTCw9a0Q%2FG88%2BTUOtnzfuuIvbP%2FN%2FfjWKkkMuORIKJ0FLc8yC9gEzL%2FAXEFWfeReHwGJ%2BHxGE%2FpnE4GcuYshlG86F7fKbBpidvkYKu%2BhJJ5ViD5MBrntGkTB%2BosFIV0kdqs%2FvxPh2eTY5H60WGoGozw2uSzb6OhkN7sRFd9%2FCjozGwlS3ZGtRfyaPt1YTGFEP0%2BltvBZvVSFRsNnEFh2RkhLFUl0JSY8%2FOtbL6p5D5bVQAbBbJj1bnNHXaS6VhcuLCa6NhW3pZSCaWWXXyxBEGHgHJVMOU%2FU9XbNsg%3D%3D","environmentVariables":{"FIREBASE_CONFIG":"{\"projectId\":\"prompt-battle-c5e6a\",\"databaseURL\":\"https://prompt-battle-c5e6a-default-rtdb.firebaseio.com\",\"storageBucket\":\"prompt-battle-c5e6a.firebasestorage.app\"}","GCLOUD_PROJECT":"prompt-battle-c5e6a","EVENTARC_CLOUD_EVENT_SOURCE":"projects/prompt-battle-c5e6a/locations/us-central1/functions/grantGlory"},"runtime":"nodejs20","buildEnvironmentVariables":{"GOOGLE_NODE_RUN_SCRIPTS":""},"dockerRegistry":"ARTIFACT_REGISTRY"},"versionId":"1","updateTime":"2026-03-17T05:51:16.540514037Z","buildId":"714add40-5199-408c-8d5a-8b37209a094b","buildName":"projects/329010584107/locations/us-central1/builds/714add40-5199-408c-8d5a-8b37209a094b"}}
[debug] [2026-03-17T05:52:13.625Z] [create-default-us-central1-completePayment] Retrying task index 0
[debug] [2026-03-17T05:52:13.625Z] Checked if tokens are valid: true, expires at: 1773729535384
[debug] [2026-03-17T05:52:13.625Z] Checked if tokens are valid: true, expires at: 1773729535384
[debug] [2026-03-17T05:52:13.625Z] >>> [apiv2][query] GET https://cloudfunctions.googleapis.com/v1/operations/cHJvamVjdHMvcHJvbXB0LWJhdHRsZS1jNWU2YS9sb2NhdGlvbnMvdXMtY2VudHJhbDEvb3BlcmF0aW9ucy9vcGVyYXRpb24tMTc3MzcyNjY3NjE2Mi02NGQzMWVjNzYxOGQ1LTA4ZTRkYjMyLTY1NWNhZjNh [none]
[debug] [2026-03-17T05:52:13.626Z] [create-default-us-central1-grantXp] Retrying task index 0
[debug] [2026-03-17T05:52:13.626Z] Checked if tokens are valid: true, expires at: 1773729535384
[debug] [2026-03-17T05:52:13.626Z] Checked if tokens are valid: true, expires at: 1773729535384
[debug] [2026-03-17T05:52:13.626Z] >>> [apiv2][query] GET https://cloudfunctions.googleapis.com/v1/operations/cHJvamVjdHMvcHJvbXB0LWJhdHRsZS1jNWU2YS9sb2NhdGlvbnMvdXMtY2VudHJhbDEvb3BlcmF0aW9ucy9vcGVyYXRpb24tMTc3MzcyNjY3NjIwMC02NGQzMWVjNzZhYjcyLWY4ZjEyNjc4LWFlOWVmNDJm [none]
[debug] [2026-03-17T05:52:13.748Z] [create-default-us-central1-redeemItchKey] Retrying task index 0
[debug] [2026-03-17T05:52:13.748Z] Checked if tokens are valid: true, expires at: 1773729535384
[debug] [2026-03-17T05:52:13.748Z] Checked if tokens are valid: true, expires at: 1773729535384
[debug] [2026-03-17T05:52:13.748Z] >>> [apiv2][query] GET https://cloudfunctions.googleapis.com/v1/operations/cHJvamVjdHMvcHJvbXB0LWJhdHRsZS1jNWU2YS9sb2NhdGlvbnMvdXMtY2VudHJhbDEvb3BlcmF0aW9ucy9vcGVyYXRpb24tMTc3MzcyNjY3NjE5NC02NGQzMWVjNzY5NDc3LWE2ZWY0MGE1LWZhYTg3YjBm [none]
[debug] [2026-03-17T05:52:13.774Z] [create-default-us-central1-grantGlory] Retrying task index 0
[debug] [2026-03-17T05:52:13.774Z] Checked if tokens are valid: true, expires at: 1773729535384
[debug] [2026-03-17T05:52:13.774Z] Checked if tokens are valid: true, expires at: 1773729535384
[debug] [2026-03-17T05:52:13.774Z] >>> [apiv2][query] GET https://cloudfunctions.googleapis.com/v1/operations/cHJvamVjdHMvcHJvbXB0LWJhdHRsZS1jNWU2YS9sb2NhdGlvbnMvdXMtY2VudHJhbDEvb3BlcmF0aW9ucy9vcGVyYXRpb24tMTc3MzcyNjY3NjE4Ny02NGQzMWVjNzY3N2Y5LTZmNTFlNzMxLWNmYjczZDgz [none]
[debug] [2026-03-17T05:52:13.775Z] <<< [apiv2][status] GET https://cloudfunctions.googleapis.com/v1/operations/cHJvamVjdHMvcHJvbXB0LWJhdHRsZS1jNWU2YS9sb2NhdGlvbnMvdXMtY2VudHJhbDEvb3BlcmF0aW9ucy9vcGVyYXRpb24tMTc3MzcyNjY3NjE2Mi02NGQzMWVjNzYxOGQ1LTA4ZTRkYjMyLTY1NWNhZjNh 200
[debug] [2026-03-17T05:52:13.775Z] <<< [apiv2][body] GET https://cloudfunctions.googleapis.com/v1/operations/cHJvamVjdHMvcHJvbXB0LWJhdHRsZS1jNWU2YS9sb2NhdGlvbnMvdXMtY2VudHJhbDEvb3BlcmF0aW9ucy9vcGVyYXRpb24tMTc3MzcyNjY3NjE2Mi02NGQzMWVjNzYxOGQ1LTA4ZTRkYjMyLTY1NWNhZjNh {"name":"operations/cHJvamVjdHMvcHJvbXB0LWJhdHRsZS1jNWU2YS9sb2NhdGlvbnMvdXMtY2VudHJhbDEvb3BlcmF0aW9ucy9vcGVyYXRpb24tMTc3MzcyNjY3NjE2Mi02NGQzMWVjNzYxOGQ1LTA4ZTRkYjMyLTY1NWNhZjNh","metadata":{"@type":"type.googleapis.com/google.cloud.functions.v1.OperationMetadataV1","target":"projects/prompt-battle-c5e6a/locations/us-central1/functions/completePayment","type":"CREATE_FUNCTION","request":{"@type":"type.googleapis.com/google.cloud.functions.v1.CloudFunction","name":"projects/prompt-battle-c5e6a/locations/us-central1/functions/completePayment","httpsTrigger":{"securityLevel":"SECURE_ALWAYS"},"entryPoint":"completePayment","updateTime":"1970-01-01T00:00:00Z","labels":{"deployment-tool":"cli-firebase","firebase-functions-hash":"d4fa81547bac1ca707eb0988d534e987f547df30"},"sourceUploadUrl":"https://storage.googleapis.com/uploads-763700285092.us-central1.cloudfunctions.appspot.com/8f0a08e6-ee58-4376-90f5-a123a31d90fb.zip?GoogleAccessId=service-329010584107@gcf-admin-robot.iam.gserviceaccount.com&Expires=1773728448&Signature=wPYDBa3v9T%2BzEdJcwe58wa%2BOF31A3I8IU4soZsWOuLLq8KY6rTCw9a0Q%2FG88%2BTUOtnzfuuIvbP%2FN%2FfjWKkkMuORIKJ0FLc8yC9gEzL%2FAXEFWfeReHwGJ%2BHxGE%2FpnE4GcuYshlG86F7fKbBpidvkYKu%2BhJJ5ViD5MBrntGkTB%2BosFIV0kdqs%2FvxPh2eTY5H60WGoGozw2uSzb6OhkN7sRFd9%2FCjozGwlS3ZGtRfyaPt1YTGFEP0%2BltvBZvVSFRsNnEFh2RkhLFUl0JSY8%2FOtbL6p5D5bVQAbBbJj1bnNHXaS6VhcuLCa6NhW3pZSCaWWXXyxBEGHgHJVMOU%2FU9XbNsg%3D%3D","environmentVariables":{"FIREBASE_CONFIG":"{\"projectId\":\"prompt-battle-c5e6a\",\"databaseURL\":\"https://prompt-battle-c5e6a-default-rtdb.firebaseio.com\",\"storageBucket\":\"prompt-battle-c5e6a.firebasestorage.app\"}","GCLOUD_PROJECT":"prompt-battle-c5e6a","EVENTARC_CLOUD_EVENT_SOURCE":"projects/prompt-battle-c5e6a/locations/us-central1/functions/completePayment"},"runtime":"nodejs20","buildEnvironmentVariables":{"GOOGLE_NODE_RUN_SCRIPTS":""},"dockerRegistry":"ARTIFACT_REGISTRY"},"versionId":"1","updateTime":"2026-03-17T05:52:08.359843139Z","buildId":"7b2ebc4a-123f-4fd7-8d00-87a1fd6f7578","buildName":"projects/329010584107/locations/us-central1/builds/7b2ebc4a-123f-4fd7-8d00-87a1fd6f7578"},"done":true,"error":{"code":13,"message":"Gen1 operation for function projects/prompt-battle-c5e6a/locations/us-central1/functions/completePayment failed: Build failed: Build error details not available.Please check the logs at https://console.cloud.google.com/cloud-build/builds;region=us-central1/7b2ebc4a-123f-4fd7-8d00-87a1fd6f7578?project=329010584107. Please visit https://cloud.google.com/functions/docs/troubleshooting#build for in-depth troubleshooting documentation for build related errors..","details":[{"@type":"type.googleapis.com/google.rpc.DebugInfo","stackEntries":["cloud/control2/shared/userfriendly/userfriendly_helpers.go:66 +0x25 google3/cloud/control2/shared/userfriendly/userfriendly.DebugInfoWithMessage({0x175d64088b40, 0x1cc})","cloud/control2/frontend/storedata/public_operation.go:256 +0xd1 google3/cloud/control2/frontend/storedata/publicoperation.toOperationError({0x55aee212b2c8, 0x175d7a3670e0}, 0x175d921fff40?, 0x68?)","cloud/control2/frontend/storedata/public_operation.go:122 +0x3c5 google3/cloud/control2/frontend/storedata/publicoperation.ToPublic({0x55aee212b2c8, 0x175d7a3670e0}, 0x175d921fff40, 0x175d921ffc68, 0x175d5bc69b90, 0x175d5b680360)","cloud/control2/frontend/converters/operation_converter.go:46 +0xa7 google3/cloud/control2/frontend/converters/operationconverter.(*OperationConverter).ConvertResource(0x175d7625c280, {0x55aee212b2c8, 0x175d7a3670e0}, {0x55aee213a7e0, 0x175d921fff40}, 0x175d5cd77b40?, 0x175d5b680360?)","cloud/control2/frontend/handler/get.go:220 +0x1e13 google3/cloud/control2/frontend/handler/handler.Handler.handleGet({{0x7f1d3bb0d2d8, 0x175d584d7020}, {0x175d5900a4a0, 0x175d5f930a80, {0x55aee215e188, 0x175d5cd77b40}, 0x175d5b680360, 0x175d5bf18d20}, {{0x55aee1f9e340, 0x175d607cf680}}, ...}, ...)","cloud/control2/frontend/handler/handler_init.go:511 +0xaa google3/cloud/control2/frontend/handler/handler.init.func55({_, _}, {0x175d6bc63608, 0x175d84f32a08, 0x0, 0x0, 0x0, 0x0, 0x175d55aaf300, 0x175d55aaf380, ...})","cloud/control2/frontend/handler/handler_init.go:273 +0x85 google3/cloud/control2/frontend/handler/handler.RegularInitializer.initGetMethodStates.func2({_, _}, {0x175d6bc63608, 0x175d84f32a08, 0x0, 0x0, 0x0, 0x0, 0x175d55aaf300, 0x175d55aaf380, ...})","cloud/control2/frontend/handler/handler.go:328 google3/cloud/control2/frontend/handler/handler.Handler.start.func1(...)","cloud/control2/frontend/handler/handler.go:329 +0x396 google3/cloud/control2/frontend/handler/handler.Handler.start({{0x7f1d3bb0d2d8, 0x175d584d7020}, {0x175d5900a4a0, 0x175d5f930a80, {0x55aee215e188, 0x175d5cd77b40}, 0x175d5b680360, 0x175d5bf18d20}, {{0x55aee1f9e340, 0x175d607cf680}}, ...}, ...)","cloud/control2/frontend/handler/handler.go:312 +0x92 google3/cloud/control2/frontend/handler/handler.init.func63({0x55aee212b2c8?, _}, {{0x7f1d3bb0d2d8, 0x175d584d7020}, {0x175d5900a4a0, 0x175d5f930a80, {0x55aee215e188, 0x175d5cd77b40}, 0x175d5b680360, 0x175d5bf18d20}, ...}, ...)","cloud/control2/frontend/handler/handler.go:307 +0x179 google3/cloud/control2/frontend/handler/handler.Handler.HandleRequest({{0x7f1d3bb0d2d8, 0x175d584d7020}, {0x175d5900a4a0, 0x175d5f930a80, {0x55aee215e188, 0x175d5cd77b40}, 0x175d5b680360, 0x175d5bf18d20}, {{0x55aee1f9e340, 0x175d607cf680}}, ...}, ...)","cloud/control2/frontend/server/request_handler.go:170 +0x145 google3/cloud/control2/frontend/server/requesthandler.init.func1({0x55aee212b2c8?, 0x175d5f9375f0?}, 0x175d61b3aa00, 0x175d55aaf280, 0x175d55aaf300, 0x175d55aaf380)","cloud/control2/frontend/server/request_handler.go:143 +0x6a3 google3/cloud/control2/frontend/server/requesthandler.(*Handler).handleRequestWithFullMethodName(0x175d61b3aa00, {0x55aee212b2c8, 0x175d5f937470}, 0x175d7b535000, 0x175d7407d8d8, 0x175d84f32960, {0x0?, 0x1000000?})","cloud/control2/frontend/server/request_handler.go:88 +0x41f google3/cloud/control2/frontend/server/requesthandler.(*Handler).handleRequest(0x175d61b3aa00, {0x55aee212b2c8, 0x175d5f937470}, 0x175d7407d8d8, 0x175d84f32960)","cloud/control2/frontend/server/request_handler.go:66 +0xd4 google3/cloud/control2/frontend/server/requesthandler.init.func2({0x55aee212b2c8?, 0x175d5f937470?}, 0x55aed97cf0a5?, 0x7f1d9a513bf0?, 0x175d69f06f38?)","cloud/control2/frontend/server/request_handler.go:54 +0x38 google3/cloud/control2/frontend/server/requesthandler.(*Handler).handle(0x1?, {0x55aee212b2c8, 0x175d5f937470}, 0x175d68298808?, 0x175d84f32960?)","cloud/control2/shared/genericrpc/service.go:171 +0x3f9 google3/cloud/control2/shared/genericrpc/genericrpc.(*Dispatcher).DefaultMethodHandler(0x175d61bbabd0, {0x55aee212b2c8, 0x175d5f937470}, 0x175d7407d8d8)","net/rpc/go/stream.go:1180 +0x43 google3/net/rpc/go/rpc.runStreamHandler({0x55aee212b2c8?, 0x175d5f937470?}, 0x175d7407d8d8?, {0x0?, 0x0?}, {0x55aee2143210, 0x175d7bcb40f0})","net/goa/rpc/rpchandler.go:100 +0x502 google3/net/goa/rpc/rpchandler.ExecHandlerSubset({0x55aee212b2c8?, 0x175d8a96ca50?}, 0x175d6d763538)","net/goa/rpc/rpchandler.go:327 +0xa1f google3/net/goa/rpc/rpchandler.(*closedRegistry).hook(0x175d67fb4120, {0x55aee212b5e8, 0x175d5e922300}, 0x175d782c5200)","production/fireaxe/go/filters/rpcserverinterceptor.go:62 +0x342 google3/production/fireaxe/go/filters/rpcserverinterceptor.(*Interceptor).MakeHook-fm.(*Interceptor).MakeHook.func2({0x55aee212b5e8, 0x175d5e922300}, 0x175d782c5200)"],"detail":"Gen1 operation for function projects/prompt-battle-c5e6a/locations/us-central1/functions/completePayment failed: Build failed: Build error details not available.Please check the logs at https://console.cloud.google.com/cloud-build/builds;region=us-central1/7b2ebc4a-123f-4fd7-8d00-87a1fd6f7578?project=329010584107. Please visit https://cloud.google.com/functions/docs/troubleshooting#build for in-depth troubleshooting documentation for build related errors.."}]}}
[debug] [2026-03-17T05:52:13.775Z] Got source token undefined for region us-central1
[error] Gen1 operation for function projects/prompt-battle-c5e6a/locations/us-central1/functions/completePayment failed: Build failed: Build error details not available.Please check the logs at https://console.cloud.google.com/cloud-build/builds;region=us-central1/7b2ebc4a-123f-4fd7-8d00-87a1fd6f7578?project=329010584107. Please visit https://cloud.google.com/functions/docs/troubleshooting#build for in-depth troubleshooting documentation for build related errors..
[debug] [2026-03-17T05:52:13.783Z] <<< [apiv2][status] GET https://cloudfunctions.googleapis.com/v1/operations/cHJvamVjdHMvcHJvbXB0LWJhdHRsZS1jNWU2YS9sb2NhdGlvbnMvdXMtY2VudHJhbDEvb3BlcmF0aW9ucy9vcGVyYXRpb24tMTc3MzcyNjY3NjIwMC02NGQzMWVjNzZhYjcyLWY4ZjEyNjc4LWFlOWVmNDJm 200
[debug] [2026-03-17T05:52:13.783Z] <<< [apiv2][body] GET https://cloudfunctions.googleapis.com/v1/operations/cHJvamVjdHMvcHJvbXB0LWJhdHRsZS1jNWU2YS9sb2NhdGlvbnMvdXMtY2VudHJhbDEvb3BlcmF0aW9ucy9vcGVyYXRpb24tMTc3MzcyNjY3NjIwMC02NGQzMWVjNzZhYjcyLWY4ZjEyNjc4LWFlOWVmNDJm {"name":"operations/cHJvamVjdHMvcHJvbXB0LWJhdHRsZS1jNWU2YS9sb2NhdGlvbnMvdXMtY2VudHJhbDEvb3BlcmF0aW9ucy9vcGVyYXRpb24tMTc3MzcyNjY3NjIwMC02NGQzMWVjNzZhYjcyLWY4ZjEyNjc4LWFlOWVmNDJm","metadata":{"@type":"type.googleapis.com/google.cloud.functions.v1.OperationMetadataV1","target":"projects/prompt-battle-c5e6a/locations/us-central1/functions/grantXp","type":"CREATE_FUNCTION","request":{"@type":"type.googleapis.com/google.cloud.functions.v1.CloudFunction","name":"projects/prompt-battle-c5e6a/locations/us-central1/functions/grantXp","httpsTrigger":{"securityLevel":"SECURE_ALWAYS"},"entryPoint":"grantXp","updateTime":"1970-01-01T00:00:00Z","labels":{"deployment-tool":"cli-firebase","firebase-functions-hash":"d4fa81547bac1ca707eb0988d534e987f547df30"},"sourceUploadUrl":"https://storage.googleapis.com/uploads-763700285092.us-central1.cloudfunctions.appspot.com/8f0a08e6-ee58-4376-90f5-a123a31d90fb.zip?GoogleAccessId=service-329010584107@gcf-admin-robot.iam.gserviceaccount.com&Expires=1773728448&Signature=wPYDBa3v9T%2BzEdJcwe58wa%2BOF31A3I8IU4soZsWOuLLq8KY6rTCw9a0Q%2FG88%2BTUOtnzfuuIvbP%2FN%2FfjWKkkMuORIKJ0FLc8yC9gEzL%2FAXEFWfeReHwGJ%2BHxGE%2FpnE4GcuYshlG86F7fKbBpidvkYKu%2BhJJ5ViD5MBrntGkTB%2BosFIV0kdqs%2FvxPh2eTY5H60WGoGozw2uSzb6OhkN7sRFd9%2FCjozGwlS3ZGtRfyaPt1YTGFEP0%2BltvBZvVSFRsNnEFh2RkhLFUl0JSY8%2FOtbL6p5D5bVQAbBbJj1bnNHXaS6VhcuLCa6NhW3pZSCaWWXXyxBEGHgHJVMOU%2FU9XbNsg%3D%3D","environmentVariables":{"FIREBASE_CONFIG":"{\"projectId\":\"prompt-battle-c5e6a\",\"databaseURL\":\"https://prompt-battle-c5e6a-default-rtdb.firebaseio.com\",\"storageBucket\":\"prompt-battle-c5e6a.firebasestorage.app\"}","GCLOUD_PROJECT":"prompt-battle-c5e6a","EVENTARC_CLOUD_EVENT_SOURCE":"projects/prompt-battle-c5e6a/locations/us-central1/functions/grantXp"},"runtime":"nodejs20","buildEnvironmentVariables":{"GOOGLE_NODE_RUN_SCRIPTS":""},"dockerRegistry":"ARTIFACT_REGISTRY"},"versionId":"1","updateTime":"2026-03-17T05:52:07.326820484Z","buildId":"cb69b0aa-2495-40fc-bc3f-46147cea9b2c","buildName":"projects/329010584107/locations/us-central1/builds/cb69b0aa-2495-40fc-bc3f-46147cea9b2c"},"done":true,"error":{"code":13,"message":"Gen1 operation for function projects/prompt-battle-c5e6a/locations/us-central1/functions/grantXp failed: Build failed: Build error details not available.Please check the logs at https://console.cloud.google.com/cloud-build/builds;region=us-central1/cb69b0aa-2495-40fc-bc3f-46147cea9b2c?project=329010584107. Please visit https://cloud.google.com/functions/docs/troubleshooting#build for in-depth troubleshooting documentation for build related errors..","details":[{"@type":"type.googleapis.com/google.rpc.DebugInfo","stackEntries":["cloud/control2/shared/userfriendly/userfriendly_helpers.go:66 +0x24 google3/cloud/control2/shared/userfriendly/userfriendly.DebugInfoWithMessage({0x1d39b4ee92c0, 0x1c4})","cloud/control2/frontend/storedata/public_operation.go:256 +0xc0 google3/cloud/control2/frontend/storedata/publicoperation.toOperationError({0xaaaaff12b1e8, 0x1d39acc60180}, 0x1d39afc65920?, 0x88?)","cloud/control2/frontend/storedata/public_operation.go:122 +0x314 google3/cloud/control2/frontend/storedata/publicoperation.ToPublic({0xaaaaff12b1e8, 0x1d39acc60180}, 0x1d39afc65920, 0x1d39aa1f3488, 0x1d39c2c35050, 0x1d399f239290)","cloud/control2/frontend/converters/operation_converter.go:46 +0x78 google3/cloud/control2/frontend/converters/operationconverter.(*OperationConverter).ConvertResource(0x1d39c61ad590, {0xaaaaff12b1e8, 0x1d39acc60180}, {0xaaaaff13a740, 0x1d39afc65920}, 0x1d399f5c7740?, 0x1d399f239290?)","cloud/control2/frontend/handler/get.go:220 +0x1450 google3/cloud/control2/frontend/handler/handler.Handler.handleGet({{0xffff2eda65a0, 0x1d399f20c300}, {0x1d39a3176e40, 0x1d39a41f7470, {0xaaaaff15e0e8, 0x1d399f5c7740}, 0x1d399f239290, 0x1d39c426aa80}, {{0xaaaafef9e260, 0x1d39a2f24500}}, ...}, ...)","cloud/control2/frontend/handler/handler_init.go:511 +0x68 google3/cloud/control2/frontend/handler/handler.init.func55({_, _}, {0x1d39c595b708, 0x1d39b8a08f48, 0x0, 0x0, 0x0, 0x0, 0x1d39cfb24180, 0x1d39cfb241c0, ...})","cloud/control2/frontend/handler/handler_init.go:273 +0x64 google3/cloud/control2/frontend/handler/handler.RegularInitializer.initGetMethodStates.func2({_, _}, {0x1d39c595b708, 0x1d39b8a08f48, 0x0, 0x0, 0x0, 0x0, 0x1d39cfb24180, 0x1d39cfb241c0, ...})","cloud/control2/frontend/handler/handler.go:328 google3/cloud/control2/frontend/handler/handler.Handler.start.func1(...)","cloud/control2/frontend/handler/handler.go:329 +0x254 google3/cloud/control2/frontend/handler/handler.Handler.start({{0xffff2eda65a0, 0x1d399f20c300}, {0x1d39a3176e40, 0x1d39a41f7470, {0xaaaaff15e0e8, 0x1d399f5c7740}, 0x1d399f239290, 0x1d39c426aa80}, {{0xaaaafef9e260, 0x1d39a2f24500}}, ...}, ...)","cloud/control2/frontend/handler/handler.go:312 +0x60 google3/cloud/control2/frontend/handler/handler.init.func63({0xaaaaff12b1e8?, _}, {{0xffff2eda65a0, 0x1d399f20c300}, {0x1d39a3176e40, 0x1d39a41f7470, {0xaaaaff15e0e8, 0x1d399f5c7740}, 0x1d399f239290, 0x1d39c426aa80}, ...}, ...)","cloud/control2/frontend/handler/handler.go:307 +0xf4 google3/cloud/control2/frontend/handler/handler.Handler.HandleRequest({{0xffff2eda65a0, 0x1d399f20c300}, {0x1d39a3176e40, 0x1d39a41f7470, {0xaaaaff15e0e8, 0x1d399f5c7740}, 0x1d399f239290, 0x1d39c426aa80}, {{0xaaaafef9e260, 0x1d39a2f24500}}, ...}, ...)","cloud/control2/frontend/server/request_handler.go:170 +0xc4 google3/cloud/control2/frontend/server/requesthandler.init.func1({0xaaaaff12b1e8?, 0x1d39afda5230?}, 0x1d39aa07cb00, 0x1d39cfb24140, 0x1d39cfb24180, 0x1d39cfb241c0)","cloud/control2/frontend/server/request_handler.go:143 +0x4f4 google3/cloud/control2/frontend/server/requesthandler.(*Handler).handleRequestWithFullMethodName(0x1d39aa07cb00, {0xaaaaff12b1e8, 0x1d39afda5080}, 0x1d39cb0ba900, 0x1d39b8a08720, 0x1d39b8a08ea0, {0x0?, 0x0?})","cloud/control2/frontend/server/request_handler.go:88 +0x378 google3/cloud/control2/frontend/server/requesthandler.(*Handler).handleRequest(0x1d39aa07cb00, {0xaaaaff12b1e8, 0x1d39afda5080}, 0x1d39b8a08720, 0x1d39b8a08ea0)","cloud/control2/frontend/server/request_handler.go:66 +0xa4 google3/cloud/control2/frontend/server/requesthandler.init.func2({0xaaaaff12b1e8?, 0x1d39afda5080?}, 0x1d39d0c84de1?, 0x1d39a6234753?, 0x1d39d0c84dec?)","cloud/control2/frontend/server/request_handler.go:54 +0x40 google3/cloud/control2/frontend/server/requesthandler.(*Handler).handle(0x5?, {0xaaaaff12b1e8, 0x1d39afda5080}, 0xffff91ce5108?, 0x1d3999492008?)","cloud/control2/shared/genericrpc/service.go:171 +0x3a8 google3/cloud/control2/shared/genericrpc/genericrpc.(*Dispatcher).DefaultMethodHandler(0x1d39aa98e030, {0xaaaaff12b1e8, 0x1d39afda5080}, 0x1d39b8a08720)","net/rpc/go/stream.go:1180 +0x4c google3/net/rpc/go/rpc.runStreamHandler({0xaaaaff12b1e8?, 0x1d39afda5080?}, 0x1d39b8a08720?, {0x0?, 0x0?}, {0xaaaaff143170, 0x1d39c4f4b4f0})","net/goa/rpc/rpchandler.go:100 +0x3b8 google3/net/goa/rpc/rpchandler.ExecHandlerSubset({0xaaaaff12b1e8?, 0x1d39df6f1aa0?}, 0x1d39b6d1f518)","net/goa/rpc/rpchandler.go:327 +0x7f0 google3/net/goa/rpc/rpchandler.(*closedRegistry).hook(0x1d39a23c2120, {0xaaaaff12b508, 0x1d39a620d500}, 0x1d39a152b500)","production/fireaxe/go/filters/rpcserverinterceptor.go:62 +0x258 google3/production/fireaxe/go/filters/rpcserverinterceptor.(*Interceptor).MakeHook-fm.(*Interceptor).MakeHook.func2({0xaaaaff12b508, 0x1d39a620d500}, 0x1d39a152b500)"],"detail":"Gen1 operation for function projects/prompt-battle-c5e6a/locations/us-central1/functions/grantXp failed: Build failed: Build error details not available.Please check the logs at https://console.cloud.google.com/cloud-build/builds;region=us-central1/cb69b0aa-2495-40fc-bc3f-46147cea9b2c?project=329010584107. Please visit https://cloud.google.com/functions/docs/troubleshooting#build for in-depth troubleshooting documentation for build related errors.."}]}}
[debug] [2026-03-17T05:52:13.783Z] Got source token undefined for region us-central1
[error] Gen1 operation for function projects/prompt-battle-c5e6a/locations/us-central1/functions/grantXp failed: Build failed: Build error details not available.Please check the logs at https://console.cloud.google.com/cloud-build/builds;region=us-central1/cb69b0aa-2495-40fc-bc3f-46147cea9b2c?project=329010584107. Please visit https://cloud.google.com/functions/docs/troubleshooting#build for in-depth troubleshooting documentation for build related errors..
[debug] [2026-03-17T05:52:13.892Z] <<< [apiv2][status] GET https://cloudfunctions.googleapis.com/v1/operations/cHJvamVjdHMvcHJvbXB0LWJhdHRsZS1jNWU2YS9sb2NhdGlvbnMvdXMtY2VudHJhbDEvb3BlcmF0aW9ucy9vcGVyYXRpb24tMTc3MzcyNjY3NjE4Ny02NGQzMWVjNzY3N2Y5LTZmNTFlNzMxLWNmYjczZDgz 200
[debug] [2026-03-17T05:52:13.892Z] <<< [apiv2][body] GET https://cloudfunctions.googleapis.com/v1/operations/cHJvamVjdHMvcHJvbXB0LWJhdHRsZS1jNWU2YS9sb2NhdGlvbnMvdXMtY2VudHJhbDEvb3BlcmF0aW9ucy9vcGVyYXRpb24tMTc3MzcyNjY3NjE4Ny02NGQzMWVjNzY3N2Y5LTZmNTFlNzMxLWNmYjczZDgz {"name":"operations/cHJvamVjdHMvcHJvbXB0LWJhdHRsZS1jNWU2YS9sb2NhdGlvbnMvdXMtY2VudHJhbDEvb3BlcmF0aW9ucy9vcGVyYXRpb24tMTc3MzcyNjY3NjE4Ny02NGQzMWVjNzY3N2Y5LTZmNTFlNzMxLWNmYjczZDgz","metadata":{"@type":"type.googleapis.com/google.cloud.functions.v1.OperationMetadataV1","target":"projects/prompt-battle-c5e6a/locations/us-central1/functions/grantGlory","type":"CREATE_FUNCTION","request":{"@type":"type.googleapis.com/google.cloud.functions.v1.CloudFunction","name":"projects/prompt-battle-c5e6a/locations/us-central1/functions/grantGlory","httpsTrigger":{"securityLevel":"SECURE_ALWAYS"},"entryPoint":"grantGlory","updateTime":"1970-01-01T00:00:00Z","labels":{"deployment-tool":"cli-firebase","firebase-functions-hash":"d4fa81547bac1ca707eb0988d534e987f547df30"},"sourceUploadUrl":"https://storage.googleapis.com/uploads-763700285092.us-central1.cloudfunctions.appspot.com/8f0a08e6-ee58-4376-90f5-a123a31d90fb.zip?GoogleAccessId=service-329010584107@gcf-admin-robot.iam.gserviceaccount.com&Expires=1773728448&Signature=wPYDBa3v9T%2BzEdJcwe58wa%2BOF31A3I8IU4soZsWOuLLq8KY6rTCw9a0Q%2FG88%2BTUOtnzfuuIvbP%2FN%2FfjWKkkMuORIKJ0FLc8yC9gEzL%2FAXEFWfeReHwGJ%2BHxGE%2FpnE4GcuYshlG86F7fKbBpidvkYKu%2BhJJ5ViD5MBrntGkTB%2BosFIV0kdqs%2FvxPh2eTY5H60WGoGozw2uSzb6OhkN7sRFd9%2FCjozGwlS3ZGtRfyaPt1YTGFEP0%2BltvBZvVSFRsNnEFh2RkhLFUl0JSY8%2FOtbL6p5D5bVQAbBbJj1bnNHXaS6VhcuLCa6NhW3pZSCaWWXXyxBEGHgHJVMOU%2FU9XbNsg%3D%3D","environmentVariables":{"FIREBASE_CONFIG":"{\"projectId\":\"prompt-battle-c5e6a\",\"databaseURL\":\"https://prompt-battle-c5e6a-default-rtdb.firebaseio.com\",\"storageBucket\":\"prompt-battle-c5e6a.firebasestorage.app\"}","GCLOUD_PROJECT":"prompt-battle-c5e6a","EVENTARC_CLOUD_EVENT_SOURCE":"projects/prompt-battle-c5e6a/locations/us-central1/functions/grantGlory"},"runtime":"nodejs20","buildEnvironmentVariables":{"GOOGLE_NODE_RUN_SCRIPTS":""},"dockerRegistry":"ARTIFACT_REGISTRY"},"versionId":"1","updateTime":"2026-03-17T05:51:16.540514037Z","buildId":"714add40-5199-408c-8d5a-8b37209a094b","buildName":"projects/329010584107/locations/us-central1/builds/714add40-5199-408c-8d5a-8b37209a094b"}}
[debug] [2026-03-17T05:52:13.907Z] <<< [apiv2][status] GET https://cloudfunctions.googleapis.com/v1/operations/cHJvamVjdHMvcHJvbXB0LWJhdHRsZS1jNWU2YS9sb2NhdGlvbnMvdXMtY2VudHJhbDEvb3BlcmF0aW9ucy9vcGVyYXRpb24tMTc3MzcyNjY3NjE5NC02NGQzMWVjNzY5NDc3LWE2ZWY0MGE1LWZhYTg3YjBm 200
[debug] [2026-03-17T05:52:13.907Z] <<< [apiv2][body] GET https://cloudfunctions.googleapis.com/v1/operations/cHJvamVjdHMvcHJvbXB0LWJhdHRsZS1jNWU2YS9sb2NhdGlvbnMvdXMtY2VudHJhbDEvb3BlcmF0aW9ucy9vcGVyYXRpb24tMTc3MzcyNjY3NjE5NC02NGQzMWVjNzY5NDc3LWE2ZWY0MGE1LWZhYTg3YjBm {"name":"operations/cHJvamVjdHMvcHJvbXB0LWJhdHRsZS1jNWU2YS9sb2NhdGlvbnMvdXMtY2VudHJhbDEvb3BlcmF0aW9ucy9vcGVyYXRpb24tMTc3MzcyNjY3NjE5NC02NGQzMWVjNzY5NDc3LWE2ZWY0MGE1LWZhYTg3YjBm","metadata":{"@type":"type.googleapis.com/google.cloud.functions.v1.OperationMetadataV1","target":"projects/prompt-battle-c5e6a/locations/us-central1/functions/redeemItchKey","type":"CREATE_FUNCTION","request":{"@type":"type.googleapis.com/google.cloud.functions.v1.CloudFunction","name":"projects/prompt-battle-c5e6a/locations/us-central1/functions/redeemItchKey","httpsTrigger":{"securityLevel":"SECURE_ALWAYS"},"entryPoint":"redeemItchKey","updateTime":"1970-01-01T00:00:00Z","labels":{"deployment-tool":"cli-firebase","firebase-functions-hash":"d4fa81547bac1ca707eb0988d534e987f547df30"},"sourceUploadUrl":"https://storage.googleapis.com/uploads-763700285092.us-central1.cloudfunctions.appspot.com/8f0a08e6-ee58-4376-90f5-a123a31d90fb.zip?GoogleAccessId=service-329010584107@gcf-admin-robot.iam.gserviceaccount.com&Expires=1773728448&Signature=wPYDBa3v9T%2BzEdJcwe58wa%2BOF31A3I8IU4soZsWOuLLq8KY6rTCw9a0Q%2FG88%2BTUOtnzfuuIvbP%2FN%2FfjWKkkMuORIKJ0FLc8yC9gEzL%2FAXEFWfeReHwGJ%2BHxGE%2FpnE4GcuYshlG86F7fKbBpidvkYKu%2BhJJ5ViD5MBrntGkTB%2BosFIV0kdqs%2FvxPh2eTY5H60WGoGozw2uSzb6OhkN7sRFd9%2FCjozGwlS3ZGtRfyaPt1YTGFEP0%2BltvBZvVSFRsNnEFh2RkhLFUl0JSY8%2FOtbL6p5D5bVQAbBbJj1bnNHXaS6VhcuLCa6NhW3pZSCaWWXXyxBEGHgHJVMOU%2FU9XbNsg%3D%3D","environmentVariables":{"FIREBASE_CONFIG":"{\"projectId\":\"prompt-battle-c5e6a\",\"databaseURL\":\"https://prompt-battle-c5e6a-default-rtdb.firebaseio.com\",\"storageBucket\":\"prompt-battle-c5e6a.firebasestorage.app\"}","GCLOUD_PROJECT":"prompt-battle-c5e6a","EVENTARC_CLOUD_EVENT_SOURCE":"projects/prompt-battle-c5e6a/locations/us-central1/functions/redeemItchKey"},"runtime":"nodejs20","buildEnvironmentVariables":{"GOOGLE_NODE_RUN_SCRIPTS":""},"dockerRegistry":"ARTIFACT_REGISTRY"},"versionId":"1","updateTime":"2026-03-17T05:52:12.996889623Z","buildId":"ae8416aa-8285-4c9a-b448-2e5e6e8a8a79","buildName":"projects/329010584107/locations/us-central1/builds/ae8416aa-8285-4c9a-b448-2e5e6e8a8a79"},"done":true,"error":{"code":13,"message":"Gen1 operation for function projects/prompt-battle-c5e6a/locations/us-central1/functions/redeemItchKey failed: Build failed: Build error details not available.Please check the logs at https://console.cloud.google.com/cloud-build/builds;region=us-central1/ae8416aa-8285-4c9a-b448-2e5e6e8a8a79?project=329010584107. Please visit https://cloud.google.com/functions/docs/troubleshooting#build for in-depth troubleshooting documentation for build related errors..","details":[{"@type":"type.googleapis.com/google.rpc.DebugInfo","stackEntries":["cloud/control2/shared/userfriendly/userfriendly_helpers.go:66 +0x25 google3/cloud/control2/shared/userfriendly/userfriendly.DebugInfoWithMessage({0x1a86d7484780, 0x1ca})","cloud/control2/frontend/storedata/public_operation.go:256 +0xd1 google3/cloud/control2/frontend/storedata/publicoperation.toOperationError({0x55a88812b2c8, 0x1a86d5448330}, 0x1a86f7d804e8?, 0x8?)","cloud/control2/frontend/storedata/public_operation.go:122 +0x3c5 google3/cloud/control2/frontend/storedata/publicoperation.ToPublic({0x55a88812b2c8, 0x1a86d5448330}, 0x1a86f7d804e8, 0x1a86c2c16308, 0x1a86c3606cf0, 0x1a86b2996240)","cloud/control2/frontend/converters/operation_converter.go:46 +0xa7 google3/cloud/control2/frontend/converters/operationconverter.(*OperationConverter).ConvertResource(0x1a86d2204dc0, {0x55a88812b2c8, 0x1a86d5448330}, {0x55a88813a7e0, 0x1a86f7d804e8}, 0x1a86b2f8f440?, 0x1a86b2996240?)","cloud/control2/frontend/handler/get.go:220 +0x1e13 google3/cloud/control2/frontend/handler/handler.Handler.handleGet({{0x7f35f7e510b0, 0x1a86b3fff940}, {0x1a86b809de60, 0x1a86b8416820, {0x55a88815e188, 0x1a86b2f8f440}, 0x1a86b2996240, 0x1a86b3694c00}, {{0x55a887f9e340, 0x1a86b5283780}}, ...}, ...)","cloud/control2/frontend/handler/handler_init.go:511 +0xaa google3/cloud/control2/frontend/handler/handler.init.func55({_, _}, {0x1a86ca36d088, 0x1a86cf4613e0, 0x0, 0x0, 0x0, 0x0, 0x1a86c0a26a40, 0x1a86c0a26a80, ...})","cloud/control2/frontend/handler/handler_init.go:273 +0x85 google3/cloud/control2/frontend/handler/handler.RegularInitializer.initGetMethodStates.func2({_, _}, {0x1a86ca36d088, 0x1a86cf4613e0, 0x0, 0x0, 0x0, 0x0, 0x1a86c0a26a40, 0x1a86c0a26a80, ...})","cloud/control2/frontend/handler/handler.go:328 google3/cloud/control2/frontend/handler/handler.Handler.start.func1(...)","cloud/control2/frontend/handler/handler.go:329 +0x396 google3/cloud/control2/frontend/handler/handler.Handler.start({{0x7f35f7e510b0, 0x1a86b3fff940}, {0x1a86b809de60, 0x1a86b8416820, {0x55a88815e188, 0x1a86b2f8f440}, 0x1a86b2996240, 0x1a86b3694c00}, {{0x55a887f9e340, 0x1a86b5283780}}, ...}, ...)","cloud/control2/frontend/handler/handler.go:312 +0x92 google3/cloud/control2/frontend/handler/handler.init.func63({0x55a88812b2c8?, _}, {{0x7f35f7e510b0, 0x1a86b3fff940}, {0x1a86b809de60, 0x1a86b8416820, {0x55a88815e188, 0x1a86b2f8f440}, 0x1a86b2996240, 0x1a86b3694c00}, ...}, ...)","cloud/control2/frontend/handler/handler.go:307 +0x179 google3/cloud/control2/frontend/handler/handler.Handler.HandleRequest({{0x7f35f7e510b0, 0x1a86b3fff940}, {0x1a86b809de60, 0x1a86b8416820, {0x55a88815e188, 0x1a86b2f8f440}, 0x1a86b2996240, 0x1a86b3694c00}, {{0x55a887f9e340, 0x1a86b5283780}}, ...}, ...)","cloud/control2/frontend/server/request_handler.go:170 +0x145 google3/cloud/control2/frontend/server/requesthandler.init.func1({0x55a88812b2c8?, 0x1a86f66f5b90?}, 0x1a86b5804f00, 0x1a86c0a26a00, 0x1a86c0a26a40, 0x1a86c0a26a80)","cloud/control2/frontend/server/request_handler.go:143 +0x6a3 google3/cloud/control2/frontend/server/requesthandler.(*Handler).handleRequestWithFullMethodName(0x1a86b5804f00, {0x55a88812b2c8, 0x1a86f66f5a10}, 0x1a86c7d59500, 0x1a86bc8a20c0, 0x1a86cf461338, {0x0?, 0x1000000?})","cloud/control2/frontend/server/request_handler.go:88 +0x41f google3/cloud/control2/frontend/server/requesthandler.(*Handler).handleRequest(0x1a86b5804f00, {0x55a88812b2c8, 0x1a86f66f5a10}, 0x1a86bc8a20c0, 0x1a86cf461338)","cloud/control2/frontend/server/request_handler.go:66 +0xd4 google3/cloud/control2/frontend/server/requesthandler.init.func2({0x55a88812b2c8?, 0x1a86f66f5a10?}, 0x55a87f7cf0a5?, 0x1a86d68e2f90?, 0x1a86d68e2f38?)","cloud/control2/frontend/server/request_handler.go:54 +0x38 google3/cloud/control2/frontend/server/requesthandler.(*Handler).handle(0x20?, {0x55a88812b2c8, 0x1a86f66f5a10}, 0x1a86bf2f1008?, 0x1a86cf461338?)","cloud/control2/shared/genericrpc/service.go:171 +0x3f9 google3/cloud/control2/shared/genericrpc/genericrpc.(*Dispatcher).DefaultMethodHandler(0x1a86b8687260, {0x55a88812b2c8, 0x1a86f66f5a10}, 0x1a86bc8a20c0)","net/rpc/go/stream.go:1180 +0x43 google3/net/rpc/go/rpc.runStreamHandler({0x55a88812b2c8?, 0x1a86f66f5a10?}, 0x1a86bc8a20c0?, {0x0?, 0x0?}, {0x55a888143210, 0x1a86d4815040})","net/goa/rpc/rpchandler.go:100 +0x502 google3/net/goa/rpc/rpchandler.ExecHandlerSubset({0x55a88812b2c8?, 0x1a86f29c1530?}, 0x1a86b2281538)","net/goa/rpc/rpchandler.go:327 +0xa1f google3/net/goa/rpc/rpchandler.(*closedRegistry).hook(0x1a86c07f67a0, {0x55a88812b5e8, 0x1a86bdcc6720}, 0x1a86cff19080)","production/fireaxe/go/filters/rpcserverinterceptor.go:62 +0x342 google3/production/fireaxe/go/filters/rpcserverinterceptor.(*Interceptor).MakeHook-fm.(*Interceptor).MakeHook.func2({0x55a88812b5e8, 0x1a86bdcc6720}, 0x1a86cff19080)"],"detail":"Gen1 operation for function projects/prompt-battle-c5e6a/locations/us-central1/functions/redeemItchKey failed: Build failed: Build error details not available.Please check the logs at https://console.cloud.google.com/cloud-build/builds;region=us-central1/ae8416aa-8285-4c9a-b448-2e5e6e8a8a79?project=329010584107. Please visit https://cloud.google.com/functions/docs/troubleshooting#build for in-depth troubleshooting documentation for build related errors.."}]}}
[debug] [2026-03-17T05:52:13.907Z] Got source token undefined for region us-central1
[error] Gen1 operation for function projects/prompt-battle-c5e6a/locations/us-central1/functions/redeemItchKey failed: Build failed: Build error details not available.Please check the logs at https://console.cloud.google.com/cloud-build/builds;region=us-central1/ae8416aa-8285-4c9a-b448-2e5e6e8a8a79?project=329010584107. Please visit https://cloud.google.com/functions/docs/troubleshooting#build for in-depth troubleshooting documentation for build related errors..
[debug] [2026-03-17T05:52:23.904Z] [create-default-us-central1-grantGlory] Retrying task index 0
[debug] [2026-03-17T05:52:23.904Z] Checked if tokens are valid: true, expires at: 1773729535384
[debug] [2026-03-17T05:52:23.904Z] Checked if tokens are valid: true, expires at: 1773729535384
[debug] [2026-03-17T05:52:23.904Z] >>> [apiv2][query] GET https://cloudfunctions.googleapis.com/v1/operations/cHJvamVjdHMvcHJvbXB0LWJhdHRsZS1jNWU2YS9sb2NhdGlvbnMvdXMtY2VudHJhbDEvb3BlcmF0aW9ucy9vcGVyYXRpb24tMTc3MzcyNjY3NjE4Ny02NGQzMWVjNzY3N2Y5LTZmNTFlNzMxLWNmYjczZDgz [none]
[debug] [2026-03-17T05:52:24.086Z] <<< [apiv2][status] GET https://cloudfunctions.googleapis.com/v1/operations/cHJvamVjdHMvcHJvbXB0LWJhdHRsZS1jNWU2YS9sb2NhdGlvbnMvdXMtY2VudHJhbDEvb3BlcmF0aW9ucy9vcGVyYXRpb24tMTc3MzcyNjY3NjE4Ny02NGQzMWVjNzY3N2Y5LTZmNTFlNzMxLWNmYjczZDgz 200
[debug] [2026-03-17T05:52:24.086Z] <<< [apiv2][body] GET https://cloudfunctions.googleapis.com/v1/operations/cHJvamVjdHMvcHJvbXB0LWJhdHRsZS1jNWU2YS9sb2NhdGlvbnMvdXMtY2VudHJhbDEvb3BlcmF0aW9ucy9vcGVyYXRpb24tMTc3MzcyNjY3NjE4Ny02NGQzMWVjNzY3N2Y5LTZmNTFlNzMxLWNmYjczZDgz {"name":"operations/cHJvamVjdHMvcHJvbXB0LWJhdHRsZS1jNWU2YS9sb2NhdGlvbnMvdXMtY2VudHJhbDEvb3BlcmF0aW9ucy9vcGVyYXRpb24tMTc3MzcyNjY3NjE4Ny02NGQzMWVjNzY3N2Y5LTZmNTFlNzMxLWNmYjczZDgz","metadata":{"@type":"type.googleapis.com/google.cloud.functions.v1.OperationMetadataV1","target":"projects/prompt-battle-c5e6a/locations/us-central1/functions/grantGlory","type":"CREATE_FUNCTION","request":{"@type":"type.googleapis.com/google.cloud.functions.v1.CloudFunction","name":"projects/prompt-battle-c5e6a/locations/us-central1/functions/grantGlory","httpsTrigger":{"securityLevel":"SECURE_ALWAYS"},"entryPoint":"grantGlory","updateTime":"1970-01-01T00:00:00Z","labels":{"deployment-tool":"cli-firebase","firebase-functions-hash":"d4fa81547bac1ca707eb0988d534e987f547df30"},"sourceUploadUrl":"https://storage.googleapis.com/uploads-763700285092.us-central1.cloudfunctions.appspot.com/8f0a08e6-ee58-4376-90f5-a123a31d90fb.zip?GoogleAccessId=service-329010584107@gcf-admin-robot.iam.gserviceaccount.com&Expires=1773728448&Signature=wPYDBa3v9T%2BzEdJcwe58wa%2BOF31A3I8IU4soZsWOuLLq8KY6rTCw9a0Q%2FG88%2BTUOtnzfuuIvbP%2FN%2FfjWKkkMuORIKJ0FLc8yC9gEzL%2FAXEFWfeReHwGJ%2BHxGE%2FpnE4GcuYshlG86F7fKbBpidvkYKu%2BhJJ5ViD5MBrntGkTB%2BosFIV0kdqs%2FvxPh2eTY5H60WGoGozw2uSzb6OhkN7sRFd9%2FCjozGwlS3ZGtRfyaPt1YTGFEP0%2BltvBZvVSFRsNnEFh2RkhLFUl0JSY8%2FOtbL6p5D5bVQAbBbJj1bnNHXaS6VhcuLCa6NhW3pZSCaWWXXyxBEGHgHJVMOU%2FU9XbNsg%3D%3D","environmentVariables":{"FIREBASE_CONFIG":"{\"projectId\":\"prompt-battle-c5e6a\",\"databaseURL\":\"https://prompt-battle-c5e6a-default-rtdb.firebaseio.com\",\"storageBucket\":\"prompt-battle-c5e6a.firebasestorage.app\"}","GCLOUD_PROJECT":"prompt-battle-c5e6a","EVENTARC_CLOUD_EVENT_SOURCE":"projects/prompt-battle-c5e6a/locations/us-central1/functions/grantGlory"},"runtime":"nodejs20","buildEnvironmentVariables":{"GOOGLE_NODE_RUN_SCRIPTS":""},"dockerRegistry":"ARTIFACT_REGISTRY"},"versionId":"1","updateTime":"2026-03-17T05:52:22.283565002Z","buildId":"714add40-5199-408c-8d5a-8b37209a094b","buildName":"projects/329010584107/locations/us-central1/builds/714add40-5199-408c-8d5a-8b37209a094b"},"done":true,"error":{"code":13,"message":"Gen1 operation for function projects/prompt-battle-c5e6a/locations/us-central1/functions/grantGlory failed: Build failed: Build error details not available.Please check the logs at https://console.cloud.google.com/cloud-build/builds;region=us-central1/714add40-5199-408c-8d5a-8b37209a094b?project=329010584107. Please visit https://cloud.google.com/functions/docs/troubleshooting#build for in-depth troubleshooting documentation for build related errors..","details":[{"@type":"type.googleapis.com/google.rpc.DebugInfo","stackEntries":["cloud/control2/shared/userfriendly/userfriendly_helpers.go:66 +0x25 google3/cloud/control2/shared/userfriendly/userfriendly.DebugInfoWithMessage({0x7006bc3ed20, 0x1c7})","cloud/control2/frontend/storedata/public_operation.go:256 +0xd1 google3/cloud/control2/frontend/storedata/publicoperation.toOperationError({0x558698b2b2c8, 0x70078ad75c0}, 0x7008e203238?, 0xf8?)","cloud/control2/frontend/storedata/public_operation.go:122 +0x3c5 google3/cloud/control2/frontend/storedata/publicoperation.ToPublic({0x558698b2b2c8, 0x70078ad75c0}, 0x7008e203238, 0x7005903d5f8, 0x70080ea5830, 0x700525f9200)","cloud/control2/frontend/converters/operation_converter.go:46 +0xa7 google3/cloud/control2/frontend/converters/operationconverter.(*OperationConverter).ConvertResource(0x70074f90460, {0x558698b2b2c8, 0x70078ad75c0}, {0x558698b3a7e0, 0x7008e203238}, 0x70052c0d740?, 0x700525f9200?)","cloud/control2/frontend/handler/get.go:220 +0x1e13 google3/cloud/control2/frontend/handler/handler.Handler.handleGet({{0x7f410b9e9958, 0x7005b118a60}, {0x70056fbb740, 0x70056db9de0, {0x558698b5e188, 0x70052c0d740}, 0x700525f9200, 0x70074897a40}, {{0x55869899e340, 0x70055e48a00}}, ...}, ...)","cloud/control2/frontend/handler/handler_init.go:511 +0xaa google3/cloud/control2/frontend/handler/handler.init.func55({_, _}, {0x70055cd2688, 0x70082064420, 0x0, 0x0, 0x0, 0x0, 0x7005292a980, 0x7005292aa00, ...})","cloud/control2/frontend/handler/handler_init.go:273 +0x85 google3/cloud/control2/frontend/handler/handler.RegularInitializer.initGetMethodStates.func2({_, _}, {0x70055cd2688, 0x70082064420, 0x0, 0x0, 0x0, 0x0, 0x7005292a980, 0x7005292aa00, ...})","cloud/control2/frontend/handler/handler.go:328 google3/cloud/control2/frontend/handler/handler.Handler.start.func1(...)","cloud/control2/frontend/handler/handler.go:329 +0x396 google3/cloud/control2/frontend/handler/handler.Handler.start({{0x7f410b9e9958, 0x7005b118a60}, {0x70056fbb740, 0x70056db9de0, {0x558698b5e188, 0x70052c0d740}, 0x700525f9200, 0x70074897a40}, {{0x55869899e340, 0x70055e48a00}}, ...}, ...)","cloud/control2/frontend/handler/handler.go:312 +0x92 google3/cloud/control2/frontend/handler/handler.init.func63({0x558698b2b2c8?, _}, {{0x7f410b9e9958, 0x7005b118a60}, {0x70056fbb740, 0x70056db9de0, {0x558698b5e188, 0x70052c0d740}, 0x700525f9200, 0x70074897a40}, ...}, ...)","cloud/control2/frontend/handler/handler.go:307 +0x179 google3/cloud/control2/frontend/handler/handler.Handler.HandleRequest({{0x7f410b9e9958, 0x7005b118a60}, {0x70056fbb740, 0x70056db9de0, {0x558698b5e188, 0x70052c0d740}, 0x700525f9200, 0x70074897a40}, {{0x55869899e340, 0x70055e48a00}}, ...}, ...)","cloud/control2/frontend/server/request_handler.go:170 +0x145 google3/cloud/control2/frontend/server/requesthandler.init.func1({0x558698b2b2c8?, 0x70075bcd2f0?}, 0x7005da23500, 0x7005292a900, 0x7005292a980, 0x7005292aa00)","cloud/control2/frontend/server/request_handler.go:143 +0x6a3 google3/cloud/control2/frontend/server/requesthandler.(*Handler).handleRequestWithFullMethodName(0x7005da23500, {0x558698b2b2c8, 0x70075bcd1d0}, 0x700791d9b00, 0x70076ac4c48, 0x70082064360, {0x0?, 0x1000000?})","cloud/control2/frontend/server/request_handler.go:88 +0x41f google3/cloud/control2/frontend/server/requesthandler.(*Handler).handleRequest(0x7005da23500, {0x558698b2b2c8, 0x70075bcd1d0}, 0x70076ac4c48, 0x70082064360)","cloud/control2/frontend/server/request_handler.go:66 +0xd4 google3/cloud/control2/frontend/server/requesthandler.init.func2({0x558698b2b2c8?, 0x70075bcd1d0?}, 0x5586901cf0a5?, 0x70054388f90?, 0x70054388f38?)","cloud/control2/frontend/server/request_handler.go:54 +0x38 google3/cloud/control2/frontend/server/requesthandler.(*Handler).handle(0x1?, {0x558698b2b2c8, 0x70075bcd1d0}, 0x7004bf80008?, 0x70082064360?)","cloud/control2/shared/genericrpc/service.go:171 +0x3f9 google3/cloud/control2/shared/genericrpc/genericrpc.(*Dispatcher).DefaultMethodHandler(0x7005e1d6b40, {0x558698b2b2c8, 0x70075bcd1d0}, 0x70076ac4c48)","net/rpc/go/stream.go:1180 +0x43 google3/net/rpc/go/rpc.runStreamHandler({0x558698b2b2c8?, 0x70075bcd1d0?}, 0x70076ac4c48?, {0x0?, 0x0?}, {0x558698b43210, 0x7007bb9f450})","net/goa/rpc/rpchandler.go:100 +0x502 google3/net/goa/rpc/rpchandler.ExecHandlerSubset({0x558698b2b2c8?, 0x7009fdaecc0?}, 0x7005a03f538)","net/goa/rpc/rpchandler.go:327 +0xa1f google3/net/goa/rpc/rpchandler.(*closedRegistry).hook(0x70057811b40, {0x558698b2b5e8, 0x7006de02d20}, 0x7007737b280)","production/fireaxe/go/filters/rpcserverinterceptor.go:62 +0x342 google3/production/fireaxe/go/filters/rpcserverinterceptor.(*Interceptor).MakeHook-fm.(*Interceptor).MakeHook.func2({0x558698b2b5e8, 0x7006de02d20}, 0x7007737b280)"],"detail":"Gen1 operation for function projects/prompt-battle-c5e6a/locations/us-central1/functions/grantGlory failed: Build failed: Build error details not available.Please check the logs at https://console.cloud.google.com/cloud-build/builds;region=us-central1/714add40-5199-408c-8d5a-8b37209a094b?project=329010584107. Please visit https://cloud.google.com/functions/docs/troubleshooting#build for in-depth troubleshooting documentation for build related errors.."}]}}
[debug] [2026-03-17T05:52:24.086Z] Got source token undefined for region us-central1
[error] Gen1 operation for function projects/prompt-battle-c5e6a/locations/us-central1/functions/grantGlory failed: Build failed: Build error details not available.Please check the logs at https://console.cloud.google.com/cloud-build/builds;region=us-central1/714add40-5199-408c-8d5a-8b37209a094b?project=329010584107. Please visit https://cloud.google.com/functions/docs/troubleshooting#build for in-depth troubleshooting documentation for build related errors..
[debug] [2026-03-17T05:52:24.103Z] Total Function Deployment time: 94887
[debug] [2026-03-17T05:52:24.103Z] 15 Functions Deployed
[debug] [2026-03-17T05:52:24.103Z] 15 Functions Errored
[debug] [2026-03-17T05:52:24.103Z] 0 Function Deployments Aborted
[debug] [2026-03-17T05:52:24.103Z] Average Function Deployment time: 64534.933333333334
[info] 
[info] Functions deploy had errors with the following functions:
	adminGrantItems(us-central1)
	claimBattlePassReward(us-central1)
	completePayment(us-central1)
	createOrder(us-central1)
	grantBattlePassXp(us-central1)
	grantGlory(us-central1)
	grantXp(us-central1)
	itchAppAuth(us-central1)
	itchOAuthCallback(us-central1)
	onPlayerJoinQueue(us-central1)
	processPlayerCommand(us-central1)
	purchaseBattlePass(us-central1)
	purchaseItem(us-central1)
	redeemItchKey(us-central1)
	squareWebhook(us-central1)
[debug] [2026-03-17T05:52:24.239Z] Not printing URL for HTTPS function. Typically this means it didn't match a filter or we failed deployment
[debug] [2026-03-17T05:52:24.239Z] Not printing URL for HTTPS function. Typically this means it didn't match a filter or we failed deployment
[debug] [2026-03-17T05:52:24.239Z] Not printing URL for HTTPS function. Typically this means it didn't match a filter or we failed deployment
[debug] [2026-03-17T05:52:24.239Z] Not printing URL for HTTPS function. Typically this means it didn't match a filter or we failed deployment
[debug] [2026-03-17T05:52:24.239Z] Not printing URL for HTTPS function. Typically this means it didn't match a filter or we failed deployment
[debug] [2026-03-17T05:52:24.239Z] Not printing URL for HTTPS function. Typically this means it didn't match a filter or we failed deployment
[debug] [2026-03-17T05:52:24.239Z] Not printing URL for HTTPS function. Typically this means it didn't match a filter or we failed deployment
[debug] [2026-03-17T05:52:24.239Z] Not printing URL for HTTPS function. Typically this means it didn't match a filter or we failed deployment
[debug] [2026-03-17T05:52:24.239Z] Not printing URL for HTTPS function. Typically this means it didn't match a filter or we failed deployment
[debug] [2026-03-17T05:52:24.239Z] Not printing URL for HTTPS function. Typically this means it didn't match a filter or we failed deployment
[debug] [2026-03-17T05:52:24.239Z] Not printing URL for HTTPS function. Typically this means it didn't match a filter or we failed deployment
[debug] [2026-03-17T05:52:24.239Z] Not printing URL for HTTPS function. Typically this means it didn't match a filter or we failed deployment
[debug] [2026-03-17T05:52:24.239Z] Not printing URL for HTTPS function. Typically this means it didn't match a filter or we failed deployment
[debug] [2026-03-17T05:52:24.239Z] Not printing URL for HTTPS function. Typically this means it didn't match a filter or we failed deployment
[debug] [2026-03-17T05:52:24.239Z] Checked if tokens are valid: true, expires at: 1773729535384
[debug] [2026-03-17T05:52:24.239Z] Checked if tokens are valid: true, expires at: 1773729535384
[debug] [2026-03-17T05:52:24.240Z] >>> [apiv2][query] GET https://artifactregistry.googleapis.com/v1/projects/prompt-battle-c5e6a/locations/us-central1/repositories/gcf-artifacts [none]
[debug] [2026-03-17T05:52:24.628Z] <<< [apiv2][status] GET https://artifactregistry.googleapis.com/v1/projects/prompt-battle-c5e6a/locations/us-central1/repositories/gcf-artifacts 200
[debug] [2026-03-17T05:52:24.628Z] <<< [apiv2][body] GET https://artifactregistry.googleapis.com/v1/projects/prompt-battle-c5e6a/locations/us-central1/repositories/gcf-artifacts {"name":"projects/prompt-battle-c5e6a/locations/us-central1/repositories/gcf-artifacts","format":"DOCKER","description":"This repository is created and used by Cloud Functions for storing function docker images.","labels":{"goog-managed-by":"cloudfunctions"},"createTime":"2026-03-17T05:43:31.320541Z","updateTime":"2026-03-17T05:45:42.301683Z","mode":"STANDARD_REPOSITORY","cleanupPolicies":{"firebase-functions-cleanup":{"id":"firebase-functions-cleanup","action":"DELETE","condition":{"tagState":"ANY","olderThan":"86400s"}}},"vulnerabilityScanningConfig":{"lastEnableTime":"2026-03-17T05:43:22.982308579Z","enablementState":"SCANNING_DISABLED","enablementStateReason":"API containerscanning.googleapis.com is not enabled."},"satisfiesPzi":true,"registryUri":"us-central1-docker.pkg.dev/prompt-battle-c5e6a/gcf-artifacts"}
[debug] [2026-03-17T05:52:24.628Z] Functions deploy failed.
[debug] [2026-03-17T05:52:24.629Z] {
  "endpoint": {
    "id": "createOrder",
    "project": "prompt-battle-c5e6a",
    "region": "us-central1",
    "entryPoint": "createOrder",
    "platform": "gcfv1",
    "runtime": "nodejs20",
    "httpsTrigger": {},
    "serviceAccount": null,
    "ingressSettings": null,
    "availableMemoryMb": null,
    "timeoutSeconds": null,
    "maxInstances": null,
    "minInstances": null,
    "vpc": null,
    "environmentVariables": {
      "FIREBASE_CONFIG": "{\"projectId\":\"prompt-battle-c5e6a\",\"databaseURL\":\"https://prompt-battle-c5e6a-default-rtdb.firebaseio.com\",\"storageBucket\":\"prompt-battle-c5e6a.firebasestorage.app\"}",
      "GCLOUD_PROJECT": "prompt-battle-c5e6a",
      "EVENTARC_CLOUD_EVENT_SOURCE": "projects/prompt-battle-c5e6a/locations/us-central1/functions/createOrder"
    },
    "codebase": "default",
    "targetedByOnly": false,
    "hash": "d4fa81547bac1ca707eb0988d534e987f547df30",
    "labels": {
      "deployment-tool": "cli-firebase"
    }
  },
  "op": "create",
  "original": {
    "name": "FirebaseError",
    "children": [],
    "exit": 1,
    "message": "Gen1 operation for function projects/prompt-battle-c5e6a/locations/us-central1/functions/createOrder failed: Build failed: Build error details not available.Please check the logs at https://console.cloud.google.com/cloud-build/builds;region=us-central1/fa443cad-af39-401c-b02a-78ca13e2c53f?project=329010584107. Please visit https://cloud.google.com/functions/docs/troubleshooting#build for in-depth troubleshooting documentation for build related errors..",
    "original": {
      "code": 13,
      "message": "Gen1 operation for function projects/prompt-battle-c5e6a/locations/us-central1/functions/createOrder failed: Build failed: Build error details not available.Please check the logs at https://console.cloud.google.com/cloud-build/builds;region=us-central1/fa443cad-af39-401c-b02a-78ca13e2c53f?project=329010584107. Please visit https://cloud.google.com/functions/docs/troubleshooting#build for in-depth troubleshooting documentation for build related errors..",
      "details": [
        {
          "@type": "type.googleapis.com/google.rpc.DebugInfo",
          "stackEntries": [
            "cloud/control2/shared/userfriendly/userfriendly_helpers.go:66 +0x24 google3/cloud/control2/shared/userfriendly/userfriendly.DebugInfoWithMessage({0x1d39be9514a0, 0x1c8})",
            "cloud/control2/frontend/storedata/public_operation.go:256 +0xc0 google3/cloud/control2/frontend/storedata/publicoperation.toOperationError({0xaaaaff12b1e8, 0x1d39d3565dd0}, 0x1d39b0d55698?, 0x88?)",
            "cloud/control2/frontend/storedata/public_operation.go:122 +0x314 google3/cloud/control2/frontend/storedata/publicoperation.ToPublic({0xaaaaff12b1e8, 0x1d39d3565dd0}, 0x1d39b0d55698, 0x1d39a851ea88, 0x1d39c2c35050, 0x1d399f239290)",
            "cloud/control2/frontend/converters/operation_converter.go:46 +0x78 google3/cloud/control2/frontend/converters/operationconverter.(*OperationConverter).ConvertResource(0x1d39b86cee10, {0xaaaaff12b1e8, 0x1d39d3565dd0}, {0xaaaaff13a740, 0x1d39b0d55698}, 0x1d399f5c7740?, 0x1d399f239290?)",
            "cloud/control2/frontend/handler/get.go:220 +0x1450 google3/cloud/control2/frontend/handler/handler.Handler.handleGet({{0xffff2eda65a0, 0x1d399f20c300}, {0x1d39a3176e40, 0x1d39a41f7470, {0xaaaaff15e0e8, 0x1d399f5c7740}, 0x1d399f239290, 0x1d39c719b380}, {{0xaaaafef9e260, 0x1d39a2f24500}}, ...}, ...)",
            "cloud/control2/frontend/handler/handler_init.go:511 +0x68 google3/cloud/control2/frontend/handler/handler.init.func55({_, _}, {0x1d39c2110008, 0x1d39b8d62210, 0x0, 0x0, 0x0, 0x0, 0x1d399f8e2f80, 0x1d399f8e3000, ...})",
            "cloud/control2/frontend/handler/handler_init.go:273 +0x64 google3/cloud/control2/frontend/handler/handler.RegularInitializer.initGetMethodStates.func2({_, _}, {0x1d39c2110008, 0x1d39b8d62210, 0x0, 0x0, 0x0, 0x0, 0x1d399f8e2f80, 0x1d399f8e3000, ...})",
            "cloud/control2/frontend/handler/handler.go:328 google3/cloud/control2/frontend/handler/handler.Handler.start.func1(...)",
            "cloud/control2/frontend/handler/handler.go:329 +0x254 google3/cloud/control2/frontend/handler/handler.Handler.start({{0xffff2eda65a0, 0x1d399f20c300}, {0x1d39a3176e40, 0x1d39a41f7470, {0xaaaaff15e0e8, 0x1d399f5c7740}, 0x1d399f239290, 0x1d39c719b380}, {{0xaaaafef9e260, 0x1d39a2f24500}}, ...}, ...)",
            "cloud/control2/frontend/handler/handler.go:312 +0x60 google3/cloud/control2/frontend/handler/handler.init.func63({0xaaaaff12b1e8?, _}, {{0xffff2eda65a0, 0x1d399f20c300}, {0x1d39a3176e40, 0x1d39a41f7470, {0xaaaaff15e0e8, 0x1d399f5c7740}, 0x1d399f239290, 0x1d39c719b380}, ...}, ...)",
            "cloud/control2/frontend/handler/handler.go:307 +0xf4 google3/cloud/control2/frontend/handler/handler.Handler.HandleRequest({{0xffff2eda65a0, 0x1d399f20c300}, {0x1d39a3176e40, 0x1d39a41f7470, {0xaaaaff15e0e8, 0x1d399f5c7740}, 0x1d399f239290, 0x1d39c719b380}, {{0xaaaafef9e260, 0x1d39a2f24500}}, ...}, ...)",
            "cloud/control2/frontend/server/request_handler.go:170 +0xc4 google3/cloud/control2/frontend/server/requesthandler.init.func1({0xaaaaff12b1e8?, 0x1d39d5f89740?}, 0x1d39aa07cb00, 0x1d399f8e2f00, 0x1d399f8e2f80, 0x1d399f8e3000)",
            "cloud/control2/frontend/server/request_handler.go:143 +0x4f4 google3/cloud/control2/frontend/server/requesthandler.(*Handler).handleRequestWithFullMethodName(0x1d39aa07cb00, {0xaaaaff12b1e8, 0x1d39d5f895f0}, 0x1d39cbdcba80, 0x1d39a27f4f78, 0x1d39b8d62168, {0x0?, 0x0?})",
            "cloud/control2/frontend/server/request_handler.go:88 +0x378 google3/cloud/control2/frontend/server/requesthandler.(*Handler).handleRequest(0x1d39aa07cb00, {0xaaaaff12b1e8, 0x1d39d5f895f0}, 0x1d39a27f4f78, 0x1d39b8d62168)",
            "cloud/control2/frontend/server/request_handler.go:66 +0xa4 google3/cloud/control2/frontend/server/requesthandler.init.func2({0xaaaaff12b1e8?, 0x1d39d5f895f0?}, 0x1d39c9061579?, 0x1d39a6234753?, 0x1d39c9061584?)",
            "cloud/control2/frontend/server/request_handler.go:54 +0x40 google3/cloud/control2/frontend/server/requesthandler.(*Handler).handle(0x5?, {0xaaaaff12b1e8, 0x1d39d5f895f0}, 0xffff91ce5a00?, 0x1d3998f00808?)",
            "cloud/control2/shared/genericrpc/service.go:171 +0x3a8 google3/cloud/control2/shared/genericrpc/genericrpc.(*Dispatcher).DefaultMethodHandler(0x1d39aa98e030, {0xaaaaff12b1e8, 0x1d39d5f895f0}, 0x1d39a27f4f78)",
            "net/rpc/go/stream.go:1180 +0x4c google3/net/rpc/go/rpc.runStreamHandler({0xaaaaff12b1e8?, 0x1d39d5f895f0?}, 0x1d39a27f4f78?, {0x0?, 0x0?}, {0xaaaaff143170, 0x1d39a7f8eaf0})",
            "net/goa/rpc/rpchandler.go:100 +0x3b8 google3/net/goa/rpc/rpchandler.ExecHandlerSubset({0xaaaaff12b1e8?, 0x1d39c7b8ef90?}, 0x1d39b2d6b518)",
            "net/goa/rpc/rpchandler.go:327 +0x7f0 google3/net/goa/rpc/rpchandler.(*closedRegistry).hook(0x1d39a23c2120, {0xaaaaff12b508, 0x1d39c719a240}, 0x1d39c7d2c900)",
            "production/fireaxe/go/filters/rpcserverinterceptor.go:62 +0x258 google3/production/fireaxe/go/filters/rpcserverinterceptor.(*Interceptor).MakeHook-fm.(*Interceptor).MakeHook.func2({0xaaaaff12b508, 0x1d39c719a240}, 0x1d39c7d2c900)"
          ],
          "detail": "Gen1 operation for function projects/prompt-battle-c5e6a/locations/us-central1/functions/createOrder failed: Build failed: Build error details not available.Please check the logs at https://console.cloud.google.com/cloud-build/builds;region=us-central1/fa443cad-af39-401c-b02a-78ca13e2c53f?project=329010584107. Please visit https://cloud.google.com/functions/docs/troubleshooting#build for in-depth troubleshooting documentation for build related errors.."
        }
      ]
    },
    "status": 13,
    "code": 13
  }
}
[debug] [2026-03-17T05:52:24.629Z] {
  "endpoint": {
    "id": "squareWebhook",
    "project": "prompt-battle-c5e6a",
    "region": "us-central1",
    "entryPoint": "squareWebhook",
    "platform": "gcfv1",
    "runtime": "nodejs20",
    "httpsTrigger": {},
    "serviceAccount": null,
    "ingressSettings": null,
    "availableMemoryMb": null,
    "timeoutSeconds": null,
    "maxInstances": null,
    "minInstances": null,
    "vpc": null,
    "environmentVariables": {
      "FIREBASE_CONFIG": "{\"projectId\":\"prompt-battle-c5e6a\",\"databaseURL\":\"https://prompt-battle-c5e6a-default-rtdb.firebaseio.com\",\"storageBucket\":\"prompt-battle-c5e6a.firebasestorage.app\"}",
      "GCLOUD_PROJECT": "prompt-battle-c5e6a",
      "EVENTARC_CLOUD_EVENT_SOURCE": "projects/prompt-battle-c5e6a/locations/us-central1/functions/squareWebhook"
    },
    "codebase": "default",
    "targetedByOnly": false,
    "hash": "d4fa81547bac1ca707eb0988d534e987f547df30",
    "labels": {
      "deployment-tool": "cli-firebase"
    }
  },
  "op": "create",
  "original": {
    "name": "FirebaseError",
    "children": [],
    "exit": 1,
    "message": "Gen1 operation for function projects/prompt-battle-c5e6a/locations/us-central1/functions/squareWebhook failed: Build failed: Build error details not available.Please check the logs at https://console.cloud.google.com/cloud-build/builds;region=us-central1/54e29991-2567-4daa-a2c3-d7b7fc850379?project=329010584107. Please visit https://cloud.google.com/functions/docs/troubleshooting#build for in-depth troubleshooting documentation for build related errors..",
    "original": {
      "code": 13,
      "message": "Gen1 operation for function projects/prompt-battle-c5e6a/locations/us-central1/functions/squareWebhook failed: Build failed: Build error details not available.Please check the logs at https://console.cloud.google.com/cloud-build/builds;region=us-central1/54e29991-2567-4daa-a2c3-d7b7fc850379?project=329010584107. Please visit https://cloud.google.com/functions/docs/troubleshooting#build for in-depth troubleshooting documentation for build related errors..",
      "details": [
        {
          "@type": "type.googleapis.com/google.rpc.DebugInfo",
          "stackEntries": [
            "cloud/control2/shared/userfriendly/userfriendly_helpers.go:66 +0x24 google3/cloud/control2/shared/userfriendly/userfriendly.DebugInfoWithMessage({0x524eb72bd4a0, 0x1ca})",
            "cloud/control2/frontend/storedata/public_operation.go:256 +0xc0 google3/cloud/control2/frontend/storedata/publicoperation.toOperationError({0xaaaac872b1e8, 0x524ec2163cb0}, 0x524eaf337c10?, 0x58?)",
            "cloud/control2/frontend/storedata/public_operation.go:122 +0x314 google3/cloud/control2/frontend/storedata/publicoperation.ToPublic({0xaaaac872b1e8, 0x524ec2163cb0}, 0x524eaf337c10, 0x524eb0b1ac58, 0x524ecb836d80, 0x524ea13aa630)",
            "cloud/control2/frontend/converters/operation_converter.go:46 +0x78 google3/cloud/control2/frontend/converters/operationconverter.(*OperationConverter).ConvertResource(0x524ead31a500, {0xaaaac872b1e8, 0x524ec2163cb0}, {0xaaaac873a740, 0x524eaf337c10}, 0x524ea23c5e40?, 0x524ea13aa630?)",
            "cloud/control2/frontend/handler/get.go:220 +0x1450 google3/cloud/control2/frontend/handler/handler.Handler.handleGet({{0xffff31c33608, 0x524ea31c4c00}, {0x524ea443dca0, 0x524ea671cdc0, {0xaaaac875e0e8, 0x524ea23c5e40}, 0x524ea13aa630, 0x524ec2a82900}, {{0xaaaac859e260, 0x524ea5a42780}}, ...}, ...)",
            "cloud/control2/frontend/handler/handler_init.go:511 +0x68 google3/cloud/control2/frontend/handler/handler.init.func55({_, _}, {0x524eca310b08, 0x524ec71c1b18, 0x0, 0x0, 0x0, 0x0, 0x524ec5a9f200, 0x524ec5a9f240, ...})",
            "cloud/control2/frontend/handler/handler_init.go:273 +0x64 google3/cloud/control2/frontend/handler/handler.RegularInitializer.initGetMethodStates.func2({_, _}, {0x524eca310b08, 0x524ec71c1b18, 0x0, 0x0, 0x0, 0x0, 0x524ec5a9f200, 0x524ec5a9f240, ...})",
            "cloud/control2/frontend/handler/handler.go:328 google3/cloud/control2/frontend/handler/handler.Handler.start.func1(...)",
            "cloud/control2/frontend/handler/handler.go:329 +0x254 google3/cloud/control2/frontend/handler/handler.Handler.start({{0xffff31c33608, 0x524ea31c4c00}, {0x524ea443dca0, 0x524ea671cdc0, {0xaaaac875e0e8, 0x524ea23c5e40}, 0x524ea13aa630, 0x524ec2a82900}, {{0xaaaac859e260, 0x524ea5a42780}}, ...}, ...)",
            "cloud/control2/frontend/handler/handler.go:312 +0x60 google3/cloud/control2/frontend/handler/handler.init.func63({0xaaaac872b1e8?, _}, {{0xffff31c33608, 0x524ea31c4c00}, {0x524ea443dca0, 0x524ea671cdc0, {0xaaaac875e0e8, 0x524ea23c5e40}, 0x524ea13aa630, 0x524ec2a82900}, ...}, ...)",
            "cloud/control2/frontend/handler/handler.go:307 +0xf4 google3/cloud/control2/frontend/handler/handler.Handler.HandleRequest({{0xffff31c33608, 0x524ea31c4c00}, {0x524ea443dca0, 0x524ea671cdc0, {0xaaaac875e0e8, 0x524ea23c5e40}, 0x524ea13aa630, 0x524ec2a82900}, {{0xaaaac859e260, 0x524ea5a42780}}, ...}, ...)",
            "cloud/control2/frontend/server/request_handler.go:170 +0xc4 google3/cloud/control2/frontend/server/requesthandler.init.func1({0xaaaac872b1e8?, 0x524ecbe8f290?}, 0x524e9e1b6e00, 0x524ec5a9f1c0, 0x524ec5a9f200, 0x524ec5a9f240)",
            "cloud/control2/frontend/server/request_handler.go:143 +0x4f4 google3/cloud/control2/frontend/server/requesthandler.(*Handler).handleRequestWithFullMethodName(0x524e9e1b6e00, {0xaaaac872b1e8, 0x524ecbe8f110}, 0x524ecff42280, 0x524eaf15ee88, 0x524ec71c1a70, {0x0?, 0x0?})",
            "cloud/control2/frontend/server/request_handler.go:88 +0x378 google3/cloud/control2/frontend/server/requesthandler.(*Handler).handleRequest(0x524e9e1b6e00, {0xaaaac872b1e8, 0x524ecbe8f110}, 0x524eaf15ee88, 0x524ec71c1a70)",
            "cloud/control2/frontend/server/request_handler.go:66 +0xa4 google3/cloud/control2/frontend/server/requesthandler.init.func2({0xaaaac872b1e8?, 0x524ecbe8f110?}, 0x524ec361ed69?, 0x524edaeb5c33?, 0x524ec361ed74?)",
            "cloud/control2/frontend/server/request_handler.go:54 +0x40 google3/cloud/control2/frontend/server/requesthandler.(*Handler).handle(0x4?, {0xaaaac872b1e8, 0x524ecbe8f110}, 0xffff8d6febf0?, 0x524e9c100008?)",
            "cloud/control2/shared/genericrpc/service.go:171 +0x3a8 google3/cloud/control2/shared/genericrpc/genericrpc.(*Dispatcher).DefaultMethodHandler(0x524eaaec8600, {0xaaaac872b1e8, 0x524ecbe8f110}, 0x524eaf15ee88)",
            "net/rpc/go/stream.go:1180 +0x4c google3/net/rpc/go/rpc.runStreamHandler({0xaaaac872b1e8?, 0x524ecbe8f110?}, 0x524eaf15ee88?, {0x0?, 0x0?}, {0xaaaac8743170, 0x524ec1576d20})",
            "net/goa/rpc/rpchandler.go:100 +0x3b8 google3/net/goa/rpc/rpchandler.ExecHandlerSubset({0xaaaac872b1e8?, 0x524ed2711080?}, 0x524ea3f9f518)",
            "net/goa/rpc/rpchandler.go:327 +0x7f0 google3/net/goa/rpc/rpchandler.(*closedRegistry).hook(0x524ea37a27e0, {0xaaaac872b508, 0x524ec813b500}, 0x524e9d2a2900)",
            "production/fireaxe/go/filters/rpcserverinterceptor.go:62 +0x258 google3/production/fireaxe/go/filters/rpcserverinterceptor.(*Interceptor).MakeHook-fm.(*Interceptor).MakeHook.func2({0xaaaac872b508, 0x524ec813b500}, 0x524e9d2a2900)"
          ],
          "detail": "Gen1 operation for function projects/prompt-battle-c5e6a/locations/us-central1/functions/squareWebhook failed: Build failed: Build error details not available.Please check the logs at https://console.cloud.google.com/cloud-build/builds;region=us-central1/54e29991-2567-4daa-a2c3-d7b7fc850379?project=329010584107. Please visit https://cloud.google.com/functions/docs/troubleshooting#build for in-depth troubleshooting documentation for build related errors.."
        }
      ]
    },
    "status": 13,
    "code": 13
  }
}
[debug] [2026-03-17T05:52:24.629Z] {
  "endpoint": {
    "id": "processPlayerCommand",
    "project": "prompt-battle-c5e6a",
    "region": "us-central1",
    "entryPoint": "processPlayerCommand",
    "platform": "gcfv1",
    "runtime": "nodejs20",
    "httpsTrigger": {},
    "serviceAccount": null,
    "ingressSettings": null,
    "availableMemoryMb": null,
    "timeoutSeconds": null,
    "maxInstances": null,
    "minInstances": null,
    "vpc": null,
    "environmentVariables": {
      "FIREBASE_CONFIG": "{\"projectId\":\"prompt-battle-c5e6a\",\"databaseURL\":\"https://prompt-battle-c5e6a-default-rtdb.firebaseio.com\",\"storageBucket\":\"prompt-battle-c5e6a.firebasestorage.app\"}",
      "GCLOUD_PROJECT": "prompt-battle-c5e6a",
      "EVENTARC_CLOUD_EVENT_SOURCE": "projects/prompt-battle-c5e6a/locations/us-central1/functions/processPlayerCommand"
    },
    "codebase": "default",
    "targetedByOnly": false,
    "hash": "d4fa81547bac1ca707eb0988d534e987f547df30",
    "labels": {
      "deployment-tool": "cli-firebase"
    }
  },
  "op": "create",
  "original": {
    "name": "FirebaseError",
    "children": [],
    "exit": 1,
    "message": "Gen1 operation for function projects/prompt-battle-c5e6a/locations/us-central1/functions/processPlayerCommand failed: Build failed: Build error details not available.Please check the logs at https://console.cloud.google.com/cloud-build/builds;region=us-central1/b3ea6ae2-3bb3-4fc6-ad67-e26bfc7141bc?project=329010584107. Please visit https://cloud.google.com/functions/docs/troubleshooting#build for in-depth troubleshooting documentation for build related errors..",
    "original": {
      "code": 13,
      "message": "Gen1 operation for function projects/prompt-battle-c5e6a/locations/us-central1/functions/processPlayerCommand failed: Build failed: Build error details not available.Please check the logs at https://console.cloud.google.com/cloud-build/builds;region=us-central1/b3ea6ae2-3bb3-4fc6-ad67-e26bfc7141bc?project=329010584107. Please visit https://cloud.google.com/functions/docs/troubleshooting#build for in-depth troubleshooting documentation for build related errors..",
      "details": [
        {
          "@type": "type.googleapis.com/google.rpc.DebugInfo",
          "stackEntries": [
            "cloud/control2/shared/userfriendly/userfriendly_helpers.go:66 +0x25 google3/cloud/control2/shared/userfriendly/userfriendly.DebugInfoWithMessage({0x3ebb92024f00, 0x1d1})",
            "cloud/control2/frontend/storedata/public_operation.go:256 +0xd1 google3/cloud/control2/frontend/storedata/publicoperation.toOperationError({0x55f5d272b2c8, 0x3ebbb5252d50}, 0x3ebb91e8ab60?, 0x80?)",
            "cloud/control2/frontend/storedata/public_operation.go:122 +0x3c5 google3/cloud/control2/frontend/storedata/publicoperation.ToPublic({0x55f5d272b2c8, 0x3ebbb5252d50}, 0x3ebb91e8ab60, 0x3ebb91e8a380, 0x3ebbd277e240, 0x3ebb982b0a20)",
            "cloud/control2/frontend/converters/operation_converter.go:46 +0xa7 google3/cloud/control2/frontend/converters/operationconverter.(*OperationConverter).ConvertResource(0x3ebbab9e14a0, {0x55f5d272b2c8, 0x3ebbb5252d50}, {0x55f5d273a7e0, 0x3ebb91e8ab60}, 0x3ebb987b8200?, 0x3ebb982b0a20?)",
            "cloud/control2/frontend/handler/get.go:220 +0x1e13 google3/cloud/control2/frontend/handler/handler.Handler.handleGet({{0x7f2424649ad0, 0x3ebb9b172c00}, {0x3ebb9cdfd5e0, 0x3ebb9df6c820, {0x55f5d275e188, 0x3ebb987b8200}, 0x3ebb982b0a20, 0x3ebbbe2f47e0}, {{0x55f5d259e340, 0x3ebb9c49aa80}}, ...}, ...)",
            "cloud/control2/frontend/handler/handler_init.go:511 +0xaa google3/cloud/control2/frontend/handler/handler.init.func55({_, _}, {0x3ebb96cc5708, 0x3ebbc6867e30, 0x0, 0x0, 0x0, 0x0, 0x3ebbbc58d800, 0x3ebbbc58d840, ...})",
            "cloud/control2/frontend/handler/handler_init.go:273 +0x85 google3/cloud/control2/frontend/handler/handler.RegularInitializer.initGetMethodStates.func2({_, _}, {0x3ebb96cc5708, 0x3ebbc6867e30, 0x0, 0x0, 0x0, 0x0, 0x3ebbbc58d800, 0x3ebbbc58d840, ...})",
            "cloud/control2/frontend/handler/handler.go:328 google3/cloud/control2/frontend/handler/handler.Handler.start.func1(...)",
            "cloud/control2/frontend/handler/handler.go:329 +0x396 google3/cloud/control2/frontend/handler/handler.Handler.start({{0x7f2424649ad0, 0x3ebb9b172c00}, {0x3ebb9cdfd5e0, 0x3ebb9df6c820, {0x55f5d275e188, 0x3ebb987b8200}, 0x3ebb982b0a20, 0x3ebbbe2f47e0}, {{0x55f5d259e340, 0x3ebb9c49aa80}}, ...}, ...)",
            "cloud/control2/frontend/handler/handler.go:312 +0x92 google3/cloud/control2/frontend/handler/handler.init.func63({0x55f5d272b2c8?, _}, {{0x7f2424649ad0, 0x3ebb9b172c00}, {0x3ebb9cdfd5e0, 0x3ebb9df6c820, {0x55f5d275e188, 0x3ebb987b8200}, 0x3ebb982b0a20, 0x3ebbbe2f47e0}, ...}, ...)",
            "cloud/control2/frontend/handler/handler.go:307 +0x179 google3/cloud/control2/frontend/handler/handler.Handler.HandleRequest({{0x7f2424649ad0, 0x3ebb9b172c00}, {0x3ebb9cdfd5e0, 0x3ebb9df6c820, {0x55f5d275e188, 0x3ebb987b8200}, 0x3ebb982b0a20, 0x3ebbbe2f47e0}, {{0x55f5d259e340, 0x3ebb9c49aa80}}, ...}, ...)",
            "cloud/control2/frontend/server/request_handler.go:170 +0x145 google3/cloud/control2/frontend/server/requesthandler.init.func1({0x55f5d272b2c8?, 0x3ebbb7660990?}, 0x3ebb9fad9000, 0x3ebbbc58d7c0, 0x3ebbbc58d800, 0x3ebbbc58d840)",
            "cloud/control2/frontend/server/request_handler.go:143 +0x6a3 google3/cloud/control2/frontend/server/requesthandler.(*Handler).handleRequestWithFullMethodName(0x3ebb9fad9000, {0x55f5d272b2c8, 0x3ebbb7660840}, 0x3ebbc4978d40, 0x3ebbbff8f908, 0x3ebbc6867d70, {0x0?, 0x1000000?})",
            "cloud/control2/frontend/server/request_handler.go:88 +0x41f google3/cloud/control2/frontend/server/requesthandler.(*Handler).handleRequest(0x3ebb9fad9000, {0x55f5d272b2c8, 0x3ebbb7660840}, 0x3ebbbff8f908, 0x3ebbc6867d70)",
            "cloud/control2/frontend/server/request_handler.go:66 +0xd4 google3/cloud/control2/frontend/server/requesthandler.init.func2({0x55f5d272b2c8?, 0x3ebbb7660840?}, 0x55f5c9dcf0a5?, 0x55f5c8598842?, 0x3ebba795af38?)",
            "cloud/control2/frontend/server/request_handler.go:54 +0x38 google3/cloud/control2/frontend/server/requesthandler.(*Handler).handle(0x1?, {0x55f5d272b2c8, 0x3ebbb7660840}, 0x3ebbc0d8c008?, 0x3ebbc6867d70?)",
            "cloud/control2/shared/genericrpc/service.go:171 +0x3f9 google3/cloud/control2/shared/genericrpc/genericrpc.(*Dispatcher).DefaultMethodHandler(0x3ebba15fd320, {0x55f5d272b2c8, 0x3ebbb7660840}, 0x3ebbbff8f908)",
            "net/rpc/go/stream.go:1180 +0x43 google3/net/rpc/go/rpc.runStreamHandler({0x55f5d272b2c8?, 0x3ebbb7660840?}, 0x3ebbbff8f908?, {0x0?, 0x0?}, {0x55f5d2743210, 0x3ebbb7e7be00})",
            "net/goa/rpc/rpchandler.go:100 +0x502 google3/net/goa/rpc/rpchandler.ExecHandlerSubset({0x55f5d272b2c8?, 0x3ebbb9bfa210?}, 0x3ebba63bf538)",
            "net/goa/rpc/rpchandler.go:327 +0xa1f google3/net/goa/rpc/rpchandler.(*closedRegistry).hook(0x3ebb9fc41260, {0x55f5d272b5e8, 0x3ebb9bdfd980}, 0x3ebba322b480)",
            "production/fireaxe/go/filters/rpcserverinterceptor.go:62 +0x342 google3/production/fireaxe/go/filters/rpcserverinterceptor.(*Interceptor).MakeHook-fm.(*Interceptor).MakeHook.func2({0x55f5d272b5e8, 0x3ebb9bdfd980}, 0x3ebba322b480)"
          ],
          "detail": "Gen1 operation for function projects/prompt-battle-c5e6a/locations/us-central1/functions/processPlayerCommand failed: Build failed: Build error details not available.Please check the logs at https://console.cloud.google.com/cloud-build/builds;region=us-central1/b3ea6ae2-3bb3-4fc6-ad67-e26bfc7141bc?project=329010584107. Please visit https://cloud.google.com/functions/docs/troubleshooting#build for in-depth troubleshooting documentation for build related errors.."
        }
      ]
    },
    "status": 13,
    "code": 13
  }
}
[debug] [2026-03-17T05:52:24.629Z] {
  "endpoint": {
    "id": "purchaseBattlePass",
    "project": "prompt-battle-c5e6a",
    "region": "us-central1",
    "entryPoint": "purchaseBattlePass",
    "platform": "gcfv1",
    "runtime": "nodejs20",
    "httpsTrigger": {},
    "serviceAccount": null,
    "ingressSettings": null,
    "availableMemoryMb": null,
    "timeoutSeconds": null,
    "maxInstances": null,
    "minInstances": null,
    "vpc": null,
    "environmentVariables": {
      "FIREBASE_CONFIG": "{\"projectId\":\"prompt-battle-c5e6a\",\"databaseURL\":\"https://prompt-battle-c5e6a-default-rtdb.firebaseio.com\",\"storageBucket\":\"prompt-battle-c5e6a.firebasestorage.app\"}",
      "GCLOUD_PROJECT": "prompt-battle-c5e6a",
      "EVENTARC_CLOUD_EVENT_SOURCE": "projects/prompt-battle-c5e6a/locations/us-central1/functions/purchaseBattlePass"
    },
    "codebase": "default",
    "targetedByOnly": false,
    "hash": "d4fa81547bac1ca707eb0988d534e987f547df30",
    "labels": {
      "deployment-tool": "cli-firebase"
    }
  },
  "op": "create",
  "original": {
    "name": "FirebaseError",
    "children": [],
    "exit": 1,
    "message": "Gen1 operation for function projects/prompt-battle-c5e6a/locations/us-central1/functions/purchaseBattlePass failed: Build failed: Build error details not available.Please check the logs at https://console.cloud.google.com/cloud-build/builds;region=us-central1/b190a897-53e8-4cdc-b9a7-47584e582c4e?project=329010584107. Please visit https://cloud.google.com/functions/docs/troubleshooting#build for in-depth troubleshooting documentation for build related errors..",
    "original": {
      "code": 13,
      "message": "Gen1 operation for function projects/prompt-battle-c5e6a/locations/us-central1/functions/purchaseBattlePass failed: Build failed: Build error details not available.Please check the logs at https://console.cloud.google.com/cloud-build/builds;region=us-central1/b190a897-53e8-4cdc-b9a7-47584e582c4e?project=329010584107. Please visit https://cloud.google.com/functions/docs/troubleshooting#build for in-depth troubleshooting documentation for build related errors..",
      "details": [
        {
          "@type": "type.googleapis.com/google.rpc.DebugInfo",
          "stackEntries": [
            "cloud/control2/shared/userfriendly/userfriendly_helpers.go:66 +0x25 google3/cloud/control2/shared/userfriendly/userfriendly.DebugInfoWithMessage({0x3a2e27668000, 0x1cf})",
            "cloud/control2/frontend/storedata/public_operation.go:256 +0xd1 google3/cloud/control2/frontend/storedata/publicoperation.toOperationError({0x55db58b2b2c8, 0x3a2e21c01b00}, 0x3a2e557d4068?, 0x48?)",
            "cloud/control2/frontend/storedata/public_operation.go:122 +0x3c5 google3/cloud/control2/frontend/storedata/publicoperation.ToPublic({0x55db58b2b2c8, 0x3a2e21c01b00}, 0x3a2e557d4068, 0x3a2e18a46348, 0x3a2e3588fdd0, 0x3a2e0a586630)",
            "cloud/control2/frontend/converters/operation_converter.go:46 +0xa7 google3/cloud/control2/frontend/converters/operationconverter.(*OperationConverter).ConvertResource(0x3a2e258991d0, {0x55db58b2b2c8, 0x3a2e21c01b00}, {0x55db58b3a7e0, 0x3a2e557d4068}, 0x3a2e0fb57ec0?, 0x3a2e0a586630?)",
            "cloud/control2/frontend/handler/get.go:220 +0x1e13 google3/cloud/control2/frontend/handler/handler.Handler.handleGet({{0x7f1b5f537f40, 0x3a2e0c0230c0}, {0x3a2e1303c320, 0x3a2e1141a890, {0x55db58b5e188, 0x3a2e0fb57ec0}, 0x3a2e0a586630, 0x3a2e2f2b32c0}, {{0x55db5899e340, 0x3a2e126e6300}}, ...}, ...)",
            "cloud/control2/frontend/handler/handler_init.go:511 +0xaa google3/cloud/control2/frontend/handler/handler.init.func55({_, _}, {0x3a2e34342b08, 0x3a2e23520a68, 0x0, 0x0, 0x0, 0x0, 0x3a2e33c07280, 0x3a2e33c072c0, ...})",
            "cloud/control2/frontend/handler/handler_init.go:273 +0x85 google3/cloud/control2/frontend/handler/handler.RegularInitializer.initGetMethodStates.func2({_, _}, {0x3a2e34342b08, 0x3a2e23520a68, 0x0, 0x0, 0x0, 0x0, 0x3a2e33c07280, 0x3a2e33c072c0, ...})",
            "cloud/control2/frontend/handler/handler.go:328 google3/cloud/control2/frontend/handler/handler.Handler.start.func1(...)",
            "cloud/control2/frontend/handler/handler.go:329 +0x396 google3/cloud/control2/frontend/handler/handler.Handler.start({{0x7f1b5f537f40, 0x3a2e0c0230c0}, {0x3a2e1303c320, 0x3a2e1141a890, {0x55db58b5e188, 0x3a2e0fb57ec0}, 0x3a2e0a586630, 0x3a2e2f2b32c0}, {{0x55db5899e340, 0x3a2e126e6300}}, ...}, ...)",
            "cloud/control2/frontend/handler/handler.go:312 +0x92 google3/cloud/control2/frontend/handler/handler.init.func63({0x55db58b2b2c8?, _}, {{0x7f1b5f537f40, 0x3a2e0c0230c0}, {0x3a2e1303c320, 0x3a2e1141a890, {0x55db58b5e188, 0x3a2e0fb57ec0}, 0x3a2e0a586630, 0x3a2e2f2b32c0}, ...}, ...)",
            "cloud/control2/frontend/handler/handler.go:307 +0x179 google3/cloud/control2/frontend/handler/handler.Handler.HandleRequest({{0x7f1b5f537f40, 0x3a2e0c0230c0}, {0x3a2e1303c320, 0x3a2e1141a890, {0x55db58b5e188, 0x3a2e0fb57ec0}, 0x3a2e0a586630, 0x3a2e2f2b32c0}, {{0x55db5899e340, 0x3a2e126e6300}}, ...}, ...)",
            "cloud/control2/frontend/server/request_handler.go:170 +0x145 google3/cloud/control2/frontend/server/requesthandler.init.func1({0x55db58b2b2c8?, 0x3a2e1c117c20?}, 0x3a2e18e04b00, 0x3a2e33c071c0, 0x3a2e33c07280, 0x3a2e33c072c0)",
            "cloud/control2/frontend/server/request_handler.go:143 +0x6a3 google3/cloud/control2/frontend/server/requesthandler.(*Handler).handleRequestWithFullMethodName(0x3a2e18e04b00, {0x55db58b2b2c8, 0x3a2e1c1177a0}, 0x3a2e3644ce40, 0x3a2e23520060, 0x3a2e235209c0, {0x0?, 0x1000000?})",
            "cloud/control2/frontend/server/request_handler.go:88 +0x41f google3/cloud/control2/frontend/server/requesthandler.(*Handler).handleRequest(0x3a2e18e04b00, {0x55db58b2b2c8, 0x3a2e1c1177a0}, 0x3a2e23520060, 0x3a2e235209c0)",
            "cloud/control2/frontend/server/request_handler.go:66 +0xd4 google3/cloud/control2/frontend/server/requesthandler.init.func2({0x55db58b2b2c8?, 0x3a2e1c1177a0?}, 0x55db501cf0a5?, 0x55db4e998842?, 0x3a2e0a876f38?)",
            "cloud/control2/frontend/server/request_handler.go:54 +0x38 google3/cloud/control2/frontend/server/requesthandler.(*Handler).handle(0x1?, {0x55db58b2b2c8, 0x3a2e1c1177a0}, 0x3a2e25c31008?, 0x3a2e235209c0?)",
            "cloud/control2/shared/genericrpc/service.go:171 +0x3f9 google3/cloud/control2/shared/genericrpc/genericrpc.(*Dispatcher).DefaultMethodHandler(0x3a2e18e22db0, {0x55db58b2b2c8, 0x3a2e1c1177a0}, 0x3a2e23520060)",
            "net/rpc/go/stream.go:1180 +0x43 google3/net/rpc/go/rpc.runStreamHandler({0x55db58b2b2c8?, 0x3a2e1c1177a0?}, 0x3a2e23520060?, {0x0?, 0x0?}, {0x55db58b43210, 0x3a2e2fdb0af0})",
            "net/goa/rpc/rpchandler.go:100 +0x502 google3/net/goa/rpc/rpchandler.ExecHandlerSubset({0x55db58b2b2c8?, 0x3a2e30ed1ad0?}, 0x3a2e173d1538)",
            "net/goa/rpc/rpchandler.go:327 +0xa1f google3/net/goa/rpc/rpchandler.(*closedRegistry).hook(0x3a2e0c023c20, {0x55db58b2b5e8, 0x3a2e2f2b2120}, 0x3a2e2870cc80)",
            "production/fireaxe/go/filters/rpcserverinterceptor.go:62 +0x342 google3/production/fireaxe/go/filters/rpcserverinterceptor.(*Interceptor).MakeHook-fm.(*Interceptor).MakeHook.func2({0x55db58b2b5e8, 0x3a2e2f2b2120}, 0x3a2e2870cc80)"
          ],
          "detail": "Gen1 operation for function projects/prompt-battle-c5e6a/locations/us-central1/functions/purchaseBattlePass failed: Build failed: Build error details not available.Please check the logs at https://console.cloud.google.com/cloud-build/builds;region=us-central1/b190a897-53e8-4cdc-b9a7-47584e582c4e?project=329010584107. Please visit https://cloud.google.com/functions/docs/troubleshooting#build for in-depth troubleshooting documentation for build related errors.."
        }
      ]
    },
    "status": 13,
    "code": 13
  }
}
[debug] [2026-03-17T05:52:24.629Z] {
  "endpoint": {
    "id": "adminGrantItems",
    "project": "prompt-battle-c5e6a",
    "region": "us-central1",
    "entryPoint": "adminGrantItems",
    "platform": "gcfv1",
    "runtime": "nodejs20",
    "httpsTrigger": {},
    "serviceAccount": null,
    "ingressSettings": null,
    "availableMemoryMb": null,
    "timeoutSeconds": null,
    "maxInstances": null,
    "minInstances": null,
    "vpc": null,
    "environmentVariables": {
      "FIREBASE_CONFIG": "{\"projectId\":\"prompt-battle-c5e6a\",\"databaseURL\":\"https://prompt-battle-c5e6a-default-rtdb.firebaseio.com\",\"storageBucket\":\"prompt-battle-c5e6a.firebasestorage.app\"}",
      "GCLOUD_PROJECT": "prompt-battle-c5e6a",
      "EVENTARC_CLOUD_EVENT_SOURCE": "projects/prompt-battle-c5e6a/locations/us-central1/functions/adminGrantItems"
    },
    "codebase": "default",
    "targetedByOnly": false,
    "hash": "d4fa81547bac1ca707eb0988d534e987f547df30",
    "labels": {
      "deployment-tool": "cli-firebase"
    }
  },
  "op": "create",
  "original": {
    "name": "FirebaseError",
    "children": [],
    "exit": 1,
    "message": "Gen1 operation for function projects/prompt-battle-c5e6a/locations/us-central1/functions/adminGrantItems failed: Build failed: Build error details not available.Please check the logs at https://console.cloud.google.com/cloud-build/builds;region=us-central1/6907457a-3811-49c2-a9d0-9208cb34ea6c?project=329010584107. Please visit https://cloud.google.com/functions/docs/troubleshooting#build for in-depth troubleshooting documentation for build related errors..",
    "original": {
      "code": 13,
      "message": "Gen1 operation for function projects/prompt-battle-c5e6a/locations/us-central1/functions/adminGrantItems failed: Build failed: Build error details not available.Please check the logs at https://console.cloud.google.com/cloud-build/builds;region=us-central1/6907457a-3811-49c2-a9d0-9208cb34ea6c?project=329010584107. Please visit https://cloud.google.com/functions/docs/troubleshooting#build for in-depth troubleshooting documentation for build related errors..",
      "details": [
        {
          "@type": "type.googleapis.com/google.rpc.DebugInfo",
          "stackEntries": [
            "cloud/control2/shared/userfriendly/userfriendly_helpers.go:66 +0x25 google3/cloud/control2/shared/userfriendly/userfriendly.DebugInfoWithMessage({0x175d5d32a3c0, 0x1cc})",
            "cloud/control2/frontend/storedata/public_operation.go:256 +0xd1 google3/cloud/control2/frontend/storedata/publicoperation.toOperationError({0x55aee212b2c8, 0x175d69cb3470}, 0x175d5d546828?, 0x30?)",
            "cloud/control2/frontend/storedata/public_operation.go:122 +0x3c5 google3/cloud/control2/frontend/storedata/publicoperation.ToPublic({0x55aee212b2c8, 0x175d69cb3470}, 0x175d5d546828, 0x175d6c0fa330, 0x175d5bc69b90, 0x175d5b680360)",
            "cloud/control2/frontend/converters/operation_converter.go:46 +0xa7 google3/cloud/control2/frontend/converters/operationconverter.(*OperationConverter).ConvertResource(0x175d6ffa9e00, {0x55aee212b2c8, 0x175d69cb3470}, {0x55aee213a7e0, 0x175d5d546828}, 0x175d5cd77b40?, 0x175d5b680360?)",
            "cloud/control2/frontend/handler/get.go:220 +0x1e13 google3/cloud/control2/frontend/handler/handler.Handler.handleGet({{0x7f1d3bb0d2d8, 0x175d584d7020}, {0x175d5900a4a0, 0x175d5f930a80, {0x55aee215e188, 0x175d5cd77b40}, 0x175d5b680360, 0x175d621590e0}, {{0x55aee1f9e340, 0x175d607cf680}}, ...}, ...)",
            "cloud/control2/frontend/handler/handler_init.go:511 +0xaa google3/cloud/control2/frontend/handler/handler.init.func55({_, _}, {0x175d68d74588, 0x175d742262a0, 0x0, 0x0, 0x0, 0x0, 0x175d7bb1e2c0, 0x175d7bb1e300, ...})",
            "cloud/control2/frontend/handler/handler_init.go:273 +0x85 google3/cloud/control2/frontend/handler/handler.RegularInitializer.initGetMethodStates.func2({_, _}, {0x175d68d74588, 0x175d742262a0, 0x0, 0x0, 0x0, 0x0, 0x175d7bb1e2c0, 0x175d7bb1e300, ...})",
            "cloud/control2/frontend/handler/handler.go:328 google3/cloud/control2/frontend/handler/handler.Handler.start.func1(...)",
            "cloud/control2/frontend/handler/handler.go:329 +0x396 google3/cloud/control2/frontend/handler/handler.Handler.start({{0x7f1d3bb0d2d8, 0x175d584d7020}, {0x175d5900a4a0, 0x175d5f930a80, {0x55aee215e188, 0x175d5cd77b40}, 0x175d5b680360, 0x175d621590e0}, {{0x55aee1f9e340, 0x175d607cf680}}, ...}, ...)",
            "cloud/control2/frontend/handler/handler.go:312 +0x92 google3/cloud/control2/frontend/handler/handler.init.func63({0x55aee212b2c8?, _}, {{0x7f1d3bb0d2d8, 0x175d584d7020}, {0x175d5900a4a0, 0x175d5f930a80, {0x55aee215e188, 0x175d5cd77b40}, 0x175d5b680360, 0x175d621590e0}, ...}, ...)",
            "cloud/control2/frontend/handler/handler.go:307 +0x179 google3/cloud/control2/frontend/handler/handler.Handler.HandleRequest({{0x7f1d3bb0d2d8, 0x175d584d7020}, {0x175d5900a4a0, 0x175d5f930a80, {0x55aee215e188, 0x175d5cd77b40}, 0x175d5b680360, 0x175d621590e0}, {{0x55aee1f9e340, 0x175d607cf680}}, ...}, ...)",
            "cloud/control2/frontend/server/request_handler.go:170 +0x145 google3/cloud/control2/frontend/server/requesthandler.init.func1({0x55aee212b2c8?, 0x175d77fb4270?}, 0x175d61b3aa00, 0x175d7bb1e280, 0x175d7bb1e2c0, 0x175d7bb1e300)",
            "cloud/control2/frontend/server/request_handler.go:143 +0x6a3 google3/cloud/control2/frontend/server/requesthandler.(*Handler).handleRequestWithFullMethodName(0x175d61b3aa00, {0x55aee212b2c8, 0x175d77fb4090}, 0x175d5b2a1840, 0x175d7c936e58, 0x175d742261f8, {0x0?, 0x1000000?})",
            "cloud/control2/frontend/server/request_handler.go:88 +0x41f google3/cloud/control2/frontend/server/requesthandler.(*Handler).handleRequest(0x175d61b3aa00, {0x55aee212b2c8, 0x175d77fb4090}, 0x175d7c936e58, 0x175d742261f8)",
            "cloud/control2/frontend/server/request_handler.go:66 +0xd4 google3/cloud/control2/frontend/server/requesthandler.init.func2({0x55aee212b2c8?, 0x175d77fb4090?}, 0x55aed97cf0a5?, 0x7f1d9a512a00?, 0x175d788acf38?)",
            "cloud/control2/frontend/server/request_handler.go:54 +0x38 google3/cloud/control2/frontend/server/requesthandler.(*Handler).handle(0x3f?, {0x55aee212b2c8, 0x175d77fb4090}, 0x175d544fb808?, 0x175d742261f8?)",
            "cloud/control2/shared/genericrpc/service.go:171 +0x3f9 google3/cloud/control2/shared/genericrpc/genericrpc.(*Dispatcher).DefaultMethodHandler(0x175d61bbabd0, {0x55aee212b2c8, 0x175d77fb4090}, 0x175d7c936e58)",
            "net/rpc/go/stream.go:1180 +0x43 google3/net/rpc/go/rpc.runStreamHandler({0x55aee212b2c8?, 0x175d77fb4090?}, 0x175d7c936e58?, {0x0?, 0x0?}, {0x55aee2143210, 0x175d76db4d20})",
            "net/goa/rpc/rpchandler.go:100 +0x502 google3/net/goa/rpc/rpchandler.ExecHandlerSubset({0x55aee212b2c8?, 0x175d5fe71860?}, 0x175d5a203538)",
            "net/goa/rpc/rpchandler.go:327 +0xa1f google3/net/goa/rpc/rpchandler.(*closedRegistry).hook(0x175d67fb4120, {0x55aee212b5e8, 0x175d6dc530e0}, 0x175d7c850a00)",
            "production/fireaxe/go/filters/rpcserverinterceptor.go:62 +0x342 google3/production/fireaxe/go/filters/rpcserverinterceptor.(*Interceptor).MakeHook-fm.(*Interceptor).MakeHook.func2({0x55aee212b5e8, 0x175d6dc530e0}, 0x175d7c850a00)"
          ],
          "detail": "Gen1 operation for function projects/prompt-battle-c5e6a/locations/us-central1/functions/adminGrantItems failed: Build failed: Build error details not available.Please check the logs at https://console.cloud.google.com/cloud-build/builds;region=us-central1/6907457a-3811-49c2-a9d0-9208cb34ea6c?project=329010584107. Please visit https://cloud.google.com/functions/docs/troubleshooting#build for in-depth troubleshooting documentation for build related errors.."
        }
      ]
    },
    "status": 13,
    "code": 13
  }
}
[debug] [2026-03-17T05:52:24.629Z] {
  "endpoint": {
    "id": "claimBattlePassReward",
    "project": "prompt-battle-c5e6a",
    "region": "us-central1",
    "entryPoint": "claimBattlePassReward",
    "platform": "gcfv1",
    "runtime": "nodejs20",
    "httpsTrigger": {},
    "serviceAccount": null,
    "ingressSettings": null,
    "availableMemoryMb": null,
    "timeoutSeconds": null,
    "maxInstances": null,
    "minInstances": null,
    "vpc": null,
    "environmentVariables": {
      "FIREBASE_CONFIG": "{\"projectId\":\"prompt-battle-c5e6a\",\"databaseURL\":\"https://prompt-battle-c5e6a-default-rtdb.firebaseio.com\",\"storageBucket\":\"prompt-battle-c5e6a.firebasestorage.app\"}",
      "GCLOUD_PROJECT": "prompt-battle-c5e6a",
      "EVENTARC_CLOUD_EVENT_SOURCE": "projects/prompt-battle-c5e6a/locations/us-central1/functions/claimBattlePassReward"
    },
    "codebase": "default",
    "targetedByOnly": false,
    "hash": "d4fa81547bac1ca707eb0988d534e987f547df30",
    "labels": {
      "deployment-tool": "cli-firebase"
    }
  },
  "op": "create",
  "original": {
    "name": "FirebaseError",
    "children": [],
    "exit": 1,
    "message": "Gen1 operation for function projects/prompt-battle-c5e6a/locations/us-central1/functions/claimBattlePassReward failed: Build failed: Build error details not available.Please check the logs at https://console.cloud.google.com/cloud-build/builds;region=us-central1/99a9e6ca-4c55-4b69-a023-b67a74d11fb2?project=329010584107. Please visit https://cloud.google.com/functions/docs/troubleshooting#build for in-depth troubleshooting documentation for build related errors..",
    "original": {
      "code": 13,
      "message": "Gen1 operation for function projects/prompt-battle-c5e6a/locations/us-central1/functions/claimBattlePassReward failed: Build failed: Build error details not available.Please check the logs at https://console.cloud.google.com/cloud-build/builds;region=us-central1/99a9e6ca-4c55-4b69-a023-b67a74d11fb2?project=329010584107. Please visit https://cloud.google.com/functions/docs/troubleshooting#build for in-depth troubleshooting documentation for build related errors..",
      "details": [
        {
          "@type": "type.googleapis.com/google.rpc.DebugInfo",
          "stackEntries": [
            "cloud/control2/shared/userfriendly/userfriendly_helpers.go:66 +0x24 google3/cloud/control2/shared/userfriendly/userfriendly.DebugInfoWithMessage({0x524eb894f2c0, 0x1d2})",
            "cloud/control2/frontend/storedata/public_operation.go:256 +0xc0 google3/cloud/control2/frontend/storedata/publicoperation.toOperationError({0xaaaac872b1e8, 0x524ecb8a29f0}, 0x524eac660328?, 0xe0?)",
            "cloud/control2/frontend/storedata/public_operation.go:122 +0x314 google3/cloud/control2/frontend/storedata/publicoperation.ToPublic({0xaaaac872b1e8, 0x524ecb8a29f0}, 0x524eac660328, 0x524eb0b1afe0, 0x524ecb836d80, 0x524ea13aa630)",
            "cloud/control2/frontend/converters/operation_converter.go:46 +0x78 google3/cloud/control2/frontend/converters/operationconverter.(*OperationConverter).ConvertResource(0x524eb82eddb0, {0xaaaac872b1e8, 0x524ecb8a29f0}, {0xaaaac873a740, 0x524eac660328}, 0x524ea23c5e40?, 0x524ea13aa630?)",
            "cloud/control2/frontend/handler/get.go:220 +0x1450 google3/cloud/control2/frontend/handler/handler.Handler.handleGet({{0xffff31c33608, 0x524ea31c4c00}, {0x524ea443dca0, 0x524ea671cdc0, {0xaaaac875e0e8, 0x524ea23c5e40}, 0x524ea13aa630, 0x524eca5628a0}, {{0xaaaac859e260, 0x524ea5a42780}}, ...}, ...)",
            "cloud/control2/frontend/handler/handler_init.go:511 +0x68 google3/cloud/control2/frontend/handler/handler.init.func55({_, _}, {0x524eca311088, 0x524eaac2aa98, 0x0, 0x0, 0x0, 0x0, 0x524eb6d90400, 0x524eb6d90440, ...})",
            "cloud/control2/frontend/handler/handler_init.go:273 +0x64 google3/cloud/control2/frontend/handler/handler.RegularInitializer.initGetMethodStates.func2({_, _}, {0x524eca311088, 0x524eaac2aa98, 0x0, 0x0, 0x0, 0x0, 0x524eb6d90400, 0x524eb6d90440, ...})",
            "cloud/control2/frontend/handler/handler.go:328 google3/cloud/control2/frontend/handler/handler.Handler.start.func1(...)",
            "cloud/control2/frontend/handler/handler.go:329 +0x254 google3/cloud/control2/frontend/handler/handler.Handler.start({{0xffff31c33608, 0x524ea31c4c00}, {0x524ea443dca0, 0x524ea671cdc0, {0xaaaac875e0e8, 0x524ea23c5e40}, 0x524ea13aa630, 0x524eca5628a0}, {{0xaaaac859e260, 0x524ea5a42780}}, ...}, ...)",
            "cloud/control2/frontend/handler/handler.go:312 +0x60 google3/cloud/control2/frontend/handler/handler.init.func63({0xaaaac872b1e8?, _}, {{0xffff31c33608, 0x524ea31c4c00}, {0x524ea443dca0, 0x524ea671cdc0, {0xaaaac875e0e8, 0x524ea23c5e40}, 0x524ea13aa630, 0x524eca5628a0}, ...}, ...)",
            "cloud/control2/frontend/handler/handler.go:307 +0xf4 google3/cloud/control2/frontend/handler/handler.Handler.HandleRequest({{0xffff31c33608, 0x524ea31c4c00}, {0x524ea443dca0, 0x524ea671cdc0, {0xaaaac875e0e8, 0x524ea23c5e40}, 0x524ea13aa630, 0x524eca5628a0}, {{0xaaaac859e260, 0x524ea5a42780}}, ...}, ...)",
            "cloud/control2/frontend/server/request_handler.go:170 +0xc4 google3/cloud/control2/frontend/server/requesthandler.init.func1({0xaaaac872b1e8?, 0x524ebc672f60?}, 0x524e9e1b6e00, 0x524eb6d903c0, 0x524eb6d90400, 0x524eb6d90440)",
            "cloud/control2/frontend/server/request_handler.go:143 +0x4f4 google3/cloud/control2/frontend/server/requesthandler.(*Handler).handleRequestWithFullMethodName(0x524e9e1b6e00, {0xaaaac872b1e8, 0x524ebc672e40}, 0x524ec1c44340, 0x524ebfe4c930, 0x524eaac2a9f0, {0x0?, 0x0?})",
            "cloud/control2/frontend/server/request_handler.go:88 +0x378 google3/cloud/control2/frontend/server/requesthandler.(*Handler).handleRequest(0x524e9e1b6e00, {0xaaaac872b1e8, 0x524ebc672e40}, 0x524ebfe4c930, 0x524eaac2a9f0)",
            "cloud/control2/frontend/server/request_handler.go:66 +0xa4 google3/cloud/control2/frontend/server/requesthandler.init.func2({0xaaaac872b1e8?, 0x524ebc672e40?}, 0x524ec361f7d1?, 0x524edaeb5c33?, 0x524ec361f7dc?)",
            "cloud/control2/frontend/server/request_handler.go:54 +0x40 google3/cloud/control2/frontend/server/requesthandler.(*Handler).handle(0x4?, {0xaaaac872b1e8, 0x524ebc672e40}, 0xffff8d6febf0?, 0x524eb0d93808?)",
            "cloud/control2/shared/genericrpc/service.go:171 +0x3a8 google3/cloud/control2/shared/genericrpc/genericrpc.(*Dispatcher).DefaultMethodHandler(0x524eaaec8600, {0xaaaac872b1e8, 0x524ebc672e40}, 0x524ebfe4c930)",
            "net/rpc/go/stream.go:1180 +0x4c google3/net/rpc/go/rpc.runStreamHandler({0xaaaac872b1e8?, 0x524ebc672e40?}, 0x524ebfe4c930?, {0x0?, 0x0?}, {0xaaaac8743170, 0x524ed0ea4f00})",
            "net/goa/rpc/rpchandler.go:100 +0x3b8 google3/net/goa/rpc/rpchandler.ExecHandlerSubset({0xaaaac872b1e8?, 0x524ec1c5cae0?}, 0x524ea464b518)",
            "net/goa/rpc/rpchandler.go:327 +0x7f0 google3/net/goa/rpc/rpchandler.(*closedRegistry).hook(0x524ea37a27e0, {0xaaaac872b508, 0x524eb7cacfc0}, 0x524ec13feb80)",
            "production/fireaxe/go/filters/rpcserverinterceptor.go:62 +0x258 google3/production/fireaxe/go/filters/rpcserverinterceptor.(*Interceptor).MakeHook-fm.(*Interceptor).MakeHook.func2({0xaaaac872b508, 0x524eb7cacfc0}, 0x524ec13feb80)"
          ],
          "detail": "Gen1 operation for function projects/prompt-battle-c5e6a/locations/us-central1/functions/claimBattlePassReward failed: Build failed: Build error details not available.Please check the logs at https://console.cloud.google.com/cloud-build/builds;region=us-central1/99a9e6ca-4c55-4b69-a023-b67a74d11fb2?project=329010584107. Please visit https://cloud.google.com/functions/docs/troubleshooting#build for in-depth troubleshooting documentation for build related errors.."
        }
      ]
    },
    "status": 13,
    "code": 13
  }
}
[debug] [2026-03-17T05:52:24.630Z] {
  "endpoint": {
    "id": "grantBattlePassXp",
    "project": "prompt-battle-c5e6a",
    "region": "us-central1",
    "entryPoint": "grantBattlePassXp",
    "platform": "gcfv1",
    "runtime": "nodejs20",
    "httpsTrigger": {},
    "serviceAccount": null,
    "ingressSettings": null,
    "availableMemoryMb": null,
    "timeoutSeconds": null,
    "maxInstances": null,
    "minInstances": null,
    "vpc": null,
    "environmentVariables": {
      "FIREBASE_CONFIG": "{\"projectId\":\"prompt-battle-c5e6a\",\"databaseURL\":\"https://prompt-battle-c5e6a-default-rtdb.firebaseio.com\",\"storageBucket\":\"prompt-battle-c5e6a.firebasestorage.app\"}",
      "GCLOUD_PROJECT": "prompt-battle-c5e6a",
      "EVENTARC_CLOUD_EVENT_SOURCE": "projects/prompt-battle-c5e6a/locations/us-central1/functions/grantBattlePassXp"
    },
    "codebase": "default",
    "targetedByOnly": false,
    "hash": "d4fa81547bac1ca707eb0988d534e987f547df30",
    "labels": {
      "deployment-tool": "cli-firebase"
    }
  },
  "op": "create",
  "original": {
    "name": "FirebaseError",
    "children": [],
    "exit": 1,
    "message": "Gen1 operation for function projects/prompt-battle-c5e6a/locations/us-central1/functions/grantBattlePassXp failed: Build failed: Build error details not available.Please check the logs at https://console.cloud.google.com/cloud-build/builds;region=us-central1/358f9f43-30dd-40b2-987b-87318dc75c35?project=329010584107. Please visit https://cloud.google.com/functions/docs/troubleshooting#build for in-depth troubleshooting documentation for build related errors..",
    "original": {
      "code": 13,
      "message": "Gen1 operation for function projects/prompt-battle-c5e6a/locations/us-central1/functions/grantBattlePassXp failed: Build failed: Build error details not available.Please check the logs at https://console.cloud.google.com/cloud-build/builds;region=us-central1/358f9f43-30dd-40b2-987b-87318dc75c35?project=329010584107. Please visit https://cloud.google.com/functions/docs/troubleshooting#build for in-depth troubleshooting documentation for build related errors..",
      "details": [
        {
          "@type": "type.googleapis.com/google.rpc.DebugInfo",
          "stackEntries": [
            "cloud/control2/shared/userfriendly/userfriendly_helpers.go:66 +0x24 google3/cloud/control2/shared/userfriendly/userfriendly.DebugInfoWithMessage({0x3d50799481e0, 0x1ce})",
            "cloud/control2/frontend/storedata/public_operation.go:256 +0xc0 google3/cloud/control2/frontend/storedata/publicoperation.toOperationError({0xaaaafc32b1e8, 0x3d507c2ef7a0}, 0x3d5065f09bc0?, 0x18?)",
            "cloud/control2/frontend/storedata/public_operation.go:122 +0x314 google3/cloud/control2/frontend/storedata/publicoperation.ToPublic({0xaaaafc32b1e8, 0x3d507c2ef7a0}, 0x3d5065f09bc0, 0x3d506504be18, 0x3d506c474c60, 0x3d505b64db90)",
            "cloud/control2/frontend/converters/operation_converter.go:46 +0x78 google3/cloud/control2/frontend/converters/operationconverter.(*OperationConverter).ConvertResource(0x3d508391bbd0, {0xaaaafc32b1e8, 0x3d507c2ef7a0}, {0xaaaafc33a740, 0x3d5065f09bc0}, 0x3d505cbcf4c0?, 0x3d505b64db90?)",
            "cloud/control2/frontend/handler/get.go:220 +0x1450 google3/cloud/control2/frontend/handler/handler.Handler.handleGet({{0xffff5276b570, 0x3d505dc95b00}, {0x3d505aee8f80, 0x3d5061175680, {0xaaaafc35e0e8, 0x3d505cbcf4c0}, 0x3d505b64db90, 0x3d507de651a0}, {{0xaaaafc19e260, 0x3d505f9d9500}}, ...}, ...)",
            "cloud/control2/frontend/handler/handler_init.go:511 +0x68 google3/cloud/control2/frontend/handler/handler.init.func55({_, _}, {0x3d50828b1188, 0x3d5078231da0, 0x0, 0x0, 0x0, 0x0, 0x3d5081d43040, 0x3d5081d43080, ...})",
            "cloud/control2/frontend/handler/handler_init.go:273 +0x64 google3/cloud/control2/frontend/handler/handler.RegularInitializer.initGetMethodStates.func2({_, _}, {0x3d50828b1188, 0x3d5078231da0, 0x0, 0x0, 0x0, 0x0, 0x3d5081d43040, 0x3d5081d43080, ...})",
            "cloud/control2/frontend/handler/handler.go:328 google3/cloud/control2/frontend/handler/handler.Handler.start.func1(...)",
            "cloud/control2/frontend/handler/handler.go:329 +0x254 google3/cloud/control2/frontend/handler/handler.Handler.start({{0xffff5276b570, 0x3d505dc95b00}, {0x3d505aee8f80, 0x3d5061175680, {0xaaaafc35e0e8, 0x3d505cbcf4c0}, 0x3d505b64db90, 0x3d507de651a0}, {{0xaaaafc19e260, 0x3d505f9d9500}}, ...}, ...)",
            "cloud/control2/frontend/handler/handler.go:312 +0x60 google3/cloud/control2/frontend/handler/handler.init.func63({0xaaaafc32b1e8?, _}, {{0xffff5276b570, 0x3d505dc95b00}, {0x3d505aee8f80, 0x3d5061175680, {0xaaaafc35e0e8, 0x3d505cbcf4c0}, 0x3d505b64db90, 0x3d507de651a0}, ...}, ...)",
            "cloud/control2/frontend/handler/handler.go:307 +0xf4 google3/cloud/control2/frontend/handler/handler.Handler.HandleRequest({{0xffff5276b570, 0x3d505dc95b00}, {0x3d505aee8f80, 0x3d5061175680, {0xaaaafc35e0e8, 0x3d505cbcf4c0}, 0x3d505b64db90, 0x3d507de651a0}, {{0xaaaafc19e260, 0x3d505f9d9500}}, ...}, ...)",
            "cloud/control2/frontend/server/request_handler.go:170 +0xc4 google3/cloud/control2/frontend/server/requesthandler.init.func1({0xaaaafc32b1e8?, 0x3d506ea164e0?}, 0x3d506abe4a00, 0x3d5081d43000, 0x3d5081d43040, 0x3d5081d43080)",
            "cloud/control2/frontend/server/request_handler.go:143 +0x4f4 google3/cloud/control2/frontend/server/requesthandler.(*Handler).handleRequestWithFullMethodName(0x3d506abe4a00, {0xaaaafc32b1e8, 0x3d506ea163c0}, 0x3d507e2dd5c0, 0x3d507ff251d0, 0x3d5078231cf8, {0x0?, 0x0?})",
            "cloud/control2/frontend/server/request_handler.go:88 +0x378 google3/cloud/control2/frontend/server/requesthandler.(*Handler).handleRequest(0x3d506abe4a00, {0xaaaafc32b1e8, 0x3d506ea163c0}, 0x3d507ff251d0, 0x3d5078231cf8)",
            "cloud/control2/frontend/server/request_handler.go:66 +0xa4 google3/cloud/control2/frontend/server/requesthandler.init.func2({0xaaaafc32b1e8?, 0x3d506ea163c0?}, 0x3d507cd3dea9?, 0x3d5060090393?, 0x3d507cd3deb4?)",
            "cloud/control2/frontend/server/request_handler.go:54 +0x40 google3/cloud/control2/frontend/server/requesthandler.(*Handler).handle(0x4?, {0xaaaafc32b1e8, 0x3d506ea163c0}, 0xffffaf75d108?, 0x3d50789a1808?)",
            "cloud/control2/shared/genericrpc/service.go:171 +0x3a8 google3/cloud/control2/shared/genericrpc/genericrpc.(*Dispatcher).DefaultMethodHandler(0x3d506712bda0, {0xaaaafc32b1e8, 0x3d506ea163c0}, 0x3d507ff251d0)",
            "net/rpc/go/stream.go:1180 +0x4c google3/net/rpc/go/rpc.runStreamHandler({0xaaaafc32b1e8?, 0x3d506ea163c0?}, 0x3d507ff251d0?, {0x0?, 0x0?}, {0xaaaafc343170, 0x3d507e8b8550})",
            "net/goa/rpc/rpchandler.go:100 +0x3b8 google3/net/goa/rpc/rpchandler.ExecHandlerSubset({0xaaaafc32b1e8?, 0x3d507b8558f0?}, 0x3d5079c6f518)",
            "net/goa/rpc/rpchandler.go:327 +0x7f0 google3/net/goa/rpc/rpchandler.(*closedRegistry).hook(0x3d5068576100, {0xaaaafc32b508, 0x3d506332cc60}, 0x3d507ef1de00)",
            "production/fireaxe/go/filters/rpcserverinterceptor.go:62 +0x258 google3/production/fireaxe/go/filters/rpcserverinterceptor.(*Interceptor).MakeHook-fm.(*Interceptor).MakeHook.func2({0xaaaafc32b508, 0x3d506332cc60}, 0x3d507ef1de00)"
          ],
          "detail": "Gen1 operation for function projects/prompt-battle-c5e6a/locations/us-central1/functions/grantBattlePassXp failed: Build failed: Build error details not available.Please check the logs at https://console.cloud.google.com/cloud-build/builds;region=us-central1/358f9f43-30dd-40b2-987b-87318dc75c35?project=329010584107. Please visit https://cloud.google.com/functions/docs/troubleshooting#build for in-depth troubleshooting documentation for build related errors.."
        }
      ]
    },
    "status": 13,
    "code": 13
  }
}
[debug] [2026-03-17T05:52:24.630Z] {
  "endpoint": {
    "id": "itchAppAuth",
    "project": "prompt-battle-c5e6a",
    "region": "us-central1",
    "entryPoint": "itchAppAuth",
    "platform": "gcfv1",
    "runtime": "nodejs20",
    "httpsTrigger": {},
    "serviceAccount": null,
    "ingressSettings": null,
    "availableMemoryMb": null,
    "timeoutSeconds": null,
    "maxInstances": null,
    "minInstances": null,
    "vpc": null,
    "environmentVariables": {
      "FIREBASE_CONFIG": "{\"projectId\":\"prompt-battle-c5e6a\",\"databaseURL\":\"https://prompt-battle-c5e6a-default-rtdb.firebaseio.com\",\"storageBucket\":\"prompt-battle-c5e6a.firebasestorage.app\"}",
      "GCLOUD_PROJECT": "prompt-battle-c5e6a",
      "EVENTARC_CLOUD_EVENT_SOURCE": "projects/prompt-battle-c5e6a/locations/us-central1/functions/itchAppAuth"
    },
    "codebase": "default",
    "targetedByOnly": false,
    "hash": "d4fa81547bac1ca707eb0988d534e987f547df30",
    "labels": {
      "deployment-tool": "cli-firebase"
    }
  },
  "op": "create",
  "original": {
    "name": "FirebaseError",
    "children": [],
    "exit": 1,
    "message": "Gen1 operation for function projects/prompt-battle-c5e6a/locations/us-central1/functions/itchAppAuth failed: Build failed: Build error details not available.Please check the logs at https://console.cloud.google.com/cloud-build/builds;region=us-central1/7ef76630-9ebb-42c0-82ee-89c447dba4c9?project=329010584107. Please visit https://cloud.google.com/functions/docs/troubleshooting#build for in-depth troubleshooting documentation for build related errors..",
    "original": {
      "code": 13,
      "message": "Gen1 operation for function projects/prompt-battle-c5e6a/locations/us-central1/functions/itchAppAuth failed: Build failed: Build error details not available.Please check the logs at https://console.cloud.google.com/cloud-build/builds;region=us-central1/7ef76630-9ebb-42c0-82ee-89c447dba4c9?project=329010584107. Please visit https://cloud.google.com/functions/docs/troubleshooting#build for in-depth troubleshooting documentation for build related errors..",
      "details": [
        {
          "@type": "type.googleapis.com/google.rpc.DebugInfo",
          "stackEntries": [
            "cloud/control2/shared/userfriendly/userfriendly_helpers.go:66 +0x24 google3/cloud/control2/shared/userfriendly/userfriendly.DebugInfoWithMessage({0x524ed154f680, 0x1c8})",
            "cloud/control2/frontend/storedata/public_operation.go:256 +0xc0 google3/cloud/control2/frontend/storedata/publicoperation.toOperationError({0xaaaac872b1e8, 0x524eb7c91c50}, 0x524eb083dab8?, 0x8?)",
            "cloud/control2/frontend/storedata/public_operation.go:122 +0x314 google3/cloud/control2/frontend/storedata/publicoperation.ToPublic({0xaaaac872b1e8, 0x524eb7c91c50}, 0x524eb083dab8, 0x524eabf3f808, 0x524ecb836d80, 0x524ea13aa630)",
            "cloud/control2/frontend/converters/operation_converter.go:46 +0x78 google3/cloud/control2/frontend/converters/operationconverter.(*OperationConverter).ConvertResource(0x524ec3ce9450, {0xaaaac872b1e8, 0x524eb7c91c50}, {0xaaaac873a740, 0x524eb083dab8}, 0x524ea23c5e40?, 0x524ea13aa630?)",
            "cloud/control2/frontend/handler/get.go:220 +0x1450 google3/cloud/control2/frontend/handler/handler.Handler.handleGet({{0xffff31c33608, 0x524ea31c4c00}, {0x524ea443dca0, 0x524ea671cdc0, {0xaaaac875e0e8, 0x524ea23c5e40}, 0x524ea13aa630, 0x524ea8c03e60}, {{0xaaaac859e260, 0x524ea5a42780}}, ...}, ...)",
            "cloud/control2/frontend/handler/handler_init.go:511 +0x68 google3/cloud/control2/frontend/handler/handler.init.func55({_, _}, {0x524ece896b08, 0x524eb4bb4870, 0x0, 0x0, 0x0, 0x0, 0x524ed1893180, 0x524ed18931c0, ...})",
            "cloud/control2/frontend/handler/handler_init.go:273 +0x64 google3/cloud/control2/frontend/handler/handler.RegularInitializer.initGetMethodStates.func2({_, _}, {0x524ece896b08, 0x524eb4bb4870, 0x0, 0x0, 0x0, 0x0, 0x524ed1893180, 0x524ed18931c0, ...})",
            "cloud/control2/frontend/handler/handler.go:328 google3/cloud/control2/frontend/handler/handler.Handler.start.func1(...)",
            "cloud/control2/frontend/handler/handler.go:329 +0x254 google3/cloud/control2/frontend/handler/handler.Handler.start({{0xffff31c33608, 0x524ea31c4c00}, {0x524ea443dca0, 0x524ea671cdc0, {0xaaaac875e0e8, 0x524ea23c5e40}, 0x524ea13aa630, 0x524ea8c03e60}, {{0xaaaac859e260, 0x524ea5a42780}}, ...}, ...)",
            "cloud/control2/frontend/handler/handler.go:312 +0x60 google3/cloud/control2/frontend/handler/handler.init.func63({0xaaaac872b1e8?, _}, {{0xffff31c33608, 0x524ea31c4c00}, {0x524ea443dca0, 0x524ea671cdc0, {0xaaaac875e0e8, 0x524ea23c5e40}, 0x524ea13aa630, 0x524ea8c03e60}, ...}, ...)",
            "cloud/control2/frontend/handler/handler.go:307 +0xf4 google3/cloud/control2/frontend/handler/handler.Handler.HandleRequest({{0xffff31c33608, 0x524ea31c4c00}, {0x524ea443dca0, 0x524ea671cdc0, {0xaaaac875e0e8, 0x524ea23c5e40}, 0x524ea13aa630, 0x524ea8c03e60}, {{0xaaaac859e260, 0x524ea5a42780}}, ...}, ...)",
            "cloud/control2/frontend/server/request_handler.go:170 +0xc4 google3/cloud/control2/frontend/server/requesthandler.init.func1({0xaaaac872b1e8?, 0x524ebfa7d1d0?}, 0x524e9e1b6e00, 0x524ed1893140, 0x524ed1893180, 0x524ed18931c0)",
            "cloud/control2/frontend/server/request_handler.go:143 +0x4f4 google3/cloud/control2/frontend/server/requesthandler.(*Handler).handleRequestWithFullMethodName(0x524e9e1b6e00, {0xaaaac872b1e8, 0x524ebfa7cff0}, 0x524ebab9bc80, 0x524eb00ffd40, 0x524eb4bb47b0, {0x0?, 0x0?})",
            "cloud/control2/frontend/server/request_handler.go:88 +0x378 google3/cloud/control2/frontend/server/requesthandler.(*Handler).handleRequest(0x524e9e1b6e00, {0xaaaac872b1e8, 0x524ebfa7cff0}, 0x524eb00ffd40, 0x524eb4bb47b0)",
            "cloud/control2/frontend/server/request_handler.go:66 +0xa4 google3/cloud/control2/frontend/server/requesthandler.init.func2({0xaaaac872b1e8?, 0x524ebfa7cff0?}, 0x524ed4ed4589?, 0x524edaeb5c33?, 0x524ed4ed4594?)",
            "cloud/control2/frontend/server/request_handler.go:54 +0x40 google3/cloud/control2/frontend/server/requesthandler.(*Handler).handle(0x4?, {0xaaaac872b1e8, 0x524ebfa7cff0}, 0xffff8d6febf0?, 0x524eb0d93808?)",
            "cloud/control2/shared/genericrpc/service.go:171 +0x3a8 google3/cloud/control2/shared/genericrpc/genericrpc.(*Dispatcher).DefaultMethodHandler(0x524eaaec8600, {0xaaaac872b1e8, 0x524ebfa7cff0}, 0x524eb00ffd40)",
            "net/rpc/go/stream.go:1180 +0x4c google3/net/rpc/go/rpc.runStreamHandler({0xaaaac872b1e8?, 0x524ebfa7cff0?}, 0x524eb00ffd40?, {0x0?, 0x0?}, {0xaaaac8743170, 0x524ec3ce82d0})",
            "net/goa/rpc/rpchandler.go:100 +0x3b8 google3/net/goa/rpc/rpchandler.ExecHandlerSubset({0xaaaac872b1e8?, 0x524ece8bd590?}, 0x524eb9029518)",
            "net/goa/rpc/rpchandler.go:327 +0x7f0 google3/net/goa/rpc/rpchandler.(*closedRegistry).hook(0x524ea37a27e0, {0xaaaac872b508, 0x524ec43f5080}, 0x524ea5956300)",
            "production/fireaxe/go/filters/rpcserverinterceptor.go:62 +0x258 google3/production/fireaxe/go/filters/rpcserverinterceptor.(*Interceptor).MakeHook-fm.(*Interceptor).MakeHook.func2({0xaaaac872b508, 0x524ec43f5080}, 0x524ea5956300)"
          ],
          "detail": "Gen1 operation for function projects/prompt-battle-c5e6a/locations/us-central1/functions/itchAppAuth failed: Build failed: Build error details not available.Please check the logs at https://console.cloud.google.com/cloud-build/builds;region=us-central1/7ef76630-9ebb-42c0-82ee-89c447dba4c9?project=329010584107. Please visit https://cloud.google.com/functions/docs/troubleshooting#build for in-depth troubleshooting documentation for build related errors.."
        }
      ]
    },
    "status": 13,
    "code": 13
  }
}
[debug] [2026-03-17T05:52:24.630Z] {
  "endpoint": {
    "id": "onPlayerJoinQueue",
    "project": "prompt-battle-c5e6a",
    "region": "us-central1",
    "entryPoint": "onPlayerJoinQueue",
    "platform": "gcfv1",
    "runtime": "nodejs20",
    "eventTrigger": {
      "eventType": "providers/google.firebase.database/eventTypes/ref.create",
      "retry": false,
      "eventFilters": {
        "resource": "projects/_/instances/prompt-battle-c5e6a-default-rtdb/refs/matchmaking/queue/{playerId}"
      }
    },
    "labels": {
      "deployment-tool": "cli-firebase"
    },
    "serviceAccount": null,
    "ingressSettings": null,
    "availableMemoryMb": null,
    "timeoutSeconds": null,
    "maxInstances": null,
    "minInstances": null,
    "vpc": null,
    "environmentVariables": {
      "FIREBASE_CONFIG": "{\"projectId\":\"prompt-battle-c5e6a\",\"databaseURL\":\"https://prompt-battle-c5e6a-default-rtdb.firebaseio.com\",\"storageBucket\":\"prompt-battle-c5e6a.firebasestorage.app\"}",
      "GCLOUD_PROJECT": "prompt-battle-c5e6a",
      "EVENTARC_CLOUD_EVENT_SOURCE": "projects/prompt-battle-c5e6a/locations/us-central1/functions/onPlayerJoinQueue"
    },
    "codebase": "default",
    "targetedByOnly": false,
    "hash": "d4fa81547bac1ca707eb0988d534e987f547df30"
  },
  "op": "create",
  "original": {
    "name": "FirebaseError",
    "children": [],
    "exit": 1,
    "message": "Gen1 operation for function projects/prompt-battle-c5e6a/locations/us-central1/functions/onPlayerJoinQueue failed: Build failed: Build error details not available.Please check the logs at https://console.cloud.google.com/cloud-build/builds;region=us-central1/6bb313a0-9775-4efb-af89-b4febe3af2e1?project=329010584107. Please visit https://cloud.google.com/functions/docs/troubleshooting#build for in-depth troubleshooting documentation for build related errors..",
    "original": {
      "code": 13,
      "message": "Gen1 operation for function projects/prompt-battle-c5e6a/locations/us-central1/functions/onPlayerJoinQueue failed: Build failed: Build error details not available.Please check the logs at https://console.cloud.google.com/cloud-build/builds;region=us-central1/6bb313a0-9775-4efb-af89-b4febe3af2e1?project=329010584107. Please visit https://cloud.google.com/functions/docs/troubleshooting#build for in-depth troubleshooting documentation for build related errors..",
      "details": [
        {
          "@type": "type.googleapis.com/google.rpc.DebugInfo",
          "stackEntries": [
            "cloud/control2/shared/userfriendly/userfriendly_helpers.go:66 +0x25 google3/cloud/control2/shared/userfriendly/userfriendly.DebugInfoWithMessage({0x28f582c5f4a0, 0x1ce})",
            "cloud/control2/frontend/storedata/public_operation.go:256 +0xd1 google3/cloud/control2/frontend/storedata/publicoperation.toOperationError({0x560da1f2b2c8, 0x28f59660a300}, 0x28f593aab1d0?, 0x88?)",
            "cloud/control2/frontend/storedata/public_operation.go:122 +0x3c5 google3/cloud/control2/frontend/storedata/publicoperation.ToPublic({0x560da1f2b2c8, 0x28f59660a300}, 0x28f593aab1d0, 0x28f588e6f588, 0x28f588317c20, 0x28f56833b7a0)",
            "cloud/control2/frontend/converters/operation_converter.go:46 +0xa7 google3/cloud/control2/frontend/converters/operationconverter.(*OperationConverter).ConvertResource(0x28f576baf630, {0x560da1f2b2c8, 0x28f59660a300}, {0x560da1f3a7e0, 0x28f593aab1d0}, 0x28f568690bc0?, 0x28f56833b7a0?)",
            "cloud/control2/frontend/handler/get.go:220 +0x1e13 google3/cloud/control2/frontend/handler/handler.Handler.handleGet({{0x7f9b0dd49128, 0x28f56a74d540}, {0x28f567111a60, 0x28f5698da480, {0x560da1f5e188, 0x28f568690bc0}, 0x28f56833b7a0, 0x28f58aeda180}, {{0x560da1d9e340, 0x28f56e240880}}, ...}, ...)",
            "cloud/control2/frontend/handler/handler_init.go:511 +0xaa google3/cloud/control2/frontend/handler/handler.init.func55({_, _}, {0x28f596f36c08, 0x28f5736d8fa8, 0x0, 0x0, 0x0, 0x0, 0x28f589a4c7c0, 0x28f589a4c800, ...})",
            "cloud/control2/frontend/handler/handler_init.go:273 +0x85 google3/cloud/control2/frontend/handler/handler.RegularInitializer.initGetMethodStates.func2({_, _}, {0x28f596f36c08, 0x28f5736d8fa8, 0x0, 0x0, 0x0, 0x0, 0x28f589a4c7c0, 0x28f589a4c800, ...})",
            "cloud/control2/frontend/handler/handler.go:328 google3/cloud/control2/frontend/handler/handler.Handler.start.func1(...)",
            "cloud/control2/frontend/handler/handler.go:329 +0x396 google3/cloud/control2/frontend/handler/handler.Handler.start({{0x7f9b0dd49128, 0x28f56a74d540}, {0x28f567111a60, 0x28f5698da480, {0x560da1f5e188, 0x28f568690bc0}, 0x28f56833b7a0, 0x28f58aeda180}, {{0x560da1d9e340, 0x28f56e240880}}, ...}, ...)",
            "cloud/control2/frontend/handler/handler.go:312 +0x92 google3/cloud/control2/frontend/handler/handler.init.func63({0x560da1f2b2c8?, _}, {{0x7f9b0dd49128, 0x28f56a74d540}, {0x28f567111a60, 0x28f5698da480, {0x560da1f5e188, 0x28f568690bc0}, 0x28f56833b7a0, 0x28f58aeda180}, ...}, ...)",
            "cloud/control2/frontend/handler/handler.go:307 +0x179 google3/cloud/control2/frontend/handler/handler.Handler.HandleRequest({{0x7f9b0dd49128, 0x28f56a74d540}, {0x28f567111a60, 0x28f5698da480, {0x560da1f5e188, 0x28f568690bc0}, 0x28f56833b7a0, 0x28f58aeda180}, {{0x560da1d9e340, 0x28f56e240880}}, ...}, ...)",
            "cloud/control2/frontend/server/request_handler.go:170 +0x145 google3/cloud/control2/frontend/server/requesthandler.init.func1({0x560da1f2b2c8?, 0x28f577982ab0?}, 0x28f578841b00, 0x28f589a4c780, 0x28f589a4c7c0, 0x28f589a4c800)",
            "cloud/control2/frontend/server/request_handler.go:143 +0x6a3 google3/cloud/control2/frontend/server/requesthandler.(*Handler).handleRequestWithFullMethodName(0x28f578841b00, {0x560da1f2b2c8, 0x28f577982900}, 0x28f5892e2380, 0x28f583ff4c60, 0x28f5736d8f00, {0x0?, 0x1000000?})",
            "cloud/control2/frontend/server/request_handler.go:88 +0x41f google3/cloud/control2/frontend/server/requesthandler.(*Handler).handleRequest(0x28f578841b00, {0x560da1f2b2c8, 0x28f577982900}, 0x28f583ff4c60, 0x28f5736d8f00)",
            "cloud/control2/frontend/server/request_handler.go:66 +0xd4 google3/cloud/control2/frontend/server/requesthandler.init.func2({0x560da1f2b2c8?, 0x28f577982900?}, 0x560d995cf0a5?, 0x28f585d26f90?, 0x28f585d26f38?)",
            "cloud/control2/frontend/server/request_handler.go:54 +0x38 google3/cloud/control2/frontend/server/requesthandler.(*Handler).handle(0x4?, {0x560da1f2b2c8, 0x28f577982900}, 0x28f579942808?, 0x28f5736d8f00?)",
            "cloud/control2/shared/genericrpc/service.go:171 +0x3f9 google3/cloud/control2/shared/genericrpc/genericrpc.(*Dispatcher).DefaultMethodHandler(0x28f578a09320, {0x560da1f2b2c8, 0x28f577982900}, 0x28f583ff4c60)",
            "net/rpc/go/stream.go:1180 +0x43 google3/net/rpc/go/rpc.runStreamHandler({0x560da1f2b2c8?, 0x28f577982900?}, 0x28f583ff4c60?, {0x0?, 0x0?}, {0x560da1f43210, 0x28f58bac76d0})",
            "net/goa/rpc/rpchandler.go:100 +0x502 google3/net/goa/rpc/rpchandler.ExecHandlerSubset({0x560da1f2b2c8?, 0x28f573dc96e0?}, 0x28f592e33538)",
            "net/goa/rpc/rpchandler.go:327 +0xa1f google3/net/goa/rpc/rpchandler.(*closedRegistry).hook(0x28f566234ba0, {0x560da1f2b5e8, 0x28f587ee4120}, 0x28f589066f00)",
            "production/fireaxe/go/filters/rpcserverinterceptor.go:62 +0x342 google3/production/fireaxe/go/filters/rpcserverinterceptor.(*Interceptor).MakeHook-fm.(*Interceptor).MakeHook.func2({0x560da1f2b5e8, 0x28f587ee4120}, 0x28f589066f00)"
          ],
          "detail": "Gen1 operation for function projects/prompt-battle-c5e6a/locations/us-central1/functions/onPlayerJoinQueue failed: Build failed: Build error details not available.Please check the logs at https://console.cloud.google.com/cloud-build/builds;region=us-central1/6bb313a0-9775-4efb-af89-b4febe3af2e1?project=329010584107. Please visit https://cloud.google.com/functions/docs/troubleshooting#build for in-depth troubleshooting documentation for build related errors.."
        }
      ]
    },
    "status": 13,
    "code": 13
  }
}
[debug] [2026-03-17T05:52:24.630Z] {
  "endpoint": {
    "id": "itchOAuthCallback",
    "project": "prompt-battle-c5e6a",
    "region": "us-central1",
    "entryPoint": "itchOAuthCallback",
    "platform": "gcfv1",
    "runtime": "nodejs20",
    "httpsTrigger": {},
    "serviceAccount": null,
    "ingressSettings": null,
    "availableMemoryMb": null,
    "timeoutSeconds": null,
    "maxInstances": null,
    "minInstances": null,
    "vpc": null,
    "environmentVariables": {
      "FIREBASE_CONFIG": "{\"projectId\":\"prompt-battle-c5e6a\",\"databaseURL\":\"https://prompt-battle-c5e6a-default-rtdb.firebaseio.com\",\"storageBucket\":\"prompt-battle-c5e6a.firebasestorage.app\"}",
      "GCLOUD_PROJECT": "prompt-battle-c5e6a",
      "EVENTARC_CLOUD_EVENT_SOURCE": "projects/prompt-battle-c5e6a/locations/us-central1/functions/itchOAuthCallback"
    },
    "codebase": "default",
    "targetedByOnly": false,
    "hash": "d4fa81547bac1ca707eb0988d534e987f547df30",
    "labels": {
      "deployment-tool": "cli-firebase"
    }
  },
  "op": "create",
  "original": {
    "name": "FirebaseError",
    "children": [],
    "exit": 1,
    "message": "Gen1 operation for function projects/prompt-battle-c5e6a/locations/us-central1/functions/itchOAuthCallback failed: Build failed: Build error details not available.Please check the logs at https://console.cloud.google.com/cloud-build/builds;region=us-central1/3c20ebd1-601a-4f70-969a-5884dda2155a?project=329010584107. Please visit https://cloud.google.com/functions/docs/troubleshooting#build for in-depth troubleshooting documentation for build related errors..",
    "original": {
      "code": 13,
      "message": "Gen1 operation for function projects/prompt-battle-c5e6a/locations/us-central1/functions/itchOAuthCallback failed: Build failed: Build error details not available.Please check the logs at https://console.cloud.google.com/cloud-build/builds;region=us-central1/3c20ebd1-601a-4f70-969a-5884dda2155a?project=329010584107. Please visit https://cloud.google.com/functions/docs/troubleshooting#build for in-depth troubleshooting documentation for build related errors..",
      "details": [
        {
          "@type": "type.googleapis.com/google.rpc.DebugInfo",
          "stackEntries": [
            "cloud/control2/shared/userfriendly/userfriendly_helpers.go:66 +0x25 google3/cloud/control2/shared/userfriendly/userfriendly.DebugInfoWithMessage({0x3a2e37b870e0, 0x1ce})",
            "cloud/control2/frontend/storedata/public_operation.go:256 +0xd1 google3/cloud/control2/frontend/storedata/publicoperation.toOperationError({0x55db58b2b2c8, 0x3a2e470d2db0}, 0x3a2e3fc42018?, 0x80?)",
            "cloud/control2/frontend/storedata/public_operation.go:122 +0x3c5 google3/cloud/control2/frontend/storedata/publicoperation.ToPublic({0x55db58b2b2c8, 0x3a2e470d2db0}, 0x3a2e3fc42018, 0x3a2e1b5ae480, 0x3a2e3588fdd0, 0x3a2e0a586630)",
            "cloud/control2/frontend/converters/operation_converter.go:46 +0xa7 google3/cloud/control2/frontend/converters/operationconverter.(*OperationConverter).ConvertResource(0x3a2e2ac246e0, {0x55db58b2b2c8, 0x3a2e470d2db0}, {0x55db58b3a7e0, 0x3a2e3fc42018}, 0x3a2e0fb57ec0?, 0x3a2e0a586630?)",
            "cloud/control2/frontend/handler/get.go:220 +0x1e13 google3/cloud/control2/frontend/handler/handler.Handler.handleGet({{0x7f1b5f537f40, 0x3a2e0c0230c0}, {0x3a2e1303c320, 0x3a2e1141a890, {0x55db58b5e188, 0x3a2e0fb57ec0}, 0x3a2e0a586630, 0x3a2e2bcb1740}, {{0x55db5899e340, 0x3a2e126e6300}}, ...}, ...)",
            "cloud/control2/frontend/handler/handler_init.go:511 +0xaa google3/cloud/control2/frontend/handler/handler.init.func55({_, _}, {0x3a2e353ecb08, 0x3a2e1afac798, 0x0, 0x0, 0x0, 0x0, 0x3a2e2ccd5180, 0x3a2e2ccd51c0, ...})",
            "cloud/control2/frontend/handler/handler_init.go:273 +0x85 google3/cloud/control2/frontend/handler/handler.RegularInitializer.initGetMethodStates.func2({_, _}, {0x3a2e353ecb08, 0x3a2e1afac798, 0x0, 0x0, 0x0, 0x0, 0x3a2e2ccd5180, 0x3a2e2ccd51c0, ...})",
            "cloud/control2/frontend/handler/handler.go:328 google3/cloud/control2/frontend/handler/handler.Handler.start.func1(...)",
            "cloud/control2/frontend/handler/handler.go:329 +0x396 google3/cloud/control2/frontend/handler/handler.Handler.start({{0x7f1b5f537f40, 0x3a2e0c0230c0}, {0x3a2e1303c320, 0x3a2e1141a890, {0x55db58b5e188, 0x3a2e0fb57ec0}, 0x3a2e0a586630, 0x3a2e2bcb1740}, {{0x55db5899e340, 0x3a2e126e6300}}, ...}, ...)",
            "cloud/control2/frontend/handler/handler.go:312 +0x92 google3/cloud/control2/frontend/handler/handler.init.func63({0x55db58b2b2c8?, _}, {{0x7f1b5f537f40, 0x3a2e0c0230c0}, {0x3a2e1303c320, 0x3a2e1141a890, {0x55db58b5e188, 0x3a2e0fb57ec0}, 0x3a2e0a586630, 0x3a2e2bcb1740}, ...}, ...)",
            "cloud/control2/frontend/handler/handler.go:307 +0x179 google3/cloud/control2/frontend/handler/handler.Handler.HandleRequest({{0x7f1b5f537f40, 0x3a2e0c0230c0}, {0x3a2e1303c320, 0x3a2e1141a890, {0x55db58b5e188, 0x3a2e0fb57ec0}, 0x3a2e0a586630, 0x3a2e2bcb1740}, {{0x55db5899e340, 0x3a2e126e6300}}, ...}, ...)",
            "cloud/control2/frontend/server/request_handler.go:170 +0x145 google3/cloud/control2/frontend/server/requesthandler.init.func1({0x55db58b2b2c8?, 0x3a2e19e464e0?}, 0x3a2e18e04b00, 0x3a2e2ccd5140, 0x3a2e2ccd5180, 0x3a2e2ccd51c0)",
            "cloud/control2/frontend/server/request_handler.go:143 +0x6a3 google3/cloud/control2/frontend/server/requesthandler.(*Handler).handleRequestWithFullMethodName(0x3a2e18e04b00, {0x55db58b2b2c8, 0x3a2e19e46210}, 0x3a2e2ccd4400, 0x3a2e1afac0f0, 0x3a2e1afac6d8, {0x0?, 0x1000000?})",
            "cloud/control2/frontend/server/request_handler.go:88 +0x41f google3/cloud/control2/frontend/server/requesthandler.(*Handler).handleRequest(0x3a2e18e04b00, {0x55db58b2b2c8, 0x3a2e19e46210}, 0x3a2e1afac0f0, 0x3a2e1afac6d8)",
            "cloud/control2/frontend/server/request_handler.go:66 +0xd4 google3/cloud/control2/frontend/server/requesthandler.init.func2({0x55db58b2b2c8?, 0x3a2e19e46210?}, 0x55db501cf0a5?, 0x55db4e998842?, 0x3a2e0a876f38?)",
            "cloud/control2/frontend/server/request_handler.go:54 +0x38 google3/cloud/control2/frontend/server/requesthandler.(*Handler).handle(0x1?, {0x55db58b2b2c8, 0x3a2e19e46210}, 0x3a2e3283e808?, 0x3a2e1afac6d8?)",
            "cloud/control2/shared/genericrpc/service.go:171 +0x3f9 google3/cloud/control2/shared/genericrpc/genericrpc.(*Dispatcher).DefaultMethodHandler(0x3a2e18e22db0, {0x55db58b2b2c8, 0x3a2e19e46210}, 0x3a2e1afac0f0)",
            "net/rpc/go/stream.go:1180 +0x43 google3/net/rpc/go/rpc.runStreamHandler({0x55db58b2b2c8?, 0x3a2e19e46210?}, 0x3a2e1afac0f0?, {0x0?, 0x0?}, {0x55db58b43210, 0x3a2e26af8ff0})",
            "net/goa/rpc/rpchandler.go:100 +0x502 google3/net/goa/rpc/rpchandler.ExecHandlerSubset({0x55db58b2b2c8?, 0x3a2e28462ff0?}, 0x3a2e17cfb538)",
            "net/goa/rpc/rpchandler.go:327 +0xa1f google3/net/goa/rpc/rpchandler.(*closedRegistry).hook(0x3a2e0c023c20, {0x55db58b2b5e8, 0x3a2e2bcb04e0}, 0x3a2e2e4aab00)",
            "production/fireaxe/go/filters/rpcserverinterceptor.go:62 +0x342 google3/production/fireaxe/go/filters/rpcserverinterceptor.(*Interceptor).MakeHook-fm.(*Interceptor).MakeHook.func2({0x55db58b2b5e8, 0x3a2e2bcb04e0}, 0x3a2e2e4aab00)"
          ],
          "detail": "Gen1 operation for function projects/prompt-battle-c5e6a/locations/us-central1/functions/itchOAuthCallback failed: Build failed: Build error details not available.Please check the logs at https://console.cloud.google.com/cloud-build/builds;region=us-central1/3c20ebd1-601a-4f70-969a-5884dda2155a?project=329010584107. Please visit https://cloud.google.com/functions/docs/troubleshooting#build for in-depth troubleshooting documentation for build related errors.."
        }
      ]
    },
    "status": 13,
    "code": 13
  }
}
[debug] [2026-03-17T05:52:24.630Z] {
  "endpoint": {
    "id": "purchaseItem",
    "project": "prompt-battle-c5e6a",
    "region": "us-central1",
    "entryPoint": "purchaseItem",
    "platform": "gcfv1",
    "runtime": "nodejs20",
    "httpsTrigger": {},
    "serviceAccount": null,
    "ingressSettings": null,
    "availableMemoryMb": null,
    "timeoutSeconds": null,
    "maxInstances": null,
    "minInstances": null,
    "vpc": null,
    "environmentVariables": {
      "FIREBASE_CONFIG": "{\"projectId\":\"prompt-battle-c5e6a\",\"databaseURL\":\"https://prompt-battle-c5e6a-default-rtdb.firebaseio.com\",\"storageBucket\":\"prompt-battle-c5e6a.firebasestorage.app\"}",
      "GCLOUD_PROJECT": "prompt-battle-c5e6a",
      "EVENTARC_CLOUD_EVENT_SOURCE": "projects/prompt-battle-c5e6a/locations/us-central1/functions/purchaseItem"
    },
    "codebase": "default",
    "targetedByOnly": false,
    "hash": "d4fa81547bac1ca707eb0988d534e987f547df30",
    "labels": {
      "deployment-tool": "cli-firebase"
    }
  },
  "op": "create",
  "original": {
    "name": "FirebaseError",
    "children": [],
    "exit": 1,
    "message": "Gen1 operation for function projects/prompt-battle-c5e6a/locations/us-central1/functions/purchaseItem failed: Build failed: Build error details not available.Please check the logs at https://console.cloud.google.com/cloud-build/builds;region=us-central1/c843c11c-1cd2-4788-9590-779f80d8f635?project=329010584107. Please visit https://cloud.google.com/functions/docs/troubleshooting#build for in-depth troubleshooting documentation for build related errors..",
    "original": {
      "code": 13,
      "message": "Gen1 operation for function projects/prompt-battle-c5e6a/locations/us-central1/functions/purchaseItem failed: Build failed: Build error details not available.Please check the logs at https://console.cloud.google.com/cloud-build/builds;region=us-central1/c843c11c-1cd2-4788-9590-779f80d8f635?project=329010584107. Please visit https://cloud.google.com/functions/docs/troubleshooting#build for in-depth troubleshooting documentation for build related errors..",
      "details": [
        {
          "@type": "type.googleapis.com/google.rpc.DebugInfo",
          "stackEntries": [
            "cloud/control2/shared/userfriendly/userfriendly_helpers.go:66 +0x25 google3/cloud/control2/shared/userfriendly/userfriendly.DebugInfoWithMessage({0x23ebf102c3c0, 0x1c9})",
            "cloud/control2/frontend/storedata/public_operation.go:256 +0xd1 google3/cloud/control2/frontend/storedata/publicoperation.toOperationError({0x560a5312b2c8, 0x23ebe432b470}, 0x23ebcb898618?, 0xb0?)",
            "cloud/control2/frontend/storedata/public_operation.go:122 +0x3c5 google3/cloud/control2/frontend/storedata/publicoperation.ToPublic({0x560a5312b2c8, 0x23ebe432b470}, 0x23ebcb898618, 0x23ec4cfdc8b0, 0x23ebebf0e870, 0x23ebc850f3b0)",
            "cloud/control2/frontend/converters/operation_converter.go:46 +0xa7 google3/cloud/control2/frontend/converters/operationconverter.(*OperationConverter).ConvertResource(0x23ebd81e54f0, {0x560a5312b2c8, 0x23ebe432b470}, {0x560a5313a7e0, 0x23ebcb898618}, 0x23ebcfc6ae00?, 0x23ebc850f3b0?)",
            "cloud/control2/frontend/handler/get.go:220 +0x1e13 google3/cloud/control2/frontend/handler/handler.Handler.handleGet({{0x7f556af1e800, 0x23ebcaf82300}, {0x23ebcfe909a0, 0x23ebd0672000, {0x560a5315e188, 0x23ebcfc6ae00}, 0x23ebc850f3b0, 0x23ebd02ea660}, {{0x560a52f9e340, 0x23ebd16ca300}}, ...}, ...)",
            "cloud/control2/frontend/handler/handler_init.go:511 +0xaa google3/cloud/control2/frontend/handler/handler.init.func55({_, _}, {0x23ebe100f608, 0x23ebd8962e88, 0x0, 0x0, 0x0, 0x0, 0x23ebf6011c80, 0x23ebf6011cc0, ...})",
            "cloud/control2/frontend/handler/handler_init.go:273 +0x85 google3/cloud/control2/frontend/handler/handler.RegularInitializer.initGetMethodStates.func2({_, _}, {0x23ebe100f608, 0x23ebd8962e88, 0x0, 0x0, 0x0, 0x0, 0x23ebf6011c80, 0x23ebf6011cc0, ...})",
            "cloud/control2/frontend/handler/handler.go:328 google3/cloud/control2/frontend/handler/handler.Handler.start.func1(...)",
            "cloud/control2/frontend/handler/handler.go:329 +0x396 google3/cloud/control2/frontend/handler/handler.Handler.start({{0x7f556af1e800, 0x23ebcaf82300}, {0x23ebcfe909a0, 0x23ebd0672000, {0x560a5315e188, 0x23ebcfc6ae00}, 0x23ebc850f3b0, 0x23ebd02ea660}, {{0x560a52f9e340, 0x23ebd16ca300}}, ...}, ...)",
            "cloud/control2/frontend/handler/handler.go:312 +0x92 google3/cloud/control2/frontend/handler/handler.init.func63({0x560a5312b2c8?, _}, {{0x7f556af1e800, 0x23ebcaf82300}, {0x23ebcfe909a0, 0x23ebd0672000, {0x560a5315e188, 0x23ebcfc6ae00}, 0x23ebc850f3b0, 0x23ebd02ea660}, ...}, ...)",
            "cloud/control2/frontend/handler/handler.go:307 +0x179 google3/cloud/control2/frontend/handler/handler.Handler.HandleRequest({{0x7f556af1e800, 0x23ebcaf82300}, {0x23ebcfe909a0, 0x23ebd0672000, {0x560a5315e188, 0x23ebcfc6ae00}, 0x23ebc850f3b0, 0x23ebd02ea660}, {{0x560a52f9e340, 0x23ebd16ca300}}, ...}, ...)",
            "cloud/control2/frontend/server/request_handler.go:170 +0x145 google3/cloud/control2/frontend/server/requesthandler.init.func1({0x560a5312b2c8?, 0x23ebf2c3a750?}, 0x23ebc65eb200, 0x23ebf6011c40, 0x23ebf6011c80, 0x23ebf6011cc0)",
            "cloud/control2/frontend/server/request_handler.go:143 +0x6a3 google3/cloud/control2/frontend/server/requesthandler.(*Handler).handleRequestWithFullMethodName(0x23ebc65eb200, {0x560a5312b2c8, 0x23ebf2c3a600}, 0x23ebf5ecd8c0, 0x23ebf439d218, 0x23ebd8962de0, {0x0?, 0x1000000?})",
            "cloud/control2/frontend/server/request_handler.go:88 +0x41f google3/cloud/control2/frontend/server/requesthandler.(*Handler).handleRequest(0x23ebc65eb200, {0x560a5312b2c8, 0x23ebf2c3a600}, 0x23ebf439d218, 0x23ebd8962de0)",
            "cloud/control2/frontend/server/request_handler.go:66 +0xd4 google3/cloud/control2/frontend/server/requesthandler.init.func2({0x560a5312b2c8?, 0x23ebf2c3a600?}, 0x560a4a7cf0a5?, 0x7f55d6d3c2f8?, 0x23ebddbacf38?)",
            "cloud/control2/frontend/server/request_handler.go:54 +0x38 google3/cloud/control2/frontend/server/requesthandler.(*Handler).handle(0x1?, {0x560a5312b2c8, 0x23ebf2c3a600}, 0x23ebc2ce0808?, 0x23ebd8962de0?)",
            "cloud/control2/shared/genericrpc/service.go:171 +0x3f9 google3/cloud/control2/shared/genericrpc/genericrpc.(*Dispatcher).DefaultMethodHandler(0x23ebd0461cb0, {0x560a5312b2c8, 0x23ebf2c3a600}, 0x23ebf439d218)",
            "net/rpc/go/stream.go:1180 +0x43 google3/net/rpc/go/rpc.runStreamHandler({0x560a5312b2c8?, 0x23ebf2c3a600?}, 0x23ebf439d218?, {0x0?, 0x0?}, {0x560a53143210, 0x23ebdf4dc910})",
            "net/goa/rpc/rpchandler.go:100 +0x502 google3/net/goa/rpc/rpchandler.ExecHandlerSubset({0x560a5312b2c8?, 0x23ebf98359b0?}, 0x23ebeaaa3538)",
            "net/goa/rpc/rpchandler.go:327 +0xa1f google3/net/goa/rpc/rpchandler.(*closedRegistry).hook(0x23ebd1ffd2c0, {0x560a5312b5e8, 0x23ebcc2673e0}, 0x23ebe8426b80)",
            "production/fireaxe/go/filters/rpcserverinterceptor.go:62 +0x342 google3/production/fireaxe/go/filters/rpcserverinterceptor.(*Interceptor).MakeHook-fm.(*Interceptor).MakeHook.func2({0x560a5312b5e8, 0x23ebcc2673e0}, 0x23ebe8426b80)"
          ],
          "detail": "Gen1 operation for function projects/prompt-battle-c5e6a/locations/us-central1/functions/purchaseItem failed: Build failed: Build error details not available.Please check the logs at https://console.cloud.google.com/cloud-build/builds;region=us-central1/c843c11c-1cd2-4788-9590-779f80d8f635?project=329010584107. Please visit https://cloud.google.com/functions/docs/troubleshooting#build for in-depth troubleshooting documentation for build related errors.."
        }
      ]
    },
    "status": 13,
    "code": 13
  }
}
[debug] [2026-03-17T05:52:24.630Z] {
  "endpoint": {
    "id": "completePayment",
    "project": "prompt-battle-c5e6a",
    "region": "us-central1",
    "entryPoint": "completePayment",
    "platform": "gcfv1",
    "runtime": "nodejs20",
    "httpsTrigger": {},
    "serviceAccount": null,
    "ingressSettings": null,
    "availableMemoryMb": null,
    "timeoutSeconds": null,
    "maxInstances": null,
    "minInstances": null,
    "vpc": null,
    "environmentVariables": {
      "FIREBASE_CONFIG": "{\"projectId\":\"prompt-battle-c5e6a\",\"databaseURL\":\"https://prompt-battle-c5e6a-default-rtdb.firebaseio.com\",\"storageBucket\":\"prompt-battle-c5e6a.firebasestorage.app\"}",
      "GCLOUD_PROJECT": "prompt-battle-c5e6a",
      "EVENTARC_CLOUD_EVENT_SOURCE": "projects/prompt-battle-c5e6a/locations/us-central1/functions/completePayment"
    },
    "codebase": "default",
    "targetedByOnly": false,
    "hash": "d4fa81547bac1ca707eb0988d534e987f547df30",
    "labels": {
      "deployment-tool": "cli-firebase"
    }
  },
  "op": "create",
  "original": {
    "name": "FirebaseError",
    "children": [],
    "exit": 1,
    "message": "Gen1 operation for function projects/prompt-battle-c5e6a/locations/us-central1/functions/completePayment failed: Build failed: Build error details not available.Please check the logs at https://console.cloud.google.com/cloud-build/builds;region=us-central1/7b2ebc4a-123f-4fd7-8d00-87a1fd6f7578?project=329010584107. Please visit https://cloud.google.com/functions/docs/troubleshooting#build for in-depth troubleshooting documentation for build related errors..",
    "original": {
      "code": 13,
      "message": "Gen1 operation for function projects/prompt-battle-c5e6a/locations/us-central1/functions/completePayment failed: Build failed: Build error details not available.Please check the logs at https://console.cloud.google.com/cloud-build/builds;region=us-central1/7b2ebc4a-123f-4fd7-8d00-87a1fd6f7578?project=329010584107. Please visit https://cloud.google.com/functions/docs/troubleshooting#build for in-depth troubleshooting documentation for build related errors..",
      "details": [
        {
          "@type": "type.googleapis.com/google.rpc.DebugInfo",
          "stackEntries": [
            "cloud/control2/shared/userfriendly/userfriendly_helpers.go:66 +0x25 google3/cloud/control2/shared/userfriendly/userfriendly.DebugInfoWithMessage({0x175d64088b40, 0x1cc})",
            "cloud/control2/frontend/storedata/public_operation.go:256 +0xd1 google3/cloud/control2/frontend/storedata/publicoperation.toOperationError({0x55aee212b2c8, 0x175d7a3670e0}, 0x175d921fff40?, 0x68?)",
            "cloud/control2/frontend/storedata/public_operation.go:122 +0x3c5 google3/cloud/control2/frontend/storedata/publicoperation.ToPublic({0x55aee212b2c8, 0x175d7a3670e0}, 0x175d921fff40, 0x175d921ffc68, 0x175d5bc69b90, 0x175d5b680360)",
            "cloud/control2/frontend/converters/operation_converter.go:46 +0xa7 google3/cloud/control2/frontend/converters/operationconverter.(*OperationConverter).ConvertResource(0x175d7625c280, {0x55aee212b2c8, 0x175d7a3670e0}, {0x55aee213a7e0, 0x175d921fff40}, 0x175d5cd77b40?, 0x175d5b680360?)",
            "cloud/control2/frontend/handler/get.go:220 +0x1e13 google3/cloud/control2/frontend/handler/handler.Handler.handleGet({{0x7f1d3bb0d2d8, 0x175d584d7020}, {0x175d5900a4a0, 0x175d5f930a80, {0x55aee215e188, 0x175d5cd77b40}, 0x175d5b680360, 0x175d5bf18d20}, {{0x55aee1f9e340, 0x175d607cf680}}, ...}, ...)",
            "cloud/control2/frontend/handler/handler_init.go:511 +0xaa google3/cloud/control2/frontend/handler/handler.init.func55({_, _}, {0x175d6bc63608, 0x175d84f32a08, 0x0, 0x0, 0x0, 0x0, 0x175d55aaf300, 0x175d55aaf380, ...})",
            "cloud/control2/frontend/handler/handler_init.go:273 +0x85 google3/cloud/control2/frontend/handler/handler.RegularInitializer.initGetMethodStates.func2({_, _}, {0x175d6bc63608, 0x175d84f32a08, 0x0, 0x0, 0x0, 0x0, 0x175d55aaf300, 0x175d55aaf380, ...})",
            "cloud/control2/frontend/handler/handler.go:328 google3/cloud/control2/frontend/handler/handler.Handler.start.func1(...)",
            "cloud/control2/frontend/handler/handler.go:329 +0x396 google3/cloud/control2/frontend/handler/handler.Handler.start({{0x7f1d3bb0d2d8, 0x175d584d7020}, {0x175d5900a4a0, 0x175d5f930a80, {0x55aee215e188, 0x175d5cd77b40}, 0x175d5b680360, 0x175d5bf18d20}, {{0x55aee1f9e340, 0x175d607cf680}}, ...}, ...)",
            "cloud/control2/frontend/handler/handler.go:312 +0x92 google3/cloud/control2/frontend/handler/handler.init.func63({0x55aee212b2c8?, _}, {{0x7f1d3bb0d2d8, 0x175d584d7020}, {0x175d5900a4a0, 0x175d5f930a80, {0x55aee215e188, 0x175d5cd77b40}, 0x175d5b680360, 0x175d5bf18d20}, ...}, ...)",
            "cloud/control2/frontend/handler/handler.go:307 +0x179 google3/cloud/control2/frontend/handler/handler.Handler.HandleRequest({{0x7f1d3bb0d2d8, 0x175d584d7020}, {0x175d5900a4a0, 0x175d5f930a80, {0x55aee215e188, 0x175d5cd77b40}, 0x175d5b680360, 0x175d5bf18d20}, {{0x55aee1f9e340, 0x175d607cf680}}, ...}, ...)",
            "cloud/control2/frontend/server/request_handler.go:170 +0x145 google3/cloud/control2/frontend/server/requesthandler.init.func1({0x55aee212b2c8?, 0x175d5f9375f0?}, 0x175d61b3aa00, 0x175d55aaf280, 0x175d55aaf300, 0x175d55aaf380)",
            "cloud/control2/frontend/server/request_handler.go:143 +0x6a3 google3/cloud/control2/frontend/server/requesthandler.(*Handler).handleRequestWithFullMethodName(0x175d61b3aa00, {0x55aee212b2c8, 0x175d5f937470}, 0x175d7b535000, 0x175d7407d8d8, 0x175d84f32960, {0x0?, 0x1000000?})",
            "cloud/control2/frontend/server/request_handler.go:88 +0x41f google3/cloud/control2/frontend/server/requesthandler.(*Handler).handleRequest(0x175d61b3aa00, {0x55aee212b2c8, 0x175d5f937470}, 0x175d7407d8d8, 0x175d84f32960)",
            "cloud/control2/frontend/server/request_handler.go:66 +0xd4 google3/cloud/control2/frontend/server/requesthandler.init.func2({0x55aee212b2c8?, 0x175d5f937470?}, 0x55aed97cf0a5?, 0x7f1d9a513bf0?, 0x175d69f06f38?)",
            "cloud/control2/frontend/server/request_handler.go:54 +0x38 google3/cloud/control2/frontend/server/requesthandler.(*Handler).handle(0x1?, {0x55aee212b2c8, 0x175d5f937470}, 0x175d68298808?, 0x175d84f32960?)",
            "cloud/control2/shared/genericrpc/service.go:171 +0x3f9 google3/cloud/control2/shared/genericrpc/genericrpc.(*Dispatcher).DefaultMethodHandler(0x175d61bbabd0, {0x55aee212b2c8, 0x175d5f937470}, 0x175d7407d8d8)",
            "net/rpc/go/stream.go:1180 +0x43 google3/net/rpc/go/rpc.runStreamHandler({0x55aee212b2c8?, 0x175d5f937470?}, 0x175d7407d8d8?, {0x0?, 0x0?}, {0x55aee2143210, 0x175d7bcb40f0})",
            "net/goa/rpc/rpchandler.go:100 +0x502 google3/net/goa/rpc/rpchandler.ExecHandlerSubset({0x55aee212b2c8?, 0x175d8a96ca50?}, 0x175d6d763538)",
            "net/goa/rpc/rpchandler.go:327 +0xa1f google3/net/goa/rpc/rpchandler.(*closedRegistry).hook(0x175d67fb4120, {0x55aee212b5e8, 0x175d5e922300}, 0x175d782c5200)",
            "production/fireaxe/go/filters/rpcserverinterceptor.go:62 +0x342 google3/production/fireaxe/go/filters/rpcserverinterceptor.(*Interceptor).MakeHook-fm.(*Interceptor).MakeHook.func2({0x55aee212b5e8, 0x175d5e922300}, 0x175d782c5200)"
          ],
          "detail": "Gen1 operation for function projects/prompt-battle-c5e6a/locations/us-central1/functions/completePayment failed: Build failed: Build error details not available.Please check the logs at https://console.cloud.google.com/cloud-build/builds;region=us-central1/7b2ebc4a-123f-4fd7-8d00-87a1fd6f7578?project=329010584107. Please visit https://cloud.google.com/functions/docs/troubleshooting#build for in-depth troubleshooting documentation for build related errors.."
        }
      ]
    },
    "status": 13,
    "code": 13
  }
}
[debug] [2026-03-17T05:52:24.630Z] {
  "endpoint": {
    "id": "grantXp",
    "project": "prompt-battle-c5e6a",
    "region": "us-central1",
    "entryPoint": "grantXp",
    "platform": "gcfv1",
    "runtime": "nodejs20",
    "httpsTrigger": {},
    "serviceAccount": null,
    "ingressSettings": null,
    "availableMemoryMb": null,
    "timeoutSeconds": null,
    "maxInstances": null,
    "minInstances": null,
    "vpc": null,
    "environmentVariables": {
      "FIREBASE_CONFIG": "{\"projectId\":\"prompt-battle-c5e6a\",\"databaseURL\":\"https://prompt-battle-c5e6a-default-rtdb.firebaseio.com\",\"storageBucket\":\"prompt-battle-c5e6a.firebasestorage.app\"}",
      "GCLOUD_PROJECT": "prompt-battle-c5e6a",
      "EVENTARC_CLOUD_EVENT_SOURCE": "projects/prompt-battle-c5e6a/locations/us-central1/functions/grantXp"
    },
    "codebase": "default",
    "targetedByOnly": false,
    "hash": "d4fa81547bac1ca707eb0988d534e987f547df30",
    "labels": {
      "deployment-tool": "cli-firebase"
    }
  },
  "op": "create",
  "original": {
    "name": "FirebaseError",
    "children": [],
    "exit": 1,
    "message": "Gen1 operation for function projects/prompt-battle-c5e6a/locations/us-central1/functions/grantXp failed: Build failed: Build error details not available.Please check the logs at https://console.cloud.google.com/cloud-build/builds;region=us-central1/cb69b0aa-2495-40fc-bc3f-46147cea9b2c?project=329010584107. Please visit https://cloud.google.com/functions/docs/troubleshooting#build for in-depth troubleshooting documentation for build related errors..",
    "original": {
      "code": 13,
      "message": "Gen1 operation for function projects/prompt-battle-c5e6a/locations/us-central1/functions/grantXp failed: Build failed: Build error details not available.Please check the logs at https://console.cloud.google.com/cloud-build/builds;region=us-central1/cb69b0aa-2495-40fc-bc3f-46147cea9b2c?project=329010584107. Please visit https://cloud.google.com/functions/docs/troubleshooting#build for in-depth troubleshooting documentation for build related errors..",
      "details": [
        {
          "@type": "type.googleapis.com/google.rpc.DebugInfo",
          "stackEntries": [
            "cloud/control2/shared/userfriendly/userfriendly_helpers.go:66 +0x24 google3/cloud/control2/shared/userfriendly/userfriendly.DebugInfoWithMessage({0x1d39b4ee92c0, 0x1c4})",
            "cloud/control2/frontend/storedata/public_operation.go:256 +0xc0 google3/cloud/control2/frontend/storedata/publicoperation.toOperationError({0xaaaaff12b1e8, 0x1d39acc60180}, 0x1d39afc65920?, 0x88?)",
            "cloud/control2/frontend/storedata/public_operation.go:122 +0x314 google3/cloud/control2/frontend/storedata/publicoperation.ToPublic({0xaaaaff12b1e8, 0x1d39acc60180}, 0x1d39afc65920, 0x1d39aa1f3488, 0x1d39c2c35050, 0x1d399f239290)",
            "cloud/control2/frontend/converters/operation_converter.go:46 +0x78 google3/cloud/control2/frontend/converters/operationconverter.(*OperationConverter).ConvertResource(0x1d39c61ad590, {0xaaaaff12b1e8, 0x1d39acc60180}, {0xaaaaff13a740, 0x1d39afc65920}, 0x1d399f5c7740?, 0x1d399f239290?)",
            "cloud/control2/frontend/handler/get.go:220 +0x1450 google3/cloud/control2/frontend/handler/handler.Handler.handleGet({{0xffff2eda65a0, 0x1d399f20c300}, {0x1d39a3176e40, 0x1d39a41f7470, {0xaaaaff15e0e8, 0x1d399f5c7740}, 0x1d399f239290, 0x1d39c426aa80}, {{0xaaaafef9e260, 0x1d39a2f24500}}, ...}, ...)",
            "cloud/control2/frontend/handler/handler_init.go:511 +0x68 google3/cloud/control2/frontend/handler/handler.init.func55({_, _}, {0x1d39c595b708, 0x1d39b8a08f48, 0x0, 0x0, 0x0, 0x0, 0x1d39cfb24180, 0x1d39cfb241c0, ...})",
            "cloud/control2/frontend/handler/handler_init.go:273 +0x64 google3/cloud/control2/frontend/handler/handler.RegularInitializer.initGetMethodStates.func2({_, _}, {0x1d39c595b708, 0x1d39b8a08f48, 0x0, 0x0, 0x0, 0x0, 0x1d39cfb24180, 0x1d39cfb241c0, ...})",
            "cloud/control2/frontend/handler/handler.go:328 google3/cloud/control2/frontend/handler/handler.Handler.start.func1(...)",
            "cloud/control2/frontend/handler/handler.go:329 +0x254 google3/cloud/control2/frontend/handler/handler.Handler.start({{0xffff2eda65a0, 0x1d399f20c300}, {0x1d39a3176e40, 0x1d39a41f7470, {0xaaaaff15e0e8, 0x1d399f5c7740}, 0x1d399f239290, 0x1d39c426aa80}, {{0xaaaafef9e260, 0x1d39a2f24500}}, ...}, ...)",
            "cloud/control2/frontend/handler/handler.go:312 +0x60 google3/cloud/control2/frontend/handler/handler.init.func63({0xaaaaff12b1e8?, _}, {{0xffff2eda65a0, 0x1d399f20c300}, {0x1d39a3176e40, 0x1d39a41f7470, {0xaaaaff15e0e8, 0x1d399f5c7740}, 0x1d399f239290, 0x1d39c426aa80}, ...}, ...)",
            "cloud/control2/frontend/handler/handler.go:307 +0xf4 google3/cloud/control2/frontend/handler/handler.Handler.HandleRequest({{0xffff2eda65a0, 0x1d399f20c300}, {0x1d39a3176e40, 0x1d39a41f7470, {0xaaaaff15e0e8, 0x1d399f5c7740}, 0x1d399f239290, 0x1d39c426aa80}, {{0xaaaafef9e260, 0x1d39a2f24500}}, ...}, ...)",
            "cloud/control2/frontend/server/request_handler.go:170 +0xc4 google3/cloud/control2/frontend/server/requesthandler.init.func1({0xaaaaff12b1e8?, 0x1d39afda5230?}, 0x1d39aa07cb00, 0x1d39cfb24140, 0x1d39cfb24180, 0x1d39cfb241c0)",
            "cloud/control2/frontend/server/request_handler.go:143 +0x4f4 google3/cloud/control2/frontend/server/requesthandler.(*Handler).handleRequestWithFullMethodName(0x1d39aa07cb00, {0xaaaaff12b1e8, 0x1d39afda5080}, 0x1d39cb0ba900, 0x1d39b8a08720, 0x1d39b8a08ea0, {0x0?, 0x0?})",
            "cloud/control2/frontend/server/request_handler.go:88 +0x378 google3/cloud/control2/frontend/server/requesthandler.(*Handler).handleRequest(0x1d39aa07cb00, {0xaaaaff12b1e8, 0x1d39afda5080}, 0x1d39b8a08720, 0x1d39b8a08ea0)",
            "cloud/control2/frontend/server/request_handler.go:66 +0xa4 google3/cloud/control2/frontend/server/requesthandler.init.func2({0xaaaaff12b1e8?, 0x1d39afda5080?}, 0x1d39d0c84de1?, 0x1d39a6234753?, 0x1d39d0c84dec?)",
            "cloud/control2/frontend/server/request_handler.go:54 +0x40 google3/cloud/control2/frontend/server/requesthandler.(*Handler).handle(0x5?, {0xaaaaff12b1e8, 0x1d39afda5080}, 0xffff91ce5108?, 0x1d3999492008?)",
            "cloud/control2/shared/genericrpc/service.go:171 +0x3a8 google3/cloud/control2/shared/genericrpc/genericrpc.(*Dispatcher).DefaultMethodHandler(0x1d39aa98e030, {0xaaaaff12b1e8, 0x1d39afda5080}, 0x1d39b8a08720)",
            "net/rpc/go/stream.go:1180 +0x4c google3/net/rpc/go/rpc.runStreamHandler({0xaaaaff12b1e8?, 0x1d39afda5080?}, 0x1d39b8a08720?, {0x0?, 0x0?}, {0xaaaaff143170, 0x1d39c4f4b4f0})",
            "net/goa/rpc/rpchandler.go:100 +0x3b8 google3/net/goa/rpc/rpchandler.ExecHandlerSubset({0xaaaaff12b1e8?, 0x1d39df6f1aa0?}, 0x1d39b6d1f518)",
            "net/goa/rpc/rpchandler.go:327 +0x7f0 google3/net/goa/rpc/rpchandler.(*closedRegistry).hook(0x1d39a23c2120, {0xaaaaff12b508, 0x1d39a620d500}, 0x1d39a152b500)",
            "production/fireaxe/go/filters/rpcserverinterceptor.go:62 +0x258 google3/production/fireaxe/go/filters/rpcserverinterceptor.(*Interceptor).MakeHook-fm.(*Interceptor).MakeHook.func2({0xaaaaff12b508, 0x1d39a620d500}, 0x1d39a152b500)"
          ],
          "detail": "Gen1 operation for function projects/prompt-battle-c5e6a/locations/us-central1/functions/grantXp failed: Build failed: Build error details not available.Please check the logs at https://console.cloud.google.com/cloud-build/builds;region=us-central1/cb69b0aa-2495-40fc-bc3f-46147cea9b2c?project=329010584107. Please visit https://cloud.google.com/functions/docs/troubleshooting#build for in-depth troubleshooting documentation for build related errors.."
        }
      ]
    },
    "status": 13,
    "code": 13
  }
}
[debug] [2026-03-17T05:52:24.630Z] {
  "endpoint": {
    "id": "redeemItchKey",
    "project": "prompt-battle-c5e6a",
    "region": "us-central1",
    "entryPoint": "redeemItchKey",
    "platform": "gcfv1",
    "runtime": "nodejs20",
    "httpsTrigger": {},
    "serviceAccount": null,
    "ingressSettings": null,
    "availableMemoryMb": null,
    "timeoutSeconds": null,
    "maxInstances": null,
    "minInstances": null,
    "vpc": null,
    "environmentVariables": {
      "FIREBASE_CONFIG": "{\"projectId\":\"prompt-battle-c5e6a\",\"databaseURL\":\"https://prompt-battle-c5e6a-default-rtdb.firebaseio.com\",\"storageBucket\":\"prompt-battle-c5e6a.firebasestorage.app\"}",
      "GCLOUD_PROJECT": "prompt-battle-c5e6a",
      "EVENTARC_CLOUD_EVENT_SOURCE": "projects/prompt-battle-c5e6a/locations/us-central1/functions/redeemItchKey"
    },
    "codebase": "default",
    "targetedByOnly": false,
    "hash": "d4fa81547bac1ca707eb0988d534e987f547df30",
    "labels": {
      "deployment-tool": "cli-firebase"
    }
  },
  "op": "create",
  "original": {
    "name": "FirebaseError",
    "children": [],
    "exit": 1,
    "message": "Gen1 operation for function projects/prompt-battle-c5e6a/locations/us-central1/functions/redeemItchKey failed: Build failed: Build error details not available.Please check the logs at https://console.cloud.google.com/cloud-build/builds;region=us-central1/ae8416aa-8285-4c9a-b448-2e5e6e8a8a79?project=329010584107. Please visit https://cloud.google.com/functions/docs/troubleshooting#build for in-depth troubleshooting documentation for build related errors..",
    "original": {
      "code": 13,
      "message": "Gen1 operation for function projects/prompt-battle-c5e6a/locations/us-central1/functions/redeemItchKey failed: Build failed: Build error details not available.Please check the logs at https://console.cloud.google.com/cloud-build/builds;region=us-central1/ae8416aa-8285-4c9a-b448-2e5e6e8a8a79?project=329010584107. Please visit https://cloud.google.com/functions/docs/troubleshooting#build for in-depth troubleshooting documentation for build related errors..",
      "details": [
        {
          "@type": "type.googleapis.com/google.rpc.DebugInfo",
          "stackEntries": [
            "cloud/control2/shared/userfriendly/userfriendly_helpers.go:66 +0x25 google3/cloud/control2/shared/userfriendly/userfriendly.DebugInfoWithMessage({0x1a86d7484780, 0x1ca})",
            "cloud/control2/frontend/storedata/public_operation.go:256 +0xd1 google3/cloud/control2/frontend/storedata/publicoperation.toOperationError({0x55a88812b2c8, 0x1a86d5448330}, 0x1a86f7d804e8?, 0x8?)",
            "cloud/control2/frontend/storedata/public_operation.go:122 +0x3c5 google3/cloud/control2/frontend/storedata/publicoperation.ToPublic({0x55a88812b2c8, 0x1a86d5448330}, 0x1a86f7d804e8, 0x1a86c2c16308, 0x1a86c3606cf0, 0x1a86b2996240)",
            "cloud/control2/frontend/converters/operation_converter.go:46 +0xa7 google3/cloud/control2/frontend/converters/operationconverter.(*OperationConverter).ConvertResource(0x1a86d2204dc0, {0x55a88812b2c8, 0x1a86d5448330}, {0x55a88813a7e0, 0x1a86f7d804e8}, 0x1a86b2f8f440?, 0x1a86b2996240?)",
            "cloud/control2/frontend/handler/get.go:220 +0x1e13 google3/cloud/control2/frontend/handler/handler.Handler.handleGet({{0x7f35f7e510b0, 0x1a86b3fff940}, {0x1a86b809de60, 0x1a86b8416820, {0x55a88815e188, 0x1a86b2f8f440}, 0x1a86b2996240, 0x1a86b3694c00}, {{0x55a887f9e340, 0x1a86b5283780}}, ...}, ...)",
            "cloud/control2/frontend/handler/handler_init.go:511 +0xaa google3/cloud/control2/frontend/handler/handler.init.func55({_, _}, {0x1a86ca36d088, 0x1a86cf4613e0, 0x0, 0x0, 0x0, 0x0, 0x1a86c0a26a40, 0x1a86c0a26a80, ...})",
            "cloud/control2/frontend/handler/handler_init.go:273 +0x85 google3/cloud/control2/frontend/handler/handler.RegularInitializer.initGetMethodStates.func2({_, _}, {0x1a86ca36d088, 0x1a86cf4613e0, 0x0, 0x0, 0x0, 0x0, 0x1a86c0a26a40, 0x1a86c0a26a80, ...})",
            "cloud/control2/frontend/handler/handler.go:328 google3/cloud/control2/frontend/handler/handler.Handler.start.func1(...)",
            "cloud/control2/frontend/handler/handler.go:329 +0x396 google3/cloud/control2/frontend/handler/handler.Handler.start({{0x7f35f7e510b0, 0x1a86b3fff940}, {0x1a86b809de60, 0x1a86b8416820, {0x55a88815e188, 0x1a86b2f8f440}, 0x1a86b2996240, 0x1a86b3694c00}, {{0x55a887f9e340, 0x1a86b5283780}}, ...}, ...)",
            "cloud/control2/frontend/handler/handler.go:312 +0x92 google3/cloud/control2/frontend/handler/handler.init.func63({0x55a88812b2c8?, _}, {{0x7f35f7e510b0, 0x1a86b3fff940}, {0x1a86b809de60, 0x1a86b8416820, {0x55a88815e188, 0x1a86b2f8f440}, 0x1a86b2996240, 0x1a86b3694c00}, ...}, ...)",
            "cloud/control2/frontend/handler/handler.go:307 +0x179 google3/cloud/control2/frontend/handler/handler.Handler.HandleRequest({{0x7f35f7e510b0, 0x1a86b3fff940}, {0x1a86b809de60, 0x1a86b8416820, {0x55a88815e188, 0x1a86b2f8f440}, 0x1a86b2996240, 0x1a86b3694c00}, {{0x55a887f9e340, 0x1a86b5283780}}, ...}, ...)",
            "cloud/control2/frontend/server/request_handler.go:170 +0x145 google3/cloud/control2/frontend/server/requesthandler.init.func1({0x55a88812b2c8?, 0x1a86f66f5b90?}, 0x1a86b5804f00, 0x1a86c0a26a00, 0x1a86c0a26a40, 0x1a86c0a26a80)",
            "cloud/control2/frontend/server/request_handler.go:143 +0x6a3 google3/cloud/control2/frontend/server/requesthandler.(*Handler).handleRequestWithFullMethodName(0x1a86b5804f00, {0x55a88812b2c8, 0x1a86f66f5a10}, 0x1a86c7d59500, 0x1a86bc8a20c0, 0x1a86cf461338, {0x0?, 0x1000000?})",
            "cloud/control2/frontend/server/request_handler.go:88 +0x41f google3/cloud/control2/frontend/server/requesthandler.(*Handler).handleRequest(0x1a86b5804f00, {0x55a88812b2c8, 0x1a86f66f5a10}, 0x1a86bc8a20c0, 0x1a86cf461338)",
            "cloud/control2/frontend/server/request_handler.go:66 +0xd4 google3/cloud/control2/frontend/server/requesthandler.init.func2({0x55a88812b2c8?, 0x1a86f66f5a10?}, 0x55a87f7cf0a5?, 0x1a86d68e2f90?, 0x1a86d68e2f38?)",
            "cloud/control2/frontend/server/request_handler.go:54 +0x38 google3/cloud/control2/frontend/server/requesthandler.(*Handler).handle(0x20?, {0x55a88812b2c8, 0x1a86f66f5a10}, 0x1a86bf2f1008?, 0x1a86cf461338?)",
            "cloud/control2/shared/genericrpc/service.go:171 +0x3f9 google3/cloud/control2/shared/genericrpc/genericrpc.(*Dispatcher).DefaultMethodHandler(0x1a86b8687260, {0x55a88812b2c8, 0x1a86f66f5a10}, 0x1a86bc8a20c0)",
            "net/rpc/go/stream.go:1180 +0x43 google3/net/rpc/go/rpc.runStreamHandler({0x55a88812b2c8?, 0x1a86f66f5a10?}, 0x1a86bc8a20c0?, {0x0?, 0x0?}, {0x55a888143210, 0x1a86d4815040})",
            "net/goa/rpc/rpchandler.go:100 +0x502 google3/net/goa/rpc/rpchandler.ExecHandlerSubset({0x55a88812b2c8?, 0x1a86f29c1530?}, 0x1a86b2281538)",
            "net/goa/rpc/rpchandler.go:327 +0xa1f google3/net/goa/rpc/rpchandler.(*closedRegistry).hook(0x1a86c07f67a0, {0x55a88812b5e8, 0x1a86bdcc6720}, 0x1a86cff19080)",
            "production/fireaxe/go/filters/rpcserverinterceptor.go:62 +0x342 google3/production/fireaxe/go/filters/rpcserverinterceptor.(*Interceptor).MakeHook-fm.(*Interceptor).MakeHook.func2({0x55a88812b5e8, 0x1a86bdcc6720}, 0x1a86cff19080)"
          ],
          "detail": "Gen1 operation for function projects/prompt-battle-c5e6a/locations/us-central1/functions/redeemItchKey failed: Build failed: Build error details not available.Please check the logs at https://console.cloud.google.com/cloud-build/builds;region=us-central1/ae8416aa-8285-4c9a-b448-2e5e6e8a8a79?project=329010584107. Please visit https://cloud.google.com/functions/docs/troubleshooting#build for in-depth troubleshooting documentation for build related errors.."
        }
      ]
    },
    "status": 13,
    "code": 13
  }
}
[debug] [2026-03-17T05:52:24.630Z] {
  "endpoint": {
    "id": "grantGlory",
    "project": "prompt-battle-c5e6a",
    "region": "us-central1",
    "entryPoint": "grantGlory",
    "platform": "gcfv1",
    "runtime": "nodejs20",
    "httpsTrigger": {},
    "serviceAccount": null,
    "ingressSettings": null,
    "availableMemoryMb": null,
    "timeoutSeconds": null,
    "maxInstances": null,
    "minInstances": null,
    "vpc": null,
    "environmentVariables": {
      "FIREBASE_CONFIG": "{\"projectId\":\"prompt-battle-c5e6a\",\"databaseURL\":\"https://prompt-battle-c5e6a-default-rtdb.firebaseio.com\",\"storageBucket\":\"prompt-battle-c5e6a.firebasestorage.app\"}",
      "GCLOUD_PROJECT": "prompt-battle-c5e6a",
      "EVENTARC_CLOUD_EVENT_SOURCE": "projects/prompt-battle-c5e6a/locations/us-central1/functions/grantGlory"
    },
    "codebase": "default",
    "targetedByOnly": false,
    "hash": "d4fa81547bac1ca707eb0988d534e987f547df30",
    "labels": {
      "deployment-tool": "cli-firebase"
    }
  },
  "op": "create",
  "original": {
    "name": "FirebaseError",
    "children": [],
    "exit": 1,
    "message": "Gen1 operation for function projects/prompt-battle-c5e6a/locations/us-central1/functions/grantGlory failed: Build failed: Build error details not available.Please check the logs at https://console.cloud.google.com/cloud-build/builds;region=us-central1/714add40-5199-408c-8d5a-8b37209a094b?project=329010584107. Please visit https://cloud.google.com/functions/docs/troubleshooting#build for in-depth troubleshooting documentation for build related errors..",
    "original": {
      "code": 13,
      "message": "Gen1 operation for function projects/prompt-battle-c5e6a/locations/us-central1/functions/grantGlory failed: Build failed: Build error details not available.Please check the logs at https://console.cloud.google.com/cloud-build/builds;region=us-central1/714add40-5199-408c-8d5a-8b37209a094b?project=329010584107. Please visit https://cloud.google.com/functions/docs/troubleshooting#build for in-depth troubleshooting documentation for build related errors..",
      "details": [
        {
          "@type": "type.googleapis.com/google.rpc.DebugInfo",
          "stackEntries": [
            "cloud/control2/shared/userfriendly/userfriendly_helpers.go:66 +0x25 google3/cloud/control2/shared/userfriendly/userfriendly.DebugInfoWithMessage({0x7006bc3ed20, 0x1c7})",
            "cloud/control2/frontend/storedata/public_operation.go:256 +0xd1 google3/cloud/control2/frontend/storedata/publicoperation.toOperationError({0x558698b2b2c8, 0x70078ad75c0}, 0x7008e203238?, 0xf8?)",
            "cloud/control2/frontend/storedata/public_operation.go:122 +0x3c5 google3/cloud/control2/frontend/storedata/publicoperation.ToPublic({0x558698b2b2c8, 0x70078ad75c0}, 0x7008e203238, 0x7005903d5f8, 0x70080ea5830, 0x700525f9200)",
            "cloud/control2/frontend/converters/operation_converter.go:46 +0xa7 google3/cloud/control2/frontend/converters/operationconverter.(*OperationConverter).ConvertResource(0x70074f90460, {0x558698b2b2c8, 0x70078ad75c0}, {0x558698b3a7e0, 0x7008e203238}, 0x70052c0d740?, 0x700525f9200?)",
            "cloud/control2/frontend/handler/get.go:220 +0x1e13 google3/cloud/control2/frontend/handler/handler.Handler.handleGet({{0x7f410b9e9958, 0x7005b118a60}, {0x70056fbb740, 0x70056db9de0, {0x558698b5e188, 0x70052c0d740}, 0x700525f9200, 0x70074897a40}, {{0x55869899e340, 0x70055e48a00}}, ...}, ...)",
            "cloud/control2/frontend/handler/handler_init.go:511 +0xaa google3/cloud/control2/frontend/handler/handler.init.func55({_, _}, {0x70055cd2688, 0x70082064420, 0x0, 0x0, 0x0, 0x0, 0x7005292a980, 0x7005292aa00, ...})",
            "cloud/control2/frontend/handler/handler_init.go:273 +0x85 google3/cloud/control2/frontend/handler/handler.RegularInitializer.initGetMethodStates.func2({_, _}, {0x70055cd2688, 0x70082064420, 0x0, 0x0, 0x0, 0x0, 0x7005292a980, 0x7005292aa00, ...})",
            "cloud/control2/frontend/handler/handler.go:328 google3/cloud/control2/frontend/handler/handler.Handler.start.func1(...)",
            "cloud/control2/frontend/handler/handler.go:329 +0x396 google3/cloud/control2/frontend/handler/handler.Handler.start({{0x7f410b9e9958, 0x7005b118a60}, {0x70056fbb740, 0x70056db9de0, {0x558698b5e188, 0x70052c0d740}, 0x700525f9200, 0x70074897a40}, {{0x55869899e340, 0x70055e48a00}}, ...}, ...)",
            "cloud/control2/frontend/handler/handler.go:312 +0x92 google3/cloud/control2/frontend/handler/handler.init.func63({0x558698b2b2c8?, _}, {{0x7f410b9e9958, 0x7005b118a60}, {0x70056fbb740, 0x70056db9de0, {0x558698b5e188, 0x70052c0d740}, 0x700525f9200, 0x70074897a40}, ...}, ...)",
            "cloud/control2/frontend/handler/handler.go:307 +0x179 google3/cloud/control2/frontend/handler/handler.Handler.HandleRequest({{0x7f410b9e9958, 0x7005b118a60}, {0x70056fbb740, 0x70056db9de0, {0x558698b5e188, 0x70052c0d740}, 0x700525f9200, 0x70074897a40}, {{0x55869899e340, 0x70055e48a00}}, ...}, ...)",
            "cloud/control2/frontend/server/request_handler.go:170 +0x145 google3/cloud/control2/frontend/server/requesthandler.init.func1({0x558698b2b2c8?, 0x70075bcd2f0?}, 0x7005da23500, 0x7005292a900, 0x7005292a980, 0x7005292aa00)",
            "cloud/control2/frontend/server/request_handler.go:143 +0x6a3 google3/cloud/control2/frontend/server/requesthandler.(*Handler).handleRequestWithFullMethodName(0x7005da23500, {0x558698b2b2c8, 0x70075bcd1d0}, 0x700791d9b00, 0x70076ac4c48, 0x70082064360, {0x0?, 0x1000000?})",
            "cloud/control2/frontend/server/request_handler.go:88 +0x41f google3/cloud/control2/frontend/server/requesthandler.(*Handler).handleRequest(0x7005da23500, {0x558698b2b2c8, 0x70075bcd1d0}, 0x70076ac4c48, 0x70082064360)",
            "cloud/control2/frontend/server/request_handler.go:66 +0xd4 google3/cloud/control2/frontend/server/requesthandler.init.func2({0x558698b2b2c8?, 0x70075bcd1d0?}, 0x5586901cf0a5?, 0x70054388f90?, 0x70054388f38?)",
            "cloud/control2/frontend/server/request_handler.go:54 +0x38 google3/cloud/control2/frontend/server/requesthandler.(*Handler).handle(0x1?, {0x558698b2b2c8, 0x70075bcd1d0}, 0x7004bf80008?, 0x70082064360?)",
            "cloud/control2/shared/genericrpc/service.go:171 +0x3f9 google3/cloud/control2/shared/genericrpc/genericrpc.(*Dispatcher).DefaultMethodHandler(0x7005e1d6b40, {0x558698b2b2c8, 0x70075bcd1d0}, 0x70076ac4c48)",
            "net/rpc/go/stream.go:1180 +0x43 google3/net/rpc/go/rpc.runStreamHandler({0x558698b2b2c8?, 0x70075bcd1d0?}, 0x70076ac4c48?, {0x0?, 0x0?}, {0x558698b43210, 0x7007bb9f450})",
            "net/goa/rpc/rpchandler.go:100 +0x502 google3/net/goa/rpc/rpchandler.ExecHandlerSubset({0x558698b2b2c8?, 0x7009fdaecc0?}, 0x7005a03f538)",
            "net/goa/rpc/rpchandler.go:327 +0xa1f google3/net/goa/rpc/rpchandler.(*closedRegistry).hook(0x70057811b40, {0x558698b2b5e8, 0x7006de02d20}, 0x7007737b280)",
            "production/fireaxe/go/filters/rpcserverinterceptor.go:62 +0x342 google3/production/fireaxe/go/filters/rpcserverinterceptor.(*Interceptor).MakeHook-fm.(*Interceptor).MakeHook.func2({0x558698b2b5e8, 0x7006de02d20}, 0x7007737b280)"
          ],
          "detail": "Gen1 operation for function projects/prompt-battle-c5e6a/locations/us-central1/functions/grantGlory failed: Build failed: Build error details not available.Please check the logs at https://console.cloud.google.com/cloud-build/builds;region=us-central1/714add40-5199-408c-8d5a-8b37209a094b?project=329010584107. Please visit https://cloud.google.com/functions/docs/troubleshooting#build for in-depth troubleshooting documentation for build related errors.."
        }
      ]
    },
    "status": 13,
    "code": 13
  }
}
[error] Error: There was an error deploying functions:
[error] - Error Failed to create function createOrder in region us-central1
[error] - Error Failed to create function squareWebhook in region us-central1
[error] - Error Failed to create function processPlayerCommand in region us-central1
[error] - Error Failed to create function purchaseBattlePass in region us-central1
[error] - Error Failed to create function adminGrantItems in region us-central1
[error] - Error Failed to create function claimBattlePassReward in region us-central1
[error] - Error Failed to create function grantBattlePassXp in region us-central1
[error] - Error Failed to create function itchAppAuth in region us-central1
[error] - Error Failed to create function onPlayerJoinQueue in region us-central1
[error] - Error Failed to create function itchOAuthCallback in region us-central1
[error] - Error Failed to create function purchaseItem in region us-central1
[error] - Error Failed to create function completePayment in region us-central1
[error] - Error Failed to create function grantXp in region us-central1
[error] - Error Failed to create function redeemItchKey in region us-central1
[error] - Error Failed to create function grantGlory in region us-central1
[debug] [2026-03-17T05:53:01.734Z] ----------------------------------------------------------------------
[debug] [2026-03-17T05:53:01.737Z] Command:       C:\Program Files\nodejs\node.exe C:\Users\E\AppData\Roaming\npm\node_modules\firebase-tools\lib\bin\firebase.js deploy --only functions:grantGlory --force
[debug] [2026-03-17T05:53:01.737Z] CLI Version:   14.17.0
[debug] [2026-03-17T05:53:01.737Z] Platform:      win32
[debug] [2026-03-17T05:53:01.738Z] Node Version:  v22.19.0
[debug] [2026-03-17T05:53:01.738Z] Time:          Mon Mar 16 2026 22:53:01 GMT-0700 (Pacific Daylight Time)
[debug] [2026-03-17T05:53:01.738Z] ----------------------------------------------------------------------
[debug] 
[debug] [2026-03-17T05:53:01.941Z] > command requires scopes: ["email","openid","https://www.googleapis.com/auth/cloudplatformprojects.readonly","https://www.googleapis.com/auth/firebase","https://www.googleapis.com/auth/cloud-platform"]
[debug] [2026-03-17T05:53:01.941Z] > authorizing via signed-in user (ceo@railsplitgames.com)
[debug] [2026-03-17T05:53:01.941Z] [iam] checking project prompt-battle-c5e6a for permissions ["cloudfunctions.functions.create","cloudfunctions.functions.delete","cloudfunctions.functions.get","cloudfunctions.functions.list","cloudfunctions.functions.update","cloudfunctions.operations.get","firebase.projects.get"]
[debug] [2026-03-17T05:53:01.942Z] Checked if tokens are valid: true, expires at: 1773729535384
[debug] [2026-03-17T05:53:01.942Z] Checked if tokens are valid: true, expires at: 1773729535384
[debug] [2026-03-17T05:53:01.943Z] >>> [apiv2][query] POST https://cloudresourcemanager.googleapis.com/v1/projects/prompt-battle-c5e6a:testIamPermissions [none]
[debug] [2026-03-17T05:53:01.943Z] >>> [apiv2][(partial)header] POST https://cloudresourcemanager.googleapis.com/v1/projects/prompt-battle-c5e6a:testIamPermissions x-goog-quota-user=projects/prompt-battle-c5e6a
[debug] [2026-03-17T05:53:01.944Z] >>> [apiv2][body] POST https://cloudresourcemanager.googleapis.com/v1/projects/prompt-battle-c5e6a:testIamPermissions {"permissions":["cloudfunctions.functions.create","cloudfunctions.functions.delete","cloudfunctions.functions.get","cloudfunctions.functions.list","cloudfunctions.functions.update","cloudfunctions.operations.get","firebase.projects.get"]}
[debug] [2026-03-17T05:53:02.154Z] <<< [apiv2][status] POST https://cloudresourcemanager.googleapis.com/v1/projects/prompt-battle-c5e6a:testIamPermissions 200
[debug] [2026-03-17T05:53:02.154Z] <<< [apiv2][body] POST https://cloudresourcemanager.googleapis.com/v1/projects/prompt-battle-c5e6a:testIamPermissions {"permissions":["cloudfunctions.functions.create","cloudfunctions.functions.delete","cloudfunctions.functions.get","cloudfunctions.functions.list","cloudfunctions.functions.update","cloudfunctions.operations.get","firebase.projects.get"]}
[debug] [2026-03-17T05:53:02.154Z] Checked if tokens are valid: true, expires at: 1773729535384
[debug] [2026-03-17T05:53:02.154Z] Checked if tokens are valid: true, expires at: 1773729535384
[debug] [2026-03-17T05:53:02.154Z] >>> [apiv2][query] POST https://iam.googleapis.com/v1/projects/prompt-battle-c5e6a/serviceAccounts/prompt-battle-c5e6a@appspot.gserviceaccount.com:testIamPermissions [none]
[debug] [2026-03-17T05:53:02.154Z] >>> [apiv2][body] POST https://iam.googleapis.com/v1/projects/prompt-battle-c5e6a/serviceAccounts/prompt-battle-c5e6a@appspot.gserviceaccount.com:testIamPermissions {"permissions":["iam.serviceAccounts.actAs"]}
[debug] [2026-03-17T05:53:02.314Z] <<< [apiv2][status] POST https://iam.googleapis.com/v1/projects/prompt-battle-c5e6a/serviceAccounts/prompt-battle-c5e6a@appspot.gserviceaccount.com:testIamPermissions 200
[debug] [2026-03-17T05:53:02.314Z] <<< [apiv2][body] POST https://iam.googleapis.com/v1/projects/prompt-battle-c5e6a/serviceAccounts/prompt-battle-c5e6a@appspot.gserviceaccount.com:testIamPermissions {"permissions":["iam.serviceAccounts.actAs"]}
[info] 
[info] === Deploying to 'prompt-battle-c5e6a'...
[info] 
[info] i  deploying functions 
[debug] [2026-03-17T05:53:02.317Z] Checked if tokens are valid: true, expires at: 1773729535384
[debug] [2026-03-17T05:53:02.317Z] Checked if tokens are valid: true, expires at: 1773729535384
[debug] [2026-03-17T05:53:02.317Z] >>> [apiv2][query] GET https://cloudresourcemanager.googleapis.com/v1/projects/prompt-battle-c5e6a [none]
[debug] [2026-03-17T05:53:02.443Z] <<< [apiv2][status] GET https://cloudresourcemanager.googleapis.com/v1/projects/prompt-battle-c5e6a 200
[debug] [2026-03-17T05:53:02.443Z] <<< [apiv2][body] GET https://cloudresourcemanager.googleapis.com/v1/projects/prompt-battle-c5e6a {"projectNumber":"329010584107","projectId":"prompt-battle-c5e6a","lifecycleState":"ACTIVE","name":"prompt-battle","labels":{"firebase":"enabled","firebase-core":"disabled"},"createTime":"2026-03-06T00:48:51.928831Z","parent":{"type":"folder","id":"788007891807"}}
[info] i  functions: preparing codebase default for deployment 
[info] i  functions: ensuring required API cloudfunctions.googleapis.com is enabled... 
[info] i  functions: ensuring required API cloudbuild.googleapis.com is enabled... 
[info] i  artifactregistry: ensuring required API artifactregistry.googleapis.com is enabled... 
[debug] [2026-03-17T05:53:02.446Z] Checked if tokens are valid: true, expires at: 1773729535384
[debug] [2026-03-17T05:53:02.446Z] Checked if tokens are valid: true, expires at: 1773729535384
[debug] [2026-03-17T05:53:02.446Z] >>> [apiv2][query] GET https://firebase.googleapis.com/v1beta1/projects/prompt-battle-c5e6a/adminSdkConfig [none]
[debug] [2026-03-17T05:53:02.755Z] <<< [apiv2][status] GET https://firebase.googleapis.com/v1beta1/projects/prompt-battle-c5e6a/adminSdkConfig 200
[debug] [2026-03-17T05:53:02.755Z] <<< [apiv2][body] GET https://firebase.googleapis.com/v1beta1/projects/prompt-battle-c5e6a/adminSdkConfig {"projectId":"prompt-battle-c5e6a","databaseURL":"https://prompt-battle-c5e6a-default-rtdb.firebaseio.com","storageBucket":"prompt-battle-c5e6a.firebasestorage.app"}
[debug] [2026-03-17T05:53:02.755Z] Checked if tokens are valid: true, expires at: 1773729535384
[debug] [2026-03-17T05:53:02.755Z] Checked if tokens are valid: true, expires at: 1773729535384
[debug] [2026-03-17T05:53:02.755Z] >>> [apiv2][query] GET https://runtimeconfig.googleapis.com/v1beta1/projects/prompt-battle-c5e6a/configs [none]
[debug] [2026-03-17T05:53:02.950Z] <<< [apiv2][status] GET https://runtimeconfig.googleapis.com/v1beta1/projects/prompt-battle-c5e6a/configs 200
[debug] [2026-03-17T05:53:02.950Z] <<< [apiv2][body] GET https://runtimeconfig.googleapis.com/v1beta1/projects/prompt-battle-c5e6a/configs {}
[debug] [2026-03-17T05:53:02.951Z] Validating nodejs source
[warn] !  functions: Runtime Node.js 20 will be deprecated on 2026-04-30 and will be decommissioned on 2026-10-30, after which you will not be able to deploy without upgrading. Consider upgrading now to avoid disruption. See https://cloud.google.com/functions/docs/runtime-support for full details on the lifecycle policy 
[warn] !  functions: package.json indicates an outdated version of firebase-functions. Please upgrade using npm install --save firebase-functions@latest in your functions directory. 
[warn] !  functions: Please note that there will be breaking changes when you upgrade. 
[debug] [2026-03-17T05:53:03.869Z] > [functions] package.json contents: {
  "name": "@prompt-battle/functions",
  "version": "1.0.0",
  "main": "dist/functions/src/index.js",
  "scripts": {
    "build": "tsc",
    "serve": "npm run build && firebase emulators:start --only functions",
    "deploy": "firebase deploy --only functions"
  },
  "engines": {
    "node": "20"
  },
  "dependencies": {
    "@prompt-battle/shared": "*",
    "firebase-admin": "^12.0.0",
    "firebase-functions": "^5.0.0",
    "@google/generative-ai": "^0.21.0",
    "square": "^38.0.0"
  },
  "devDependencies": {
    "typescript": "^5.4.0"
  }
}
[debug] [2026-03-17T05:53:03.869Z] Building nodejs source
[info] i  functions: Loading and analyzing source code for codebase default to determine what to deploy 
[debug] [2026-03-17T05:53:03.870Z] Could not find functions.yaml. Must use http discovery
[debug] [2026-03-17T05:53:03.879Z] Found firebase-functions binary at 'C:\Users\E\prompt-battle\node_modules\.bin\firebase-functions'
[info] Serving at port 8274

[debug] [2026-03-17T05:53:05.401Z] Got response from /__/functions.yaml {"endpoints":{"createOrder":{"platform":"gcfv1","availableMemoryMb":null,"timeoutSeconds":null,"minInstances":null,"maxInstances":null,"ingressSettings":null,"serviceAccountEmail":null,"vpc":null,"httpsTrigger":{},"entryPoint":"createOrder"},"completePayment":{"platform":"gcfv1","availableMemoryMb":null,"timeoutSeconds":null,"minInstances":null,"maxInstances":null,"ingressSettings":null,"serviceAccountEmail":null,"vpc":null,"httpsTrigger":{},"entryPoint":"completePayment"},"redeemItchKey":{"platform":"gcfv1","availableMemoryMb":null,"timeoutSeconds":null,"minInstances":null,"maxInstances":null,"ingressSettings":null,"serviceAccountEmail":null,"vpc":null,"httpsTrigger":{},"entryPoint":"redeemItchKey"},"squareWebhook":{"platform":"gcfv1","availableMemoryMb":null,"timeoutSeconds":null,"minInstances":null,"maxInstances":null,"ingressSettings":null,"serviceAccountEmail":null,"vpc":null,"httpsTrigger":{},"entryPoint":"squareWebhook"},"adminGrantItems":{"platform":"gcfv1","availableMemoryMb":null,"timeoutSeconds":null,"minInstances":null,"maxInstances":null,"ingressSettings":null,"serviceAccountEmail":null,"vpc":null,"httpsTrigger":{},"entryPoint":"adminGrantItems"},"grantGlory":{"platform":"gcfv1","availableMemoryMb":null,"timeoutSeconds":null,"minInstances":null,"maxInstances":null,"ingressSettings":null,"serviceAccountEmail":null,"vpc":null,"httpsTrigger":{},"entryPoint":"grantGlory"},"purchaseItem":{"platform":"gcfv1","availableMemoryMb":null,"timeoutSeconds":null,"minInstances":null,"maxInstances":null,"ingressSettings":null,"serviceAccountEmail":null,"vpc":null,"httpsTrigger":{},"entryPoint":"purchaseItem"},"grantXp":{"platform":"gcfv1","availableMemoryMb":null,"timeoutSeconds":null,"minInstances":null,"maxInstances":null,"ingressSettings":null,"serviceAccountEmail":null,"vpc":null,"httpsTrigger":{},"entryPoint":"grantXp"},"purchaseBattlePass":{"platform":"gcfv1","availableMemoryMb":null,"timeoutSeconds":null,"minInstances":null,"maxInstances":null,"ingressSettings":null,"serviceAccountEmail":null,"vpc":null,"httpsTrigger":{},"entryPoint":"purchaseBattlePass"},"grantBattlePassXp":{"platform":"gcfv1","availableMemoryMb":null,"timeoutSeconds":null,"minInstances":null,"maxInstances":null,"ingressSettings":null,"serviceAccountEmail":null,"vpc":null,"httpsTrigger":{},"entryPoint":"grantBattlePassXp"},"claimBattlePassReward":{"platform":"gcfv1","availableMemoryMb":null,"timeoutSeconds":null,"minInstances":null,"maxInstances":null,"ingressSettings":null,"serviceAccountEmail":null,"vpc":null,"httpsTrigger":{},"entryPoint":"claimBattlePassReward"},"itchOAuthCallback":{"platform":"gcfv1","availableMemoryMb":null,"timeoutSeconds":null,"minInstances":null,"maxInstances":null,"ingressSettings":null,"serviceAccountEmail":null,"vpc":null,"httpsTrigger":{},"entryPoint":"itchOAuthCallback"},"itchAppAuth":{"platform":"gcfv1","availableMemoryMb":null,"timeoutSeconds":null,"minInstances":null,"maxInstances":null,"ingressSettings":null,"serviceAccountEmail":null,"vpc":null,"httpsTrigger":{},"entryPoint":"itchAppAuth"},"onPlayerJoinQueue":{"platform":"gcfv1","availableMemoryMb":null,"timeoutSeconds":null,"minInstances":null,"maxInstances":null,"ingressSettings":null,"serviceAccountEmail":null,"vpc":null,"eventTrigger":{"eventType":"providers/google.firebase.database/eventTypes/ref.create","eventFilters":{"resource":"projects/_/instances/prompt-battle-c5e6a-default-rtdb/refs/matchmaking/queue/{playerId}"},"retry":false},"labels":{},"entryPoint":"onPlayerJoinQueue"},"processPlayerCommand":{"platform":"gcfv1","availableMemoryMb":null,"timeoutSeconds":null,"minInstances":null,"maxInstances":null,"ingressSettings":null,"serviceAccountEmail":null,"vpc":null,"httpsTrigger":{},"entryPoint":"processPlayerCommand"}},"specVersion":"v1alpha1","requiredAPIs":[],"extensions":{}}
[info] i  extensions: ensuring required API firebaseextensions.googleapis.com is enabled... 
[debug] [2026-03-17T05:53:09.467Z] > command requires scopes: ["email","openid","https://www.googleapis.com/auth/cloudplatformprojects.readonly","https://www.googleapis.com/auth/firebase","https://www.googleapis.com/auth/cloud-platform"]
[debug] [2026-03-17T05:53:09.467Z] > authorizing via signed-in user (ceo@railsplitgames.com)
[debug] [2026-03-17T05:53:09.467Z] [iam] checking project prompt-battle-c5e6a for permissions ["firebase.projects.get","firebaseextensions.instances.list"]
[debug] [2026-03-17T05:53:09.468Z] Checked if tokens are valid: true, expires at: 1773729535384
[debug] [2026-03-17T05:53:09.468Z] Checked if tokens are valid: true, expires at: 1773729535384
[debug] [2026-03-17T05:53:09.468Z] >>> [apiv2][query] POST https://cloudresourcemanager.googleapis.com/v1/projects/prompt-battle-c5e6a:testIamPermissions [none]
[debug] [2026-03-17T05:53:09.468Z] >>> [apiv2][(partial)header] POST https://cloudresourcemanager.googleapis.com/v1/projects/prompt-battle-c5e6a:testIamPermissions x-goog-quota-user=projects/prompt-battle-c5e6a
[debug] [2026-03-17T05:53:09.468Z] >>> [apiv2][body] POST https://cloudresourcemanager.googleapis.com/v1/projects/prompt-battle-c5e6a:testIamPermissions {"permissions":["firebase.projects.get","firebaseextensions.instances.list"]}
[debug] [2026-03-17T05:53:10.064Z] <<< [apiv2][status] POST https://cloudresourcemanager.googleapis.com/v1/projects/prompt-battle-c5e6a:testIamPermissions 200
[debug] [2026-03-17T05:53:10.064Z] <<< [apiv2][body] POST https://cloudresourcemanager.googleapis.com/v1/projects/prompt-battle-c5e6a:testIamPermissions {"permissions":["firebase.projects.get","firebaseextensions.instances.list"]}
[debug] [2026-03-17T05:53:10.064Z] Checked if tokens are valid: true, expires at: 1773729535384
[debug] [2026-03-17T05:53:10.064Z] Checked if tokens are valid: true, expires at: 1773729535384
[debug] [2026-03-17T05:53:10.064Z] >>> [apiv2][query] GET https://firebaseextensions.googleapis.com/v1beta/projects/prompt-battle-c5e6a/instances pageSize=100&pageToken=
[debug] [2026-03-17T05:53:10.437Z] <<< [apiv2][status] GET https://firebaseextensions.googleapis.com/v1beta/projects/prompt-battle-c5e6a/instances 200
[debug] [2026-03-17T05:53:10.437Z] <<< [apiv2][body] GET https://firebaseextensions.googleapis.com/v1beta/projects/prompt-battle-c5e6a/instances {}
[info] i  functions: preparing packages/functions directory for uploading... 
[info] i  functions: packaged C:\Users\E\prompt-battle\packages\functions (109.45 KB) for uploading 
[debug] [2026-03-17T05:53:10.576Z] Checked if tokens are valid: true, expires at: 1773729535384
[debug] [2026-03-17T05:53:10.577Z] Checked if tokens are valid: true, expires at: 1773729535384
[debug] [2026-03-17T05:53:10.577Z] >>> [apiv2][query] GET https://cloudfunctions.googleapis.com/v1/projects/prompt-battle-c5e6a/locations/-/functions [none]
[debug] [2026-03-17T05:53:11.058Z] <<< [apiv2][status] GET https://cloudfunctions.googleapis.com/v1/projects/prompt-battle-c5e6a/locations/-/functions 200
[debug] [2026-03-17T05:53:11.058Z] <<< [apiv2][body] GET https://cloudfunctions.googleapis.com/v1/projects/prompt-battle-c5e6a/locations/-/functions {"functions":[{"name":"projects/prompt-battle-c5e6a/locations/us-central1/functions/purchaseItem","httpsTrigger":{"url":"https://us-central1-prompt-battle-c5e6a.cloudfunctions.net/purchaseItem","securityLevel":"SECURE_ALWAYS"},"status":"OFFLINE","entryPoint":"purchaseItem","timeout":"60s","availableMemoryMb":256,"serviceAccountEmail":"prompt-battle-c5e6a@appspot.gserviceaccount.com","updateTime":"2026-03-17T05:51:43.323763371Z","versionId":"1","labels":{"firebase-functions-hash":"d4fa81547bac1ca707eb0988d534e987f547df30","deployment-tool":"cli-firebase"},"sourceUploadUrl":"https://storage.googleapis.com/uploads-763700285092.us-central1.cloudfunctions.appspot.com/8f0a08e6-ee58-4376-90f5-a123a31d90fb.zip","environmentVariables":{"FIREBASE_CONFIG":"{\"projectId\":\"prompt-battle-c5e6a\",\"databaseURL\":\"https://prompt-battle-c5e6a-default-rtdb.firebaseio.com\",\"storageBucket\":\"prompt-battle-c5e6a.firebasestorage.app\"}","GCLOUD_PROJECT":"prompt-battle-c5e6a","EVENTARC_CLOUD_EVENT_SOURCE":"projects/prompt-battle-c5e6a/locations/us-central1/functions/purchaseItem"},"runtime":"nodejs20","ingressSettings":"ALLOW_ALL","buildId":"c843c11c-1cd2-4788-9590-779f80d8f635","buildEnvironmentVariables":{"GOOGLE_NODE_RUN_SCRIPTS":""},"buildName":"projects/329010584107/locations/us-central1/builds/c843c11c-1cd2-4788-9590-779f80d8f635","dockerRegistry":"ARTIFACT_REGISTRY","automaticUpdatePolicy":{},"buildServiceAccount":"projects/prompt-battle-c5e6a/serviceAccounts/329010584107-compute@developer.gserviceaccount.com","satisfiesPzi":true},{"name":"projects/prompt-battle-c5e6a/locations/us-central1/functions/redeemItchKey","httpsTrigger":{"url":"https://us-central1-prompt-battle-c5e6a.cloudfunctions.net/redeemItchKey","securityLevel":"SECURE_ALWAYS"},"status":"OFFLINE","entryPoint":"redeemItchKey","timeout":"60s","availableMemoryMb":256,"serviceAccountEmail":"prompt-battle-c5e6a@appspot.gserviceaccount.com","updateTime":"2026-03-17T05:52:13.005164252Z","versionId":"1","labels":{"deployment-tool":"cli-firebase","firebase-functions-hash":"d4fa81547bac1ca707eb0988d534e987f547df30"},"sourceUploadUrl":"https://storage.googleapis.com/uploads-763700285092.us-central1.cloudfunctions.appspot.com/8f0a08e6-ee58-4376-90f5-a123a31d90fb.zip","environmentVariables":{"FIREBASE_CONFIG":"{\"projectId\":\"prompt-battle-c5e6a\",\"databaseURL\":\"https://prompt-battle-c5e6a-default-rtdb.firebaseio.com\",\"storageBucket\":\"prompt-battle-c5e6a.firebasestorage.app\"}","GCLOUD_PROJECT":"prompt-battle-c5e6a","EVENTARC_CLOUD_EVENT_SOURCE":"projects/prompt-battle-c5e6a/locations/us-central1/functions/redeemItchKey"},"runtime":"nodejs20","ingressSettings":"ALLOW_ALL","buildId":"ae8416aa-8285-4c9a-b448-2e5e6e8a8a79","buildEnvironmentVariables":{"GOOGLE_NODE_RUN_SCRIPTS":""},"buildName":"projects/329010584107/locations/us-central1/builds/ae8416aa-8285-4c9a-b448-2e5e6e8a8a79","dockerRegistry":"ARTIFACT_REGISTRY","automaticUpdatePolicy":{},"buildServiceAccount":"projects/prompt-battle-c5e6a/serviceAccounts/329010584107-compute@developer.gserviceaccount.com","satisfiesPzi":true},{"name":"projects/prompt-battle-c5e6a/locations/us-central1/functions/grantBattlePassXp","httpsTrigger":{"url":"https://us-central1-prompt-battle-c5e6a.cloudfunctions.net/grantBattlePassXp","securityLevel":"SECURE_ALWAYS"},"status":"OFFLINE","entryPoint":"grantBattlePassXp","timeout":"60s","availableMemoryMb":256,"serviceAccountEmail":"prompt-battle-c5e6a@appspot.gserviceaccount.com","updateTime":"2026-03-17T05:51:45.874198450Z","versionId":"1","labels":{"deployment-tool":"cli-firebase","firebase-functions-hash":"d4fa81547bac1ca707eb0988d534e987f547df30"},"sourceUploadUrl":"https://storage.googleapis.com/uploads-763700285092.us-central1.cloudfunctions.appspot.com/8f0a08e6-ee58-4376-90f5-a123a31d90fb.zip","environmentVariables":{"FIREBASE_CONFIG":"{\"projectId\":\"prompt-battle-c5e6a\",\"databaseURL\":\"https://prompt-battle-c5e6a-default-rtdb.firebaseio.com\",\"storageBucket\":\"prompt-battle-c5e6a.firebasestorage.app\"}","GCLOUD_PROJECT":"prompt-battle-c5e6a","EVENTARC_CLOUD_EVENT_SOURCE":"projects/prompt-battle-c5e6a/locations/us-central1/functions/grantBattlePassXp"},"runtime":"nodejs20","ingressSettings":"ALLOW_ALL","buildId":"358f9f43-30dd-40b2-987b-87318dc75c35","buildEnvironmentVariables":{"GOOGLE_NODE_RUN_SCRIPTS":""},"buildName":"projects/329010584107/locations/us-central1/builds/358f9f43-30dd-40b2-987b-87318dc75c35","dockerRegistry":"ARTIFACT_REGISTRY","automaticUpdatePolicy":{},"buildServiceAccount":"projects/prompt-battle-c5e6a/serviceAccounts/329010584107-compute@developer.gserviceaccount.com","satisfiesPzi":true},{"name":"projects/prompt-battle-c5e6a/locations/us-central1/functions/purchaseBattlePass","httpsTrigger":{"url":"https://us-central1-prompt-battle-c5e6a.cloudfunctions.net/purchaseBattlePass","securityLevel":"SECURE_ALWAYS"},"status":"OFFLINE","entryPoint":"purchaseBattlePass","timeout":"60s","availableMemoryMb":256,"serviceAccountEmail":"prompt-battle-c5e6a@appspot.gserviceaccount.com","updateTime":"2026-03-17T05:51:42.685681360Z","versionId":"1","labels":{"deployment-tool":"cli-firebase","firebase-functions-hash":"d4fa81547bac1ca707eb0988d534e987f547df30"},"sourceUploadUrl":"https://storage.googleapis.com/uploads-763700285092.us-central1.cloudfunctions.appspot.com/8f0a08e6-ee58-4376-90f5-a123a31d90fb.zip","environmentVariables":{"FIREBASE_CONFIG":"{\"projectId\":\"prompt-battle-c5e6a\",\"databaseURL\":\"https://prompt-battle-c5e6a-default-rtdb.firebaseio.com\",\"storageBucket\":\"prompt-battle-c5e6a.firebasestorage.app\"}","GCLOUD_PROJECT":"prompt-battle-c5e6a","EVENTARC_CLOUD_EVENT_SOURCE":"projects/prompt-battle-c5e6a/locations/us-central1/functions/purchaseBattlePass"},"runtime":"nodejs20","ingressSettings":"ALLOW_ALL","buildId":"b190a897-53e8-4cdc-b9a7-47584e582c4e","buildEnvironmentVariables":{"GOOGLE_NODE_RUN_SCRIPTS":""},"buildName":"projects/329010584107/locations/us-central1/builds/b190a897-53e8-4cdc-b9a7-47584e582c4e","dockerRegistry":"ARTIFACT_REGISTRY","automaticUpdatePolicy":{},"buildServiceAccount":"projects/prompt-battle-c5e6a/serviceAccounts/329010584107-compute@developer.gserviceaccount.com","satisfiesPzi":true},{"name":"projects/prompt-battle-c5e6a/locations/us-central1/functions/createOrder","httpsTrigger":{"url":"https://us-central1-prompt-battle-c5e6a.cloudfunctions.net/createOrder","securityLevel":"SECURE_ALWAYS"},"status":"OFFLINE","entryPoint":"createOrder","timeout":"60s","availableMemoryMb":256,"serviceAccountEmail":"prompt-battle-c5e6a@appspot.gserviceaccount.com","updateTime":"2026-03-17T05:51:13.130836956Z","versionId":"1","labels":{"deployment-tool":"cli-firebase","firebase-functions-hash":"d4fa81547bac1ca707eb0988d534e987f547df30"},"sourceUploadUrl":"https://storage.googleapis.com/uploads-763700285092.us-central1.cloudfunctions.appspot.com/8f0a08e6-ee58-4376-90f5-a123a31d90fb.zip","environmentVariables":{"FIREBASE_CONFIG":"{\"projectId\":\"prompt-battle-c5e6a\",\"databaseURL\":\"https://prompt-battle-c5e6a-default-rtdb.firebaseio.com\",\"storageBucket\":\"prompt-battle-c5e6a.firebasestorage.app\"}","GCLOUD_PROJECT":"prompt-battle-c5e6a","EVENTARC_CLOUD_EVENT_SOURCE":"projects/prompt-battle-c5e6a/locations/us-central1/functions/createOrder"},"runtime":"nodejs20","ingressSettings":"ALLOW_ALL","buildId":"fa443cad-af39-401c-b02a-78ca13e2c53f","buildEnvironmentVariables":{"GOOGLE_NODE_RUN_SCRIPTS":""},"buildName":"projects/329010584107/locations/us-central1/builds/fa443cad-af39-401c-b02a-78ca13e2c53f","dockerRegistry":"ARTIFACT_REGISTRY","automaticUpdatePolicy":{},"buildServiceAccount":"projects/prompt-battle-c5e6a/serviceAccounts/329010584107-compute@developer.gserviceaccount.com","satisfiesPzi":true},{"name":"projects/prompt-battle-c5e6a/locations/us-central1/functions/squareWebhook","httpsTrigger":{"url":"https://us-central1-prompt-battle-c5e6a.cloudfunctions.net/squareWebhook","securityLevel":"SECURE_ALWAYS"},"status":"OFFLINE","entryPoint":"squareWebhook","timeout":"60s","availableMemoryMb":256,"serviceAccountEmail":"prompt-battle-c5e6a@appspot.gserviceaccount.com","updateTime":"2026-03-17T05:51:42.684891379Z","versionId":"1","labels":{"firebase-functions-hash":"d4fa81547bac1ca707eb0988d534e987f547df30","deployment-tool":"cli-firebase"},"sourceUploadUrl":"https://storage.googleapis.com/uploads-763700285092.us-central1.cloudfunctions.appspot.com/8f0a08e6-ee58-4376-90f5-a123a31d90fb.zip","environmentVariables":{"FIREBASE_CONFIG":"{\"projectId\":\"prompt-battle-c5e6a\",\"databaseURL\":\"https://prompt-battle-c5e6a-default-rtdb.firebaseio.com\",\"storageBucket\":\"prompt-battle-c5e6a.firebasestorage.app\"}","GCLOUD_PROJECT":"prompt-battle-c5e6a","EVENTARC_CLOUD_EVENT_SOURCE":"projects/prompt-battle-c5e6a/locations/us-central1/functions/squareWebhook"},"runtime":"nodejs20","ingressSettings":"ALLOW_ALL","buildId":"54e29991-2567-4daa-a2c3-d7b7fc850379","buildEnvironmentVariables":{"GOOGLE_NODE_RUN_SCRIPTS":""},"buildName":"projects/329010584107/locations/us-central1/builds/54e29991-2567-4daa-a2c3-d7b7fc850379","dockerRegistry":"ARTIFACT_REGISTRY","automaticUpdatePolicy":{},"buildServiceAccount":"projects/prompt-battle-c5e6a/serviceAccounts/329010584107-compute@developer.gserviceaccount.com","satisfiesPzi":true},{"name":"projects/prompt-battle-c5e6a/locations/us-central1/functions/claimBattlePassReward","httpsTrigger":{"url":"https://us-central1-prompt-battle-c5e6a.cloudfunctions.net/claimBattlePassReward","securityLevel":"SECURE_ALWAYS"},"status":"OFFLINE","entryPoint":"claimBattlePassReward","timeout":"60s","availableMemoryMb":256,"serviceAccountEmail":"prompt-battle-c5e6a@appspot.gserviceaccount.com","updateTime":"2026-03-17T05:51:42.711101879Z","versionId":"1","labels":{"deployment-tool":"cli-firebase","firebase-functions-hash":"d4fa81547bac1ca707eb0988d534e987f547df30"},"sourceUploadUrl":"https://storage.googleapis.com/uploads-763700285092.us-central1.cloudfunctions.appspot.com/8f0a08e6-ee58-4376-90f5-a123a31d90fb.zip","environmentVariables":{"FIREBASE_CONFIG":"{\"projectId\":\"prompt-battle-c5e6a\",\"databaseURL\":\"https://prompt-battle-c5e6a-default-rtdb.firebaseio.com\",\"storageBucket\":\"prompt-battle-c5e6a.firebasestorage.app\"}","GCLOUD_PROJECT":"prompt-battle-c5e6a","EVENTARC_CLOUD_EVENT_SOURCE":"projects/prompt-battle-c5e6a/locations/us-central1/functions/claimBattlePassReward"},"runtime":"nodejs20","ingressSettings":"ALLOW_ALL","buildId":"99a9e6ca-4c55-4b69-a023-b67a74d11fb2","buildEnvironmentVariables":{"GOOGLE_NODE_RUN_SCRIPTS":""},"buildName":"projects/329010584107/locations/us-central1/builds/99a9e6ca-4c55-4b69-a023-b67a74d11fb2","dockerRegistry":"ARTIFACT_REGISTRY","automaticUpdatePolicy":{},"buildServiceAccount":"projects/prompt-battle-c5e6a/serviceAccounts/329010584107-compute@developer.gserviceaccount.com","satisfiesPzi":true},{"name":"projects/prompt-battle-c5e6a/locations/us-central1/functions/grantXp","httpsTrigger":{"url":"https://us-central1-prompt-battle-c5e6a.cloudfunctions.net/grantXp","securityLevel":"SECURE_ALWAYS"},"status":"OFFLINE","entryPoint":"grantXp","timeout":"60s","availableMemoryMb":256,"serviceAccountEmail":"prompt-battle-c5e6a@appspot.gserviceaccount.com","updateTime":"2026-03-17T05:52:07.344930283Z","versionId":"1","labels":{"firebase-functions-hash":"d4fa81547bac1ca707eb0988d534e987f547df30","deployment-tool":"cli-firebase"},"sourceUploadUrl":"https://storage.googleapis.com/uploads-763700285092.us-central1.cloudfunctions.appspot.com/8f0a08e6-ee58-4376-90f5-a123a31d90fb.zip","environmentVariables":{"FIREBASE_CONFIG":"{\"projectId\":\"prompt-battle-c5e6a\",\"databaseURL\":\"https://prompt-battle-c5e6a-default-rtdb.firebaseio.com\",\"storageBucket\":\"prompt-battle-c5e6a.firebasestorage.app\"}","GCLOUD_PROJECT":"prompt-battle-c5e6a","EVENTARC_CLOUD_EVENT_SOURCE":"projects/prompt-battle-c5e6a/locations/us-central1/functions/grantXp"},"runtime":"nodejs20","ingressSettings":"ALLOW_ALL","buildId":"cb69b0aa-2495-40fc-bc3f-46147cea9b2c","buildEnvironmentVariables":{"GOOGLE_NODE_RUN_SCRIPTS":""},"buildName":"projects/329010584107/locations/us-central1/builds/cb69b0aa-2495-40fc-bc3f-46147cea9b2c","dockerRegistry":"ARTIFACT_REGISTRY","automaticUpdatePolicy":{},"buildServiceAccount":"projects/prompt-battle-c5e6a/serviceAccounts/329010584107-compute@developer.gserviceaccount.com","satisfiesPzi":true},{"name":"projects/prompt-battle-c5e6a/locations/us-central1/functions/adminGrantItems","httpsTrigger":{"url":"https://us-central1-prompt-battle-c5e6a.cloudfunctions.net/adminGrantItems","securityLevel":"SECURE_ALWAYS"},"status":"OFFLINE","entryPoint":"adminGrantItems","timeout":"60s","availableMemoryMb":256,"serviceAccountEmail":"prompt-battle-c5e6a@appspot.gserviceaccount.com","updateTime":"2026-03-17T05:51:40.772753765Z","versionId":"1","labels":{"deployment-tool":"cli-firebase","firebase-functions-hash":"d4fa81547bac1ca707eb0988d534e987f547df30"},"sourceUploadUrl":"https://storage.googleapis.com/uploads-763700285092.us-central1.cloudfunctions.appspot.com/8f0a08e6-ee58-4376-90f5-a123a31d90fb.zip","environmentVariables":{"FIREBASE_CONFIG":"{\"projectId\":\"prompt-battle-c5e6a\",\"databaseURL\":\"https://prompt-battle-c5e6a-default-rtdb.firebaseio.com\",\"storageBucket\":\"prompt-battle-c5e6a.firebasestorage.app\"}","GCLOUD_PROJECT":"prompt-battle-c5e6a","EVENTARC_CLOUD_EVENT_SOURCE":"projects/prompt-battle-c5e6a/locations/us-central1/functions/adminGrantItems"},"runtime":"nodejs20","ingressSettings":"ALLOW_ALL","buildId":"6907457a-3811-49c2-a9d0-9208cb34ea6c","buildEnvironmentVariables":{"GOOGLE_NODE_RUN_SCRIPTS":""},"buildName":"projects/329010584107/locations/us-central1/builds/6907457a-3811-49c2-a9d0-9208cb34ea6c","dockerRegistry":"ARTIFACT_REGISTRY","automaticUpdatePolicy":{},"buildServiceAccount":"projects/prompt-battle-c5e6a/serviceAccounts/329010584107-compute@developer.gserviceaccount.com","satisfiesPzi":true},{"name":"projects/prompt-battle-c5e6a/locations/us-central1/functions/completePayment","httpsTrigger":{"url":"https://us-central1-prompt-battle-c5e6a.cloudfunctions.net/completePayment","securityLevel":"SECURE_ALWAYS"},"status":"OFFLINE","entryPoint":"completePayment","timeout":"60s","availableMemoryMb":256,"serviceAccountEmail":"prompt-battle-c5e6a@appspot.gserviceaccount.com","updateTime":"2026-03-17T05:52:08.370950260Z","versionId":"1","labels":{"deployment-tool":"cli-firebase","firebase-functions-hash":"d4fa81547bac1ca707eb0988d534e987f547df30"},"sourceUploadUrl":"https://storage.googleapis.com/uploads-763700285092.us-central1.cloudfunctions.appspot.com/8f0a08e6-ee58-4376-90f5-a123a31d90fb.zip","environmentVariables":{"FIREBASE_CONFIG":"{\"projectId\":\"prompt-battle-c5e6a\",\"databaseURL\":\"https://prompt-battle-c5e6a-default-rtdb.firebaseio.com\",\"storageBucket\":\"prompt-battle-c5e6a.firebasestorage.app\"}","GCLOUD_PROJECT":"prompt-battle-c5e6a","EVENTARC_CLOUD_EVENT_SOURCE":"projects/prompt-battle-c5e6a/locations/us-central1/functions/completePayment"},"runtime":"nodejs20","ingressSettings":"ALLOW_ALL","buildId":"7b2ebc4a-123f-4fd7-8d00-87a1fd6f7578","buildEnvironmentVariables":{"GOOGLE_NODE_RUN_SCRIPTS":""},"buildName":"projects/329010584107/locations/us-central1/builds/7b2ebc4a-123f-4fd7-8d00-87a1fd6f7578","dockerRegistry":"ARTIFACT_REGISTRY","automaticUpdatePolicy":{},"buildServiceAccount":"projects/prompt-battle-c5e6a/serviceAccounts/329010584107-compute@developer.gserviceaccount.com","satisfiesPzi":true},{"name":"projects/prompt-battle-c5e6a/locations/us-central1/functions/itchOAuthCallback","httpsTrigger":{"url":"https://us-central1-prompt-battle-c5e6a.cloudfunctions.net/itchOAuthCallback","securityLevel":"SECURE_ALWAYS"},"status":"OFFLINE","entryPoint":"itchOAuthCallback","timeout":"60s","availableMemoryMb":256,"serviceAccountEmail":"prompt-battle-c5e6a@appspot.gserviceaccount.com","updateTime":"2026-03-17T05:51:43.806435930Z","versionId":"1","labels":{"deployment-tool":"cli-firebase","firebase-functions-hash":"d4fa81547bac1ca707eb0988d534e987f547df30"},"sourceUploadUrl":"https://storage.googleapis.com/uploads-763700285092.us-central1.cloudfunctions.appspot.com/8f0a08e6-ee58-4376-90f5-a123a31d90fb.zip","environmentVariables":{"FIREBASE_CONFIG":"{\"projectId\":\"prompt-battle-c5e6a\",\"databaseURL\":\"https://prompt-battle-c5e6a-default-rtdb.firebaseio.com\",\"storageBucket\":\"prompt-battle-c5e6a.firebasestorage.app\"}","GCLOUD_PROJECT":"prompt-battle-c5e6a","EVENTARC_CLOUD_EVENT_SOURCE":"projects/prompt-battle-c5e6a/locations/us-central1/functions/itchOAuthCallback"},"runtime":"nodejs20","ingressSettings":"ALLOW_ALL","buildId":"3c20ebd1-601a-4f70-969a-5884dda2155a","buildEnvironmentVariables":{"GOOGLE_NODE_RUN_SCRIPTS":""},"buildName":"projects/329010584107/locations/us-central1/builds/3c20ebd1-601a-4f70-969a-5884dda2155a","dockerRegistry":"ARTIFACT_REGISTRY","automaticUpdatePolicy":{},"buildServiceAccount":"projects/prompt-battle-c5e6a/serviceAccounts/329010584107-compute@developer.gserviceaccount.com","satisfiesPzi":true},{"name":"projects/prompt-battle-c5e6a/locations/us-central1/functions/onPlayerJoinQueue","eventTrigger":{"eventType":"providers/google.firebase.database/eventTypes/ref.create","resource":"projects/_/instances/prompt-battle-c5e6a-default-rtdb/refs/matchmaking/queue/{playerId}","service":"firebaseio.com","failurePolicy":{}},"status":"OFFLINE","entryPoint":"onPlayerJoinQueue","timeout":"60s","availableMemoryMb":256,"serviceAccountEmail":"prompt-battle-c5e6a@appspot.gserviceaccount.com","updateTime":"2026-03-17T05:51:43.290151249Z","versionId":"1","labels":{"deployment-tool":"cli-firebase","firebase-functions-hash":"d4fa81547bac1ca707eb0988d534e987f547df30"},"sourceUploadUrl":"https://storage.googleapis.com/uploads-763700285092.us-central1.cloudfunctions.appspot.com/8f0a08e6-ee58-4376-90f5-a123a31d90fb.zip","environmentVariables":{"FIREBASE_CONFIG":"{\"projectId\":\"prompt-battle-c5e6a\",\"databaseURL\":\"https://prompt-battle-c5e6a-default-rtdb.firebaseio.com\",\"storageBucket\":\"prompt-battle-c5e6a.firebasestorage.app\"}","GCLOUD_PROJECT":"prompt-battle-c5e6a","EVENTARC_CLOUD_EVENT_SOURCE":"projects/prompt-battle-c5e6a/locations/us-central1/functions/onPlayerJoinQueue"},"runtime":"nodejs20","maxInstances":3000,"ingressSettings":"ALLOW_ALL","buildId":"6bb313a0-9775-4efb-af89-b4febe3af2e1","buildEnvironmentVariables":{"GOOGLE_NODE_RUN_SCRIPTS":""},"buildName":"projects/329010584107/locations/us-central1/builds/6bb313a0-9775-4efb-af89-b4febe3af2e1","dockerRegistry":"ARTIFACT_REGISTRY","automaticUpdatePolicy":{},"buildServiceAccount":"projects/prompt-battle-c5e6a/serviceAccounts/329010584107-compute@developer.gserviceaccount.com","satisfiesPzi":true},{"name":"projects/prompt-battle-c5e6a/locations/us-central1/functions/itchAppAuth","httpsTrigger":{"url":"https://us-central1-prompt-battle-c5e6a.cloudfunctions.net/itchAppAuth","securityLevel":"SECURE_ALWAYS"},"status":"OFFLINE","entryPoint":"itchAppAuth","timeout":"60s","availableMemoryMb":256,"serviceAccountEmail":"prompt-battle-c5e6a@appspot.gserviceaccount.com","updateTime":"2026-03-17T05:51:44.472807512Z","versionId":"1","labels":{"firebase-functions-hash":"d4fa81547bac1ca707eb0988d534e987f547df30","deployment-tool":"cli-firebase"},"sourceUploadUrl":"https://storage.googleapis.com/uploads-763700285092.us-central1.cloudfunctions.appspot.com/8f0a08e6-ee58-4376-90f5-a123a31d90fb.zip","environmentVariables":{"FIREBASE_CONFIG":"{\"projectId\":\"prompt-battle-c5e6a\",\"databaseURL\":\"https://prompt-battle-c5e6a-default-rtdb.firebaseio.com\",\"storageBucket\":\"prompt-battle-c5e6a.firebasestorage.app\"}","GCLOUD_PROJECT":"prompt-battle-c5e6a","EVENTARC_CLOUD_EVENT_SOURCE":"projects/prompt-battle-c5e6a/locations/us-central1/functions/itchAppAuth"},"runtime":"nodejs20","ingressSettings":"ALLOW_ALL","buildId":"7ef76630-9ebb-42c0-82ee-89c447dba4c9","buildEnvironmentVariables":{"GOOGLE_NODE_RUN_SCRIPTS":""},"buildName":"projects/329010584107/locations/us-central1/builds/7ef76630-9ebb-42c0-82ee-89c447dba4c9","dockerRegistry":"ARTIFACT_REGISTRY","automaticUpdatePolicy":{},"buildServiceAccount":"projects/prompt-battle-c5e6a/serviceAccounts/329010584107-compute@developer.gserviceaccount.com","satisfiesPzi":true},{"name":"projects/prompt-battle-c5e6a/locations/us-central1/functions/processPlayerCommand","httpsTrigger":{"url":"https://us-central1-prompt-battle-c5e6a.cloudfunctions.net/processPlayerCommand","securityLevel":"SECURE_ALWAYS"},"status":"OFFLINE","entryPoint":"processPlayerCommand","timeout":"60s","availableMemoryMb":256,"serviceAccountEmail":"prompt-battle-c5e6a@appspot.gserviceaccount.com","updateTime":"2026-03-17T05:51:42.589804481Z","versionId":"1","labels":{"deployment-tool":"cli-firebase","firebase-functions-hash":"d4fa81547bac1ca707eb0988d534e987f547df30"},"sourceUploadUrl":"https://storage.googleapis.com/uploads-763700285092.us-central1.cloudfunctions.appspot.com/8f0a08e6-ee58-4376-90f5-a123a31d90fb.zip","environmentVariables":{"FIREBASE_CONFIG":"{\"projectId\":\"prompt-battle-c5e6a\",\"databaseURL\":\"https://prompt-battle-c5e6a-default-rtdb.firebaseio.com\",\"storageBucket\":\"prompt-battle-c5e6a.firebasestorage.app\"}","GCLOUD_PROJECT":"prompt-battle-c5e6a","EVENTARC_CLOUD_EVENT_SOURCE":"projects/prompt-battle-c5e6a/locations/us-central1/functions/processPlayerCommand"},"runtime":"nodejs20","ingressSettings":"ALLOW_ALL","buildId":"b3ea6ae2-3bb3-4fc6-ad67-e26bfc7141bc","buildEnvironmentVariables":{"GOOGLE_NODE_RUN_SCRIPTS":""},"buildName":"projects/329010584107/locations/us-central1/builds/b3ea6ae2-3bb3-4fc6-ad67-e26bfc7141bc","dockerRegistry":"ARTIFACT_REGISTRY","automaticUpdatePolicy":{},"buildServiceAccount":"projects/prompt-battle-c5e6a/serviceAccounts/329010584107-compute@developer.gserviceaccount.com","satisfiesPzi":true},{"name":"projects/prompt-battle-c5e6a/locations/us-central1/functions/grantGlory","httpsTrigger":{"url":"https://us-central1-prompt-battle-c5e6a.cloudfunctions.net/grantGlory","securityLevel":"SECURE_ALWAYS"},"status":"OFFLINE","entryPoint":"grantGlory","timeout":"60s","availableMemoryMb":256,"serviceAccountEmail":"prompt-battle-c5e6a@appspot.gserviceaccount.com","updateTime":"2026-03-17T05:52:22.295706193Z","versionId":"1","labels":{"deployment-tool":"cli-firebase","firebase-functions-hash":"d4fa81547bac1ca707eb0988d534e987f547df30"},"sourceUploadUrl":"https://storage.googleapis.com/uploads-763700285092.us-central1.cloudfunctions.appspot.com/8f0a08e6-ee58-4376-90f5-a123a31d90fb.zip","environmentVariables":{"FIREBASE_CONFIG":"{\"projectId\":\"prompt-battle-c5e6a\",\"databaseURL\":\"https://prompt-battle-c5e6a-default-rtdb.firebaseio.com\",\"storageBucket\":\"prompt-battle-c5e6a.firebasestorage.app\"}","GCLOUD_PROJECT":"prompt-battle-c5e6a","EVENTARC_CLOUD_EVENT_SOURCE":"projects/prompt-battle-c5e6a/locations/us-central1/functions/grantGlory"},"runtime":"nodejs20","ingressSettings":"ALLOW_ALL","buildId":"714add40-5199-408c-8d5a-8b37209a094b","buildEnvironmentVariables":{"GOOGLE_NODE_RUN_SCRIPTS":""},"buildName":"projects/329010584107/locations/us-central1/builds/714add40-5199-408c-8d5a-8b37209a094b","dockerRegistry":"ARTIFACT_REGISTRY","automaticUpdatePolicy":{},"buildServiceAccount":"projects/prompt-battle-c5e6a/serviceAccounts/329010584107-compute@developer.gserviceaccount.com","satisfiesPzi":true}]}
[debug] [2026-03-17T05:53:11.059Z] Checked if tokens are valid: true, expires at: 1773729535384
[debug] [2026-03-17T05:53:11.059Z] Checked if tokens are valid: true, expires at: 1773729535384
[debug] [2026-03-17T05:53:11.060Z] >>> [apiv2][query] GET https://cloudfunctions.googleapis.com/v2/projects/prompt-battle-c5e6a/locations/-/functions filter=environment%3D%22GEN_2%22
[debug] [2026-03-17T05:53:11.457Z] <<< [apiv2][status] GET https://cloudfunctions.googleapis.com/v2/projects/prompt-battle-c5e6a/locations/-/functions 200
[debug] [2026-03-17T05:53:11.457Z] <<< [apiv2][body] GET https://cloudfunctions.googleapis.com/v2/projects/prompt-battle-c5e6a/locations/-/functions {}
[debug] [2026-03-17T05:53:11.461Z] Checked if tokens are valid: true, expires at: 1773729535384
[debug] [2026-03-17T05:53:11.461Z] Checked if tokens are valid: true, expires at: 1773729535384
[debug] [2026-03-17T05:53:11.461Z] >>> [apiv2][query] GET https://cloudresourcemanager.googleapis.com/v1/projects/prompt-battle-c5e6a [none]
[debug] [2026-03-17T05:53:11.589Z] <<< [apiv2][status] GET https://cloudresourcemanager.googleapis.com/v1/projects/prompt-battle-c5e6a 200
[debug] [2026-03-17T05:53:11.589Z] <<< [apiv2][body] GET https://cloudresourcemanager.googleapis.com/v1/projects/prompt-battle-c5e6a {"projectNumber":"329010584107","projectId":"prompt-battle-c5e6a","lifecycleState":"ACTIVE","name":"prompt-battle","labels":{"firebase":"enabled","firebase-core":"disabled"},"createTime":"2026-03-06T00:48:51.928831Z","parent":{"type":"folder","id":"788007891807"}}
[debug] [2026-03-17T05:53:11.590Z] Checked if tokens are valid: true, expires at: 1773729535384
[debug] [2026-03-17T05:53:11.590Z] Checked if tokens are valid: true, expires at: 1773729535384
[debug] [2026-03-17T05:53:11.590Z] >>> [apiv2][query] GET https://cloudbilling.googleapis.com/v1/projects/prompt-battle-c5e6a/billingInfo [none]
[debug] [2026-03-17T05:53:11.765Z] <<< [apiv2][status] GET https://cloudbilling.googleapis.com/v1/projects/prompt-battle-c5e6a/billingInfo 200
[debug] [2026-03-17T05:53:11.766Z] <<< [apiv2][body] GET https://cloudbilling.googleapis.com/v1/projects/prompt-battle-c5e6a/billingInfo {"name":"projects/prompt-battle-c5e6a/billingInfo","projectId":"prompt-battle-c5e6a","billingAccountName":"billingAccounts/01A18B-C9F383-92A0DF","billingEnabled":true}
[debug] [2026-03-17T05:53:11.767Z] Checked if tokens are valid: true, expires at: 1773729535384
[debug] [2026-03-17T05:53:11.767Z] Checked if tokens are valid: true, expires at: 1773729535384
[debug] [2026-03-17T05:53:11.768Z] >>> [apiv2][query] POST https://cloudfunctions.googleapis.com/v1/projects/prompt-battle-c5e6a/locations/us-central1/functions:generateUploadUrl [none]
[debug] [2026-03-17T05:53:11.768Z] >>> [apiv2][body] POST https://cloudfunctions.googleapis.com/v1/projects/prompt-battle-c5e6a/locations/us-central1/functions:generateUploadUrl {}
[debug] [2026-03-17T05:53:12.289Z] <<< [apiv2][status] POST https://cloudfunctions.googleapis.com/v1/projects/prompt-battle-c5e6a/locations/us-central1/functions:generateUploadUrl 200
[debug] [2026-03-17T05:53:12.289Z] <<< [apiv2][body] POST https://cloudfunctions.googleapis.com/v1/projects/prompt-battle-c5e6a/locations/us-central1/functions:generateUploadUrl {"uploadUrl":"https://storage.googleapis.com/uploads-763700285092.us-central1.cloudfunctions.appspot.com/6b21fb91-91ff-4b07-9ec8-0b775c8d15b1.zip?GoogleAccessId=service-329010584107@gcf-admin-robot.iam.gserviceaccount.com&Expires=1773728591&Signature=VA7RKds7QxGaK76LKeg1HwQ43YIMngL9KETM2AqnFYaM3jE4ARRa%2B3IRQg1iHLYZVig8MmIyH2bmEXyf6Hw3whmEPZNf6QyDIkjMki%2FPz5J7DZ2KDWglx9V1nQNvjJ%2Bf5J%2BRYB%2FltnjgXKpagp2cqTZIjBeiak%2BpkE%2FxsMswONObcNJXOcg9XHBWiR2xwoFnjZjtZ9YOJNefJKJOKgr%2BuUaLEySqfwUVvNj3ri9qjwgVJxnncdR%2FEMqAKGadXXEFFoHX5NjTb1WIO2SWXGcMr0NK3oEWOgHadhmNDRPOGvJkZG3iq5dU%2FkaKPTl7Z3IfJLe2XbW2KMUfmnuy%2B9s2Bg%3D%3D"}
[debug] [2026-03-17T05:53:12.290Z] >>> [apiv2][query] PUT https://storage.googleapis.com/uploads-763700285092.us-central1.cloudfunctions.appspot.com/6b21fb91-91ff-4b07-9ec8-0b775c8d15b1.zip GoogleAccessId=service-329010584107%40gcf-admin-robot.iam.gserviceaccount.com&Expires=1773728591&Signature=VA7RKds7QxGaK76LKeg1HwQ43YIMngL9KETM2AqnFYaM3jE4ARRa%2B3IRQg1iHLYZVig8MmIyH2bmEXyf6Hw3whmEPZNf6QyDIkjMki%2FPz5J7DZ2KDWglx9V1nQNvjJ%2Bf5J%2BRYB%2FltnjgXKpagp2cqTZIjBeiak%2BpkE%2FxsMswONObcNJXOcg9XHBWiR2xwoFnjZjtZ9YOJNefJKJOKgr%2BuUaLEySqfwUVvNj3ri9qjwgVJxnncdR%2FEMqAKGadXXEFFoHX5NjTb1WIO2SWXGcMr0NK3oEWOgHadhmNDRPOGvJkZG3iq5dU%2FkaKPTl7Z3IfJLe2XbW2KMUfmnuy%2B9s2Bg%3D%3D
[debug] [2026-03-17T05:53:12.290Z] >>> [apiv2][body] PUT https://storage.googleapis.com/uploads-763700285092.us-central1.cloudfunctions.appspot.com/6b21fb91-91ff-4b07-9ec8-0b775c8d15b1.zip [stream]
[debug] [2026-03-17T05:53:12.573Z] <<< [apiv2][status] PUT https://storage.googleapis.com/uploads-763700285092.us-central1.cloudfunctions.appspot.com/6b21fb91-91ff-4b07-9ec8-0b775c8d15b1.zip 200
[debug] [2026-03-17T05:53:12.573Z] <<< [apiv2][body] PUT https://storage.googleapis.com/uploads-763700285092.us-central1.cloudfunctions.appspot.com/6b21fb91-91ff-4b07-9ec8-0b775c8d15b1.zip [omitted]
[info] +  functions: packages/functions source uploaded successfully 
[info] i  functions: updating Node.js 20 (1st Gen) function grantGlory(us-central1)... 
[debug] [2026-03-17T05:53:12.576Z] Checked if tokens are valid: true, expires at: 1773729535384
[debug] [2026-03-17T05:53:12.576Z] Checked if tokens are valid: true, expires at: 1773729535384
[debug] [2026-03-17T05:53:12.576Z] >>> [apiv2][query] PATCH https://cloudfunctions.googleapis.com/v1/projects/prompt-battle-c5e6a/locations/us-central1/functions/grantGlory updateMask=name%2CsourceUploadUrl%2CentryPoint%2Cruntime%2CdockerRegistry%2Clabels%2ChttpsTrigger.securityLevel%2CminInstances%2CmaxInstances%2CingressSettings%2CenvironmentVariables%2CserviceAccountEmail%2CavailableMemoryMb%2Ctimeout%2CvpcConnector%2CvpcConnectorEgressSettings%2CsourceToken%2CbuildEnvironmentVariables
[debug] [2026-03-17T05:53:12.577Z] >>> [apiv2][body] PATCH https://cloudfunctions.googleapis.com/v1/projects/prompt-battle-c5e6a/locations/us-central1/functions/grantGlory {"name":"projects/prompt-battle-c5e6a/locations/us-central1/functions/grantGlory","sourceUploadUrl":"https://storage.googleapis.com/uploads-763700285092.us-central1.cloudfunctions.appspot.com/6b21fb91-91ff-4b07-9ec8-0b775c8d15b1.zip?GoogleAccessId=service-329010584107@gcf-admin-robot.iam.gserviceaccount.com&Expires=1773728591&Signature=VA7RKds7QxGaK76LKeg1HwQ43YIMngL9KETM2AqnFYaM3jE4ARRa%2B3IRQg1iHLYZVig8MmIyH2bmEXyf6Hw3whmEPZNf6QyDIkjMki%2FPz5J7DZ2KDWglx9V1nQNvjJ%2Bf5J%2BRYB%2FltnjgXKpagp2cqTZIjBeiak%2BpkE%2FxsMswONObcNJXOcg9XHBWiR2xwoFnjZjtZ9YOJNefJKJOKgr%2BuUaLEySqfwUVvNj3ri9qjwgVJxnncdR%2FEMqAKGadXXEFFoHX5NjTb1WIO2SWXGcMr0NK3oEWOgHadhmNDRPOGvJkZG3iq5dU%2FkaKPTl7Z3IfJLe2XbW2KMUfmnuy%2B9s2Bg%3D%3D","entryPoint":"grantGlory","runtime":"nodejs20","dockerRegistry":"ARTIFACT_REGISTRY","labels":{"deployment-tool":"cli-firebase","firebase-functions-hash":"d4fa81547bac1ca707eb0988d534e987f547df30"},"httpsTrigger":{"securityLevel":"SECURE_ALWAYS"},"minInstances":null,"maxInstances":null,"ingressSettings":null,"environmentVariables":{"FIREBASE_CONFIG":"{\"projectId\":\"prompt-battle-c5e6a\",\"databaseURL\":\"https://prompt-battle-c5e6a-default-rtdb.firebaseio.com\",\"storageBucket\":\"prompt-battle-c5e6a.firebasestorage.app\"}","GCLOUD_PROJECT":"prompt-battle-c5e6a","EVENTARC_CLOUD_EVENT_SOURCE":"projects/prompt-battle-c5e6a/locations/us-central1/functions/grantGlory"},"serviceAccountEmail":null,"availableMemoryMb":null,"timeout":null,"vpcConnector":null,"vpcConnectorEgressSettings":null,"buildEnvironmentVariables":{"GOOGLE_NODE_RUN_SCRIPTS":""}}
[debug] [2026-03-17T05:53:12.998Z] <<< [apiv2][status] PATCH https://cloudfunctions.googleapis.com/v1/projects/prompt-battle-c5e6a/locations/us-central1/functions/grantGlory 200
[debug] [2026-03-17T05:53:12.998Z] <<< [apiv2][body] PATCH https://cloudfunctions.googleapis.com/v1/projects/prompt-battle-c5e6a/locations/us-central1/functions/grantGlory {"name":"operations/cHJvbXB0LWJhdHRsZS1jNWU2YS91cy1jZW50cmFsMS9ncmFudEdsb3J5L09jaVRZVFpjZ1Br","metadata":{"@type":"type.googleapis.com/google.cloud.functions.v1.OperationMetadataV1","target":"projects/prompt-battle-c5e6a/locations/us-central1/functions/grantGlory","type":"UPDATE_FUNCTION","request":{"@type":"type.googleapis.com/google.cloud.functions.v1.CloudFunction","name":"projects/prompt-battle-c5e6a/locations/us-central1/functions/grantGlory","httpsTrigger":{"url":"https://us-central1-prompt-battle-c5e6a.cloudfunctions.net/grantGlory","securityLevel":"SECURE_ALWAYS"},"status":"OFFLINE","entryPoint":"grantGlory","updateTime":"2026-03-17T05:52:16.796Z","versionId":"1","labels":{"deployment-tool":"cli-firebase","firebase-functions-hash":"d4fa81547bac1ca707eb0988d534e987f547df30"},"sourceUploadUrl":"https://storage.googleapis.com/uploads-763700285092.us-central1.cloudfunctions.appspot.com/6b21fb91-91ff-4b07-9ec8-0b775c8d15b1.zip?GoogleAccessId=service-329010584107@gcf-admin-robot.iam.gserviceaccount.com&Expires=1773728591&Signature=VA7RKds7QxGaK76LKeg1HwQ43YIMngL9KETM2AqnFYaM3jE4ARRa%2B3IRQg1iHLYZVig8MmIyH2bmEXyf6Hw3whmEPZNf6QyDIkjMki%2FPz5J7DZ2KDWglx9V1nQNvjJ%2Bf5J%2BRYB%2FltnjgXKpagp2cqTZIjBeiak%2BpkE%2FxsMswONObcNJXOcg9XHBWiR2xwoFnjZjtZ9YOJNefJKJOKgr%2BuUaLEySqfwUVvNj3ri9qjwgVJxnncdR%2FEMqAKGadXXEFFoHX5NjTb1WIO2SWXGcMr0NK3oEWOgHadhmNDRPOGvJkZG3iq5dU%2FkaKPTl7Z3IfJLe2XbW2KMUfmnuy%2B9s2Bg%3D%3D","environmentVariables":{"FIREBASE_CONFIG":"{\"projectId\":\"prompt-battle-c5e6a\",\"databaseURL\":\"https://prompt-battle-c5e6a-default-rtdb.firebaseio.com\",\"storageBucket\":\"prompt-battle-c5e6a.firebasestorage.app\"}","GCLOUD_PROJECT":"prompt-battle-c5e6a","EVENTARC_CLOUD_EVENT_SOURCE":"projects/prompt-battle-c5e6a/locations/us-central1/functions/grantGlory"},"runtime":"nodejs20","buildId":"714add40-5199-408c-8d5a-8b37209a094b","buildEnvironmentVariables":{"GOOGLE_NODE_RUN_SCRIPTS":""},"buildName":"projects/329010584107/locations/us-central1/builds/714add40-5199-408c-8d5a-8b37209a094b","dockerRegistry":"ARTIFACT_REGISTRY","automaticUpdatePolicy":{},"buildServiceAccount":"projects/prompt-battle-c5e6a/serviceAccounts/329010584107-compute@developer.gserviceaccount.com"},"versionId":"2","updateTime":"2026-03-17T05:53:12Z"}}
[debug] [2026-03-17T05:53:12.999Z] Checked if tokens are valid: true, expires at: 1773729535384
[debug] [2026-03-17T05:53:12.999Z] Checked if tokens are valid: true, expires at: 1773729535384
[debug] [2026-03-17T05:53:12.999Z] >>> [apiv2][query] GET https://cloudfunctions.googleapis.com/v1/operations/cHJvbXB0LWJhdHRsZS1jNWU2YS91cy1jZW50cmFsMS9ncmFudEdsb3J5L09jaVRZVFpjZ1Br [none]
[debug] [2026-03-17T05:53:13.115Z] <<< [apiv2][status] GET https://cloudfunctions.googleapis.com/v1/operations/cHJvbXB0LWJhdHRsZS1jNWU2YS91cy1jZW50cmFsMS9ncmFudEdsb3J5L09jaVRZVFpjZ1Br 200
[debug] [2026-03-17T05:53:13.116Z] <<< [apiv2][body] GET https://cloudfunctions.googleapis.com/v1/operations/cHJvbXB0LWJhdHRsZS1jNWU2YS91cy1jZW50cmFsMS9ncmFudEdsb3J5L09jaVRZVFpjZ1Br {"name":"operations/cHJvbXB0LWJhdHRsZS1jNWU2YS91cy1jZW50cmFsMS9ncmFudEdsb3J5L09jaVRZVFpjZ1Br","metadata":{"@type":"type.googleapis.com/google.cloud.functions.v1.OperationMetadataV1","target":"projects/prompt-battle-c5e6a/locations/us-central1/functions/grantGlory","type":"UPDATE_FUNCTION","request":{"@type":"type.googleapis.com/google.cloud.functions.v1.CloudFunction","name":"projects/prompt-battle-c5e6a/locations/us-central1/functions/grantGlory","httpsTrigger":{"url":"https://us-central1-prompt-battle-c5e6a.cloudfunctions.net/grantGlory","securityLevel":"SECURE_ALWAYS"},"status":"OFFLINE","entryPoint":"grantGlory","updateTime":"2026-03-17T05:52:16.796Z","versionId":"1","labels":{"deployment-tool":"cli-firebase","firebase-functions-hash":"d4fa81547bac1ca707eb0988d534e987f547df30"},"sourceUploadUrl":"https://storage.googleapis.com/uploads-763700285092.us-central1.cloudfunctions.appspot.com/6b21fb91-91ff-4b07-9ec8-0b775c8d15b1.zip?GoogleAccessId=service-329010584107@gcf-admin-robot.iam.gserviceaccount.com&Expires=1773728591&Signature=VA7RKds7QxGaK76LKeg1HwQ43YIMngL9KETM2AqnFYaM3jE4ARRa%2B3IRQg1iHLYZVig8MmIyH2bmEXyf6Hw3whmEPZNf6QyDIkjMki%2FPz5J7DZ2KDWglx9V1nQNvjJ%2Bf5J%2BRYB%2FltnjgXKpagp2cqTZIjBeiak%2BpkE%2FxsMswONObcNJXOcg9XHBWiR2xwoFnjZjtZ9YOJNefJKJOKgr%2BuUaLEySqfwUVvNj3ri9qjwgVJxnncdR%2FEMqAKGadXXEFFoHX5NjTb1WIO2SWXGcMr0NK3oEWOgHadhmNDRPOGvJkZG3iq5dU%2FkaKPTl7Z3IfJLe2XbW2KMUfmnuy%2B9s2Bg%3D%3D","environmentVariables":{"FIREBASE_CONFIG":"{\"projectId\":\"prompt-battle-c5e6a\",\"databaseURL\":\"https://prompt-battle-c5e6a-default-rtdb.firebaseio.com\",\"storageBucket\":\"prompt-battle-c5e6a.firebasestorage.app\"}","GCLOUD_PROJECT":"prompt-battle-c5e6a","EVENTARC_CLOUD_EVENT_SOURCE":"projects/prompt-battle-c5e6a/locations/us-central1/functions/grantGlory"},"runtime":"nodejs20","buildId":"714add40-5199-408c-8d5a-8b37209a094b","buildEnvironmentVariables":{"GOOGLE_NODE_RUN_SCRIPTS":""},"buildName":"projects/329010584107/locations/us-central1/builds/714add40-5199-408c-8d5a-8b37209a094b","dockerRegistry":"ARTIFACT_REGISTRY","automaticUpdatePolicy":{},"buildServiceAccount":"projects/prompt-battle-c5e6a/serviceAccounts/329010584107-compute@developer.gserviceaccount.com"},"versionId":"2","updateTime":"2026-03-17T05:53:12Z"}}
[debug] [2026-03-17T05:53:13.621Z] [update-default-us-central1-grantGlory] Retrying task index 0
[debug] [2026-03-17T05:53:13.622Z] Checked if tokens are valid: true, expires at: 1773729535384
[debug] [2026-03-17T05:53:13.622Z] Checked if tokens are valid: true, expires at: 1773729535384
[debug] [2026-03-17T05:53:13.622Z] >>> [apiv2][query] GET https://cloudfunctions.googleapis.com/v1/operations/cHJvbXB0LWJhdHRsZS1jNWU2YS91cy1jZW50cmFsMS9ncmFudEdsb3J5L09jaVRZVFpjZ1Br [none]
[debug] [2026-03-17T05:53:13.747Z] <<< [apiv2][status] GET https://cloudfunctions.googleapis.com/v1/operations/cHJvbXB0LWJhdHRsZS1jNWU2YS91cy1jZW50cmFsMS9ncmFudEdsb3J5L09jaVRZVFpjZ1Br 200
[debug] [2026-03-17T05:53:13.747Z] <<< [apiv2][body] GET https://cloudfunctions.googleapis.com/v1/operations/cHJvbXB0LWJhdHRsZS1jNWU2YS91cy1jZW50cmFsMS9ncmFudEdsb3J5L09jaVRZVFpjZ1Br {"name":"operations/cHJvbXB0LWJhdHRsZS1jNWU2YS91cy1jZW50cmFsMS9ncmFudEdsb3J5L09jaVRZVFpjZ1Br","metadata":{"@type":"type.googleapis.com/google.cloud.functions.v1.OperationMetadataV1","target":"projects/prompt-battle-c5e6a/locations/us-central1/functions/grantGlory","type":"UPDATE_FUNCTION","request":{"@type":"type.googleapis.com/google.cloud.functions.v1.CloudFunction","name":"projects/prompt-battle-c5e6a/locations/us-central1/functions/grantGlory","httpsTrigger":{"url":"https://us-central1-prompt-battle-c5e6a.cloudfunctions.net/grantGlory","securityLevel":"SECURE_ALWAYS"},"status":"OFFLINE","entryPoint":"grantGlory","updateTime":"2026-03-17T05:52:16.796Z","versionId":"1","labels":{"deployment-tool":"cli-firebase","firebase-functions-hash":"d4fa81547bac1ca707eb0988d534e987f547df30"},"sourceUploadUrl":"https://storage.googleapis.com/uploads-763700285092.us-central1.cloudfunctions.appspot.com/6b21fb91-91ff-4b07-9ec8-0b775c8d15b1.zip?GoogleAccessId=service-329010584107@gcf-admin-robot.iam.gserviceaccount.com&Expires=1773728591&Signature=VA7RKds7QxGaK76LKeg1HwQ43YIMngL9KETM2AqnFYaM3jE4ARRa%2B3IRQg1iHLYZVig8MmIyH2bmEXyf6Hw3whmEPZNf6QyDIkjMki%2FPz5J7DZ2KDWglx9V1nQNvjJ%2Bf5J%2BRYB%2FltnjgXKpagp2cqTZIjBeiak%2BpkE%2FxsMswONObcNJXOcg9XHBWiR2xwoFnjZjtZ9YOJNefJKJOKgr%2BuUaLEySqfwUVvNj3ri9qjwgVJxnncdR%2FEMqAKGadXXEFFoHX5NjTb1WIO2SWXGcMr0NK3oEWOgHadhmNDRPOGvJkZG3iq5dU%2FkaKPTl7Z3IfJLe2XbW2KMUfmnuy%2B9s2Bg%3D%3D","environmentVariables":{"FIREBASE_CONFIG":"{\"projectId\":\"prompt-battle-c5e6a\",\"databaseURL\":\"https://prompt-battle-c5e6a-default-rtdb.firebaseio.com\",\"storageBucket\":\"prompt-battle-c5e6a.firebasestorage.app\"}","GCLOUD_PROJECT":"prompt-battle-c5e6a","EVENTARC_CLOUD_EVENT_SOURCE":"projects/prompt-battle-c5e6a/locations/us-central1/functions/grantGlory"},"runtime":"nodejs20","buildId":"714add40-5199-408c-8d5a-8b37209a094b","buildEnvironmentVariables":{"GOOGLE_NODE_RUN_SCRIPTS":""},"buildName":"projects/329010584107/locations/us-central1/builds/714add40-5199-408c-8d5a-8b37209a094b","dockerRegistry":"ARTIFACT_REGISTRY","automaticUpdatePolicy":{},"buildServiceAccount":"projects/prompt-battle-c5e6a/serviceAccounts/329010584107-compute@developer.gserviceaccount.com"},"versionId":"2","updateTime":"2026-03-17T05:53:12Z"}}
[debug] [2026-03-17T05:53:14.748Z] [update-default-us-central1-grantGlory] Retrying task index 0
[debug] [2026-03-17T05:53:14.748Z] Checked if tokens are valid: true, expires at: 1773729535384
[debug] [2026-03-17T05:53:14.748Z] Checked if tokens are valid: true, expires at: 1773729535384
[debug] [2026-03-17T05:53:14.748Z] >>> [apiv2][query] GET https://cloudfunctions.googleapis.com/v1/operations/cHJvbXB0LWJhdHRsZS1jNWU2YS91cy1jZW50cmFsMS9ncmFudEdsb3J5L09jaVRZVFpjZ1Br [none]
[debug] [2026-03-17T05:53:14.877Z] <<< [apiv2][status] GET https://cloudfunctions.googleapis.com/v1/operations/cHJvbXB0LWJhdHRsZS1jNWU2YS91cy1jZW50cmFsMS9ncmFudEdsb3J5L09jaVRZVFpjZ1Br 200
[debug] [2026-03-17T05:53:14.877Z] <<< [apiv2][body] GET https://cloudfunctions.googleapis.com/v1/operations/cHJvbXB0LWJhdHRsZS1jNWU2YS91cy1jZW50cmFsMS9ncmFudEdsb3J5L09jaVRZVFpjZ1Br {"name":"operations/cHJvbXB0LWJhdHRsZS1jNWU2YS91cy1jZW50cmFsMS9ncmFudEdsb3J5L09jaVRZVFpjZ1Br","metadata":{"@type":"type.googleapis.com/google.cloud.functions.v1.OperationMetadataV1","target":"projects/prompt-battle-c5e6a/locations/us-central1/functions/grantGlory","type":"UPDATE_FUNCTION","request":{"@type":"type.googleapis.com/google.cloud.functions.v1.CloudFunction","name":"projects/prompt-battle-c5e6a/locations/us-central1/functions/grantGlory","httpsTrigger":{"url":"https://us-central1-prompt-battle-c5e6a.cloudfunctions.net/grantGlory","securityLevel":"SECURE_ALWAYS"},"status":"OFFLINE","entryPoint":"grantGlory","updateTime":"2026-03-17T05:52:16.796Z","versionId":"1","labels":{"deployment-tool":"cli-firebase","firebase-functions-hash":"d4fa81547bac1ca707eb0988d534e987f547df30"},"sourceUploadUrl":"https://storage.googleapis.com/uploads-763700285092.us-central1.cloudfunctions.appspot.com/6b21fb91-91ff-4b07-9ec8-0b775c8d15b1.zip?GoogleAccessId=service-329010584107@gcf-admin-robot.iam.gserviceaccount.com&Expires=1773728591&Signature=VA7RKds7QxGaK76LKeg1HwQ43YIMngL9KETM2AqnFYaM3jE4ARRa%2B3IRQg1iHLYZVig8MmIyH2bmEXyf6Hw3whmEPZNf6QyDIkjMki%2FPz5J7DZ2KDWglx9V1nQNvjJ%2Bf5J%2BRYB%2FltnjgXKpagp2cqTZIjBeiak%2BpkE%2FxsMswONObcNJXOcg9XHBWiR2xwoFnjZjtZ9YOJNefJKJOKgr%2BuUaLEySqfwUVvNj3ri9qjwgVJxnncdR%2FEMqAKGadXXEFFoHX5NjTb1WIO2SWXGcMr0NK3oEWOgHadhmNDRPOGvJkZG3iq5dU%2FkaKPTl7Z3IfJLe2XbW2KMUfmnuy%2B9s2Bg%3D%3D","environmentVariables":{"FIREBASE_CONFIG":"{\"projectId\":\"prompt-battle-c5e6a\",\"databaseURL\":\"https://prompt-battle-c5e6a-default-rtdb.firebaseio.com\",\"storageBucket\":\"prompt-battle-c5e6a.firebasestorage.app\"}","GCLOUD_PROJECT":"prompt-battle-c5e6a","EVENTARC_CLOUD_EVENT_SOURCE":"projects/prompt-battle-c5e6a/locations/us-central1/functions/grantGlory"},"runtime":"nodejs20","buildId":"714add40-5199-408c-8d5a-8b37209a094b","buildEnvironmentVariables":{"GOOGLE_NODE_RUN_SCRIPTS":""},"buildName":"projects/329010584107/locations/us-central1/builds/714add40-5199-408c-8d5a-8b37209a094b","dockerRegistry":"ARTIFACT_REGISTRY","automaticUpdatePolicy":{},"buildServiceAccount":"projects/prompt-battle-c5e6a/serviceAccounts/329010584107-compute@developer.gserviceaccount.com"},"versionId":"2","updateTime":"2026-03-17T05:53:12Z","buildId":"1b3242f9-8d5b-4333-8ef0-3f62feb2c695","buildName":"projects/329010584107/locations/us-central1/builds/1b3242f9-8d5b-4333-8ef0-3f62feb2c695"}}
[debug] [2026-03-17T05:53:16.885Z] [update-default-us-central1-grantGlory] Retrying task index 0
[debug] [2026-03-17T05:53:16.885Z] Checked if tokens are valid: true, expires at: 1773729535384
[debug] [2026-03-17T05:53:16.885Z] Checked if tokens are valid: true, expires at: 1773729535384
[debug] [2026-03-17T05:53:16.885Z] >>> [apiv2][query] GET https://cloudfunctions.googleapis.com/v1/operations/cHJvbXB0LWJhdHRsZS1jNWU2YS91cy1jZW50cmFsMS9ncmFudEdsb3J5L09jaVRZVFpjZ1Br [none]
[debug] [2026-03-17T05:53:17.128Z] <<< [apiv2][status] GET https://cloudfunctions.googleapis.com/v1/operations/cHJvbXB0LWJhdHRsZS1jNWU2YS91cy1jZW50cmFsMS9ncmFudEdsb3J5L09jaVRZVFpjZ1Br 200
[debug] [2026-03-17T05:53:17.128Z] <<< [apiv2][body] GET https://cloudfunctions.googleapis.com/v1/operations/cHJvbXB0LWJhdHRsZS1jNWU2YS91cy1jZW50cmFsMS9ncmFudEdsb3J5L09jaVRZVFpjZ1Br {"name":"operations/cHJvbXB0LWJhdHRsZS1jNWU2YS91cy1jZW50cmFsMS9ncmFudEdsb3J5L09jaVRZVFpjZ1Br","metadata":{"@type":"type.googleapis.com/google.cloud.functions.v1.OperationMetadataV1","target":"projects/prompt-battle-c5e6a/locations/us-central1/functions/grantGlory","type":"UPDATE_FUNCTION","request":{"@type":"type.googleapis.com/google.cloud.functions.v1.CloudFunction","name":"projects/prompt-battle-c5e6a/locations/us-central1/functions/grantGlory","httpsTrigger":{"url":"https://us-central1-prompt-battle-c5e6a.cloudfunctions.net/grantGlory","securityLevel":"SECURE_ALWAYS"},"status":"OFFLINE","entryPoint":"grantGlory","updateTime":"2026-03-17T05:52:16.796Z","versionId":"1","labels":{"deployment-tool":"cli-firebase","firebase-functions-hash":"d4fa81547bac1ca707eb0988d534e987f547df30"},"sourceUploadUrl":"https://storage.googleapis.com/uploads-763700285092.us-central1.cloudfunctions.appspot.com/6b21fb91-91ff-4b07-9ec8-0b775c8d15b1.zip?GoogleAccessId=service-329010584107@gcf-admin-robot.iam.gserviceaccount.com&Expires=1773728591&Signature=VA7RKds7QxGaK76LKeg1HwQ43YIMngL9KETM2AqnFYaM3jE4ARRa%2B3IRQg1iHLYZVig8MmIyH2bmEXyf6Hw3whmEPZNf6QyDIkjMki%2FPz5J7DZ2KDWglx9V1nQNvjJ%2Bf5J%2BRYB%2FltnjgXKpagp2cqTZIjBeiak%2BpkE%2FxsMswONObcNJXOcg9XHBWiR2xwoFnjZjtZ9YOJNefJKJOKgr%2BuUaLEySqfwUVvNj3ri9qjwgVJxnncdR%2FEMqAKGadXXEFFoHX5NjTb1WIO2SWXGcMr0NK3oEWOgHadhmNDRPOGvJkZG3iq5dU%2FkaKPTl7Z3IfJLe2XbW2KMUfmnuy%2B9s2Bg%3D%3D","environmentVariables":{"FIREBASE_CONFIG":"{\"projectId\":\"prompt-battle-c5e6a\",\"databaseURL\":\"https://prompt-battle-c5e6a-default-rtdb.firebaseio.com\",\"storageBucket\":\"prompt-battle-c5e6a.firebasestorage.app\"}","GCLOUD_PROJECT":"prompt-battle-c5e6a","EVENTARC_CLOUD_EVENT_SOURCE":"projects/prompt-battle-c5e6a/locations/us-central1/functions/grantGlory"},"runtime":"nodejs20","buildId":"714add40-5199-408c-8d5a-8b37209a094b","buildEnvironmentVariables":{"GOOGLE_NODE_RUN_SCRIPTS":""},"buildName":"projects/329010584107/locations/us-central1/builds/714add40-5199-408c-8d5a-8b37209a094b","dockerRegistry":"ARTIFACT_REGISTRY","automaticUpdatePolicy":{},"buildServiceAccount":"projects/prompt-battle-c5e6a/serviceAccounts/329010584107-compute@developer.gserviceaccount.com"},"versionId":"2","updateTime":"2026-03-17T05:53:12Z","buildId":"1b3242f9-8d5b-4333-8ef0-3f62feb2c695","buildName":"projects/329010584107/locations/us-central1/builds/1b3242f9-8d5b-4333-8ef0-3f62feb2c695"}}
[debug] [2026-03-17T05:53:21.137Z] [update-default-us-central1-grantGlory] Retrying task index 0
[debug] [2026-03-17T05:53:21.137Z] Checked if tokens are valid: true, expires at: 1773729535384
[debug] [2026-03-17T05:53:21.137Z] Checked if tokens are valid: true, expires at: 1773729535384
[debug] [2026-03-17T05:53:21.137Z] >>> [apiv2][query] GET https://cloudfunctions.googleapis.com/v1/operations/cHJvbXB0LWJhdHRsZS1jNWU2YS91cy1jZW50cmFsMS9ncmFudEdsb3J5L09jaVRZVFpjZ1Br [none]
[debug] [2026-03-17T05:53:21.266Z] <<< [apiv2][status] GET https://cloudfunctions.googleapis.com/v1/operations/cHJvbXB0LWJhdHRsZS1jNWU2YS91cy1jZW50cmFsMS9ncmFudEdsb3J5L09jaVRZVFpjZ1Br 200
[debug] [2026-03-17T05:53:21.266Z] <<< [apiv2][body] GET https://cloudfunctions.googleapis.com/v1/operations/cHJvbXB0LWJhdHRsZS1jNWU2YS91cy1jZW50cmFsMS9ncmFudEdsb3J5L09jaVRZVFpjZ1Br {"name":"operations/cHJvbXB0LWJhdHRsZS1jNWU2YS91cy1jZW50cmFsMS9ncmFudEdsb3J5L09jaVRZVFpjZ1Br","metadata":{"@type":"type.googleapis.com/google.cloud.functions.v1.OperationMetadataV1","target":"projects/prompt-battle-c5e6a/locations/us-central1/functions/grantGlory","type":"UPDATE_FUNCTION","request":{"@type":"type.googleapis.com/google.cloud.functions.v1.CloudFunction","name":"projects/prompt-battle-c5e6a/locations/us-central1/functions/grantGlory","httpsTrigger":{"url":"https://us-central1-prompt-battle-c5e6a.cloudfunctions.net/grantGlory","securityLevel":"SECURE_ALWAYS"},"status":"OFFLINE","entryPoint":"grantGlory","updateTime":"2026-03-17T05:52:16.796Z","versionId":"1","labels":{"deployment-tool":"cli-firebase","firebase-functions-hash":"d4fa81547bac1ca707eb0988d534e987f547df30"},"sourceUploadUrl":"https://storage.googleapis.com/uploads-763700285092.us-central1.cloudfunctions.appspot.com/6b21fb91-91ff-4b07-9ec8-0b775c8d15b1.zip?GoogleAccessId=service-329010584107@gcf-admin-robot.iam.gserviceaccount.com&Expires=1773728591&Signature=VA7RKds7QxGaK76LKeg1HwQ43YIMngL9KETM2AqnFYaM3jE4ARRa%2B3IRQg1iHLYZVig8MmIyH2bmEXyf6Hw3whmEPZNf6QyDIkjMki%2FPz5J7DZ2KDWglx9V1nQNvjJ%2Bf5J%2BRYB%2FltnjgXKpagp2cqTZIjBeiak%2BpkE%2FxsMswONObcNJXOcg9XHBWiR2xwoFnjZjtZ9YOJNefJKJOKgr%2BuUaLEySqfwUVvNj3ri9qjwgVJxnncdR%2FEMqAKGadXXEFFoHX5NjTb1WIO2SWXGcMr0NK3oEWOgHadhmNDRPOGvJkZG3iq5dU%2FkaKPTl7Z3IfJLe2XbW2KMUfmnuy%2B9s2Bg%3D%3D","environmentVariables":{"FIREBASE_CONFIG":"{\"projectId\":\"prompt-battle-c5e6a\",\"databaseURL\":\"https://prompt-battle-c5e6a-default-rtdb.firebaseio.com\",\"storageBucket\":\"prompt-battle-c5e6a.firebasestorage.app\"}","GCLOUD_PROJECT":"prompt-battle-c5e6a","EVENTARC_CLOUD_EVENT_SOURCE":"projects/prompt-battle-c5e6a/locations/us-central1/functions/grantGlory"},"runtime":"nodejs20","buildId":"714add40-5199-408c-8d5a-8b37209a094b","buildEnvironmentVariables":{"GOOGLE_NODE_RUN_SCRIPTS":""},"buildName":"projects/329010584107/locations/us-central1/builds/714add40-5199-408c-8d5a-8b37209a094b","dockerRegistry":"ARTIFACT_REGISTRY","automaticUpdatePolicy":{},"buildServiceAccount":"projects/prompt-battle-c5e6a/serviceAccounts/329010584107-compute@developer.gserviceaccount.com"},"versionId":"2","updateTime":"2026-03-17T05:53:12Z","buildId":"1b3242f9-8d5b-4333-8ef0-3f62feb2c695","buildName":"projects/329010584107/locations/us-central1/builds/1b3242f9-8d5b-4333-8ef0-3f62feb2c695"}}
[debug] [2026-03-17T05:53:29.280Z] [update-default-us-central1-grantGlory] Retrying task index 0
[debug] [2026-03-17T05:53:29.282Z] Checked if tokens are valid: true, expires at: 1773729535384
[debug] [2026-03-17T05:53:29.282Z] Checked if tokens are valid: true, expires at: 1773729535384
[debug] [2026-03-17T05:53:29.282Z] >>> [apiv2][query] GET https://cloudfunctions.googleapis.com/v1/operations/cHJvbXB0LWJhdHRsZS1jNWU2YS91cy1jZW50cmFsMS9ncmFudEdsb3J5L09jaVRZVFpjZ1Br [none]
[debug] [2026-03-17T05:53:29.447Z] <<< [apiv2][status] GET https://cloudfunctions.googleapis.com/v1/operations/cHJvbXB0LWJhdHRsZS1jNWU2YS91cy1jZW50cmFsMS9ncmFudEdsb3J5L09jaVRZVFpjZ1Br 200
[debug] [2026-03-17T05:53:29.447Z] <<< [apiv2][body] GET https://cloudfunctions.googleapis.com/v1/operations/cHJvbXB0LWJhdHRsZS1jNWU2YS91cy1jZW50cmFsMS9ncmFudEdsb3J5L09jaVRZVFpjZ1Br {"name":"operations/cHJvbXB0LWJhdHRsZS1jNWU2YS91cy1jZW50cmFsMS9ncmFudEdsb3J5L09jaVRZVFpjZ1Br","metadata":{"@type":"type.googleapis.com/google.cloud.functions.v1.OperationMetadataV1","target":"projects/prompt-battle-c5e6a/locations/us-central1/functions/grantGlory","type":"UPDATE_FUNCTION","request":{"@type":"type.googleapis.com/google.cloud.functions.v1.CloudFunction","name":"projects/prompt-battle-c5e6a/locations/us-central1/functions/grantGlory","httpsTrigger":{"url":"https://us-central1-prompt-battle-c5e6a.cloudfunctions.net/grantGlory","securityLevel":"SECURE_ALWAYS"},"status":"OFFLINE","entryPoint":"grantGlory","updateTime":"2026-03-17T05:52:16.796Z","versionId":"1","labels":{"deployment-tool":"cli-firebase","firebase-functions-hash":"d4fa81547bac1ca707eb0988d534e987f547df30"},"sourceUploadUrl":"https://storage.googleapis.com/uploads-763700285092.us-central1.cloudfunctions.appspot.com/6b21fb91-91ff-4b07-9ec8-0b775c8d15b1.zip?GoogleAccessId=service-329010584107@gcf-admin-robot.iam.gserviceaccount.com&Expires=1773728591&Signature=VA7RKds7QxGaK76LKeg1HwQ43YIMngL9KETM2AqnFYaM3jE4ARRa%2B3IRQg1iHLYZVig8MmIyH2bmEXyf6Hw3whmEPZNf6QyDIkjMki%2FPz5J7DZ2KDWglx9V1nQNvjJ%2Bf5J%2BRYB%2FltnjgXKpagp2cqTZIjBeiak%2BpkE%2FxsMswONObcNJXOcg9XHBWiR2xwoFnjZjtZ9YOJNefJKJOKgr%2BuUaLEySqfwUVvNj3ri9qjwgVJxnncdR%2FEMqAKGadXXEFFoHX5NjTb1WIO2SWXGcMr0NK3oEWOgHadhmNDRPOGvJkZG3iq5dU%2FkaKPTl7Z3IfJLe2XbW2KMUfmnuy%2B9s2Bg%3D%3D","environmentVariables":{"FIREBASE_CONFIG":"{\"projectId\":\"prompt-battle-c5e6a\",\"databaseURL\":\"https://prompt-battle-c5e6a-default-rtdb.firebaseio.com\",\"storageBucket\":\"prompt-battle-c5e6a.firebasestorage.app\"}","GCLOUD_PROJECT":"prompt-battle-c5e6a","EVENTARC_CLOUD_EVENT_SOURCE":"projects/prompt-battle-c5e6a/locations/us-central1/functions/grantGlory"},"runtime":"nodejs20","buildId":"714add40-5199-408c-8d5a-8b37209a094b","buildEnvironmentVariables":{"GOOGLE_NODE_RUN_SCRIPTS":""},"buildName":"projects/329010584107/locations/us-central1/builds/714add40-5199-408c-8d5a-8b37209a094b","dockerRegistry":"ARTIFACT_REGISTRY","automaticUpdatePolicy":{},"buildServiceAccount":"projects/prompt-battle-c5e6a/serviceAccounts/329010584107-compute@developer.gserviceaccount.com"},"versionId":"2","updateTime":"2026-03-17T05:53:12Z","buildId":"1b3242f9-8d5b-4333-8ef0-3f62feb2c695","buildName":"projects/329010584107/locations/us-central1/builds/1b3242f9-8d5b-4333-8ef0-3f62feb2c695"}}
[debug] [2026-03-17T05:53:39.459Z] [update-default-us-central1-grantGlory] Retrying task index 0
[debug] [2026-03-17T05:53:39.459Z] Checked if tokens are valid: true, expires at: 1773729535384
[debug] [2026-03-17T05:53:39.459Z] Checked if tokens are valid: true, expires at: 1773729535384
[debug] [2026-03-17T05:53:39.459Z] >>> [apiv2][query] GET https://cloudfunctions.googleapis.com/v1/operations/cHJvbXB0LWJhdHRsZS1jNWU2YS91cy1jZW50cmFsMS9ncmFudEdsb3J5L09jaVRZVFpjZ1Br [none]
[debug] [2026-03-17T05:53:39.813Z] <<< [apiv2][status] GET https://cloudfunctions.googleapis.com/v1/operations/cHJvbXB0LWJhdHRsZS1jNWU2YS91cy1jZW50cmFsMS9ncmFudEdsb3J5L09jaVRZVFpjZ1Br 200
[debug] [2026-03-17T05:53:39.813Z] <<< [apiv2][body] GET https://cloudfunctions.googleapis.com/v1/operations/cHJvbXB0LWJhdHRsZS1jNWU2YS91cy1jZW50cmFsMS9ncmFudEdsb3J5L09jaVRZVFpjZ1Br {"name":"operations/cHJvbXB0LWJhdHRsZS1jNWU2YS91cy1jZW50cmFsMS9ncmFudEdsb3J5L09jaVRZVFpjZ1Br","metadata":{"@type":"type.googleapis.com/google.cloud.functions.v1.OperationMetadataV1","target":"projects/prompt-battle-c5e6a/locations/us-central1/functions/grantGlory","type":"UPDATE_FUNCTION","request":{"@type":"type.googleapis.com/google.cloud.functions.v1.CloudFunction","name":"projects/prompt-battle-c5e6a/locations/us-central1/functions/grantGlory","httpsTrigger":{"url":"https://us-central1-prompt-battle-c5e6a.cloudfunctions.net/grantGlory","securityLevel":"SECURE_ALWAYS"},"status":"OFFLINE","entryPoint":"grantGlory","updateTime":"2026-03-17T05:52:16.796Z","versionId":"1","labels":{"deployment-tool":"cli-firebase","firebase-functions-hash":"d4fa81547bac1ca707eb0988d534e987f547df30"},"sourceUploadUrl":"https://storage.googleapis.com/uploads-763700285092.us-central1.cloudfunctions.appspot.com/6b21fb91-91ff-4b07-9ec8-0b775c8d15b1.zip?GoogleAccessId=service-329010584107@gcf-admin-robot.iam.gserviceaccount.com&Expires=1773728591&Signature=VA7RKds7QxGaK76LKeg1HwQ43YIMngL9KETM2AqnFYaM3jE4ARRa%2B3IRQg1iHLYZVig8MmIyH2bmEXyf6Hw3whmEPZNf6QyDIkjMki%2FPz5J7DZ2KDWglx9V1nQNvjJ%2Bf5J%2BRYB%2FltnjgXKpagp2cqTZIjBeiak%2BpkE%2FxsMswONObcNJXOcg9XHBWiR2xwoFnjZjtZ9YOJNefJKJOKgr%2BuUaLEySqfwUVvNj3ri9qjwgVJxnncdR%2FEMqAKGadXXEFFoHX5NjTb1WIO2SWXGcMr0NK3oEWOgHadhmNDRPOGvJkZG3iq5dU%2FkaKPTl7Z3IfJLe2XbW2KMUfmnuy%2B9s2Bg%3D%3D","environmentVariables":{"FIREBASE_CONFIG":"{\"projectId\":\"prompt-battle-c5e6a\",\"databaseURL\":\"https://prompt-battle-c5e6a-default-rtdb.firebaseio.com\",\"storageBucket\":\"prompt-battle-c5e6a.firebasestorage.app\"}","GCLOUD_PROJECT":"prompt-battle-c5e6a","EVENTARC_CLOUD_EVENT_SOURCE":"projects/prompt-battle-c5e6a/locations/us-central1/functions/grantGlory"},"runtime":"nodejs20","buildId":"714add40-5199-408c-8d5a-8b37209a094b","buildEnvironmentVariables":{"GOOGLE_NODE_RUN_SCRIPTS":""},"buildName":"projects/329010584107/locations/us-central1/builds/714add40-5199-408c-8d5a-8b37209a094b","dockerRegistry":"ARTIFACT_REGISTRY","automaticUpdatePolicy":{},"buildServiceAccount":"projects/prompt-battle-c5e6a/serviceAccounts/329010584107-compute@developer.gserviceaccount.com"},"versionId":"2","updateTime":"2026-03-17T05:53:12Z","buildId":"1b3242f9-8d5b-4333-8ef0-3f62feb2c695","buildName":"projects/329010584107/locations/us-central1/builds/1b3242f9-8d5b-4333-8ef0-3f62feb2c695"}}
[debug] [2026-03-17T05:53:49.824Z] [update-default-us-central1-grantGlory] Retrying task index 0
[debug] [2026-03-17T05:53:49.824Z] Checked if tokens are valid: true, expires at: 1773729535384
[debug] [2026-03-17T05:53:49.824Z] Checked if tokens are valid: true, expires at: 1773729535384
[debug] [2026-03-17T05:53:49.824Z] >>> [apiv2][query] GET https://cloudfunctions.googleapis.com/v1/operations/cHJvbXB0LWJhdHRsZS1jNWU2YS91cy1jZW50cmFsMS9ncmFudEdsb3J5L09jaVRZVFpjZ1Br [none]
[debug] [2026-03-17T05:53:49.982Z] <<< [apiv2][status] GET https://cloudfunctions.googleapis.com/v1/operations/cHJvbXB0LWJhdHRsZS1jNWU2YS91cy1jZW50cmFsMS9ncmFudEdsb3J5L09jaVRZVFpjZ1Br 200
[debug] [2026-03-17T05:53:49.983Z] <<< [apiv2][body] GET https://cloudfunctions.googleapis.com/v1/operations/cHJvbXB0LWJhdHRsZS1jNWU2YS91cy1jZW50cmFsMS9ncmFudEdsb3J5L09jaVRZVFpjZ1Br {"name":"operations/cHJvbXB0LWJhdHRsZS1jNWU2YS91cy1jZW50cmFsMS9ncmFudEdsb3J5L09jaVRZVFpjZ1Br","metadata":{"@type":"type.googleapis.com/google.cloud.functions.v1.OperationMetadataV1","target":"projects/prompt-battle-c5e6a/locations/us-central1/functions/grantGlory","type":"UPDATE_FUNCTION","request":{"@type":"type.googleapis.com/google.cloud.functions.v1.CloudFunction","name":"projects/prompt-battle-c5e6a/locations/us-central1/functions/grantGlory","httpsTrigger":{"url":"https://us-central1-prompt-battle-c5e6a.cloudfunctions.net/grantGlory","securityLevel":"SECURE_ALWAYS"},"status":"OFFLINE","entryPoint":"grantGlory","updateTime":"2026-03-17T05:52:16.796Z","versionId":"1","labels":{"deployment-tool":"cli-firebase","firebase-functions-hash":"d4fa81547bac1ca707eb0988d534e987f547df30"},"sourceUploadUrl":"https://storage.googleapis.com/uploads-763700285092.us-central1.cloudfunctions.appspot.com/6b21fb91-91ff-4b07-9ec8-0b775c8d15b1.zip?GoogleAccessId=service-329010584107@gcf-admin-robot.iam.gserviceaccount.com&Expires=1773728591&Signature=VA7RKds7QxGaK76LKeg1HwQ43YIMngL9KETM2AqnFYaM3jE4ARRa%2B3IRQg1iHLYZVig8MmIyH2bmEXyf6Hw3whmEPZNf6QyDIkjMki%2FPz5J7DZ2KDWglx9V1nQNvjJ%2Bf5J%2BRYB%2FltnjgXKpagp2cqTZIjBeiak%2BpkE%2FxsMswONObcNJXOcg9XHBWiR2xwoFnjZjtZ9YOJNefJKJOKgr%2BuUaLEySqfwUVvNj3ri9qjwgVJxnncdR%2FEMqAKGadXXEFFoHX5NjTb1WIO2SWXGcMr0NK3oEWOgHadhmNDRPOGvJkZG3iq5dU%2FkaKPTl7Z3IfJLe2XbW2KMUfmnuy%2B9s2Bg%3D%3D","environmentVariables":{"FIREBASE_CONFIG":"{\"projectId\":\"prompt-battle-c5e6a\",\"databaseURL\":\"https://prompt-battle-c5e6a-default-rtdb.firebaseio.com\",\"storageBucket\":\"prompt-battle-c5e6a.firebasestorage.app\"}","GCLOUD_PROJECT":"prompt-battle-c5e6a","EVENTARC_CLOUD_EVENT_SOURCE":"projects/prompt-battle-c5e6a/locations/us-central1/functions/grantGlory"},"runtime":"nodejs20","buildId":"714add40-5199-408c-8d5a-8b37209a094b","buildEnvironmentVariables":{"GOOGLE_NODE_RUN_SCRIPTS":""},"buildName":"projects/329010584107/locations/us-central1/builds/714add40-5199-408c-8d5a-8b37209a094b","dockerRegistry":"ARTIFACT_REGISTRY","automaticUpdatePolicy":{},"buildServiceAccount":"projects/prompt-battle-c5e6a/serviceAccounts/329010584107-compute@developer.gserviceaccount.com"},"versionId":"2","updateTime":"2026-03-17T05:53:12Z","buildId":"1b3242f9-8d5b-4333-8ef0-3f62feb2c695","buildName":"projects/329010584107/locations/us-central1/builds/1b3242f9-8d5b-4333-8ef0-3f62feb2c695"}}
[debug] [2026-03-17T05:53:59.992Z] [update-default-us-central1-grantGlory] Retrying task index 0
[debug] [2026-03-17T05:53:59.993Z] Checked if tokens are valid: true, expires at: 1773729535384
[debug] [2026-03-17T05:53:59.993Z] Checked if tokens are valid: true, expires at: 1773729535384
[debug] [2026-03-17T05:53:59.993Z] >>> [apiv2][query] GET https://cloudfunctions.googleapis.com/v1/operations/cHJvbXB0LWJhdHRsZS1jNWU2YS91cy1jZW50cmFsMS9ncmFudEdsb3J5L09jaVRZVFpjZ1Br [none]
[debug] [2026-03-17T05:54:00.145Z] <<< [apiv2][status] GET https://cloudfunctions.googleapis.com/v1/operations/cHJvbXB0LWJhdHRsZS1jNWU2YS91cy1jZW50cmFsMS9ncmFudEdsb3J5L09jaVRZVFpjZ1Br 200
[debug] [2026-03-17T05:54:00.145Z] <<< [apiv2][body] GET https://cloudfunctions.googleapis.com/v1/operations/cHJvbXB0LWJhdHRsZS1jNWU2YS91cy1jZW50cmFsMS9ncmFudEdsb3J5L09jaVRZVFpjZ1Br {"name":"operations/cHJvbXB0LWJhdHRsZS1jNWU2YS91cy1jZW50cmFsMS9ncmFudEdsb3J5L09jaVRZVFpjZ1Br","metadata":{"@type":"type.googleapis.com/google.cloud.functions.v1.OperationMetadataV1","target":"projects/prompt-battle-c5e6a/locations/us-central1/functions/grantGlory","type":"UPDATE_FUNCTION","request":{"@type":"type.googleapis.com/google.cloud.functions.v1.CloudFunction","name":"projects/prompt-battle-c5e6a/locations/us-central1/functions/grantGlory","httpsTrigger":{"url":"https://us-central1-prompt-battle-c5e6a.cloudfunctions.net/grantGlory","securityLevel":"SECURE_ALWAYS"},"status":"OFFLINE","entryPoint":"grantGlory","updateTime":"2026-03-17T05:52:16.796Z","versionId":"1","labels":{"deployment-tool":"cli-firebase","firebase-functions-hash":"d4fa81547bac1ca707eb0988d534e987f547df30"},"sourceUploadUrl":"https://storage.googleapis.com/uploads-763700285092.us-central1.cloudfunctions.appspot.com/6b21fb91-91ff-4b07-9ec8-0b775c8d15b1.zip?GoogleAccessId=service-329010584107@gcf-admin-robot.iam.gserviceaccount.com&Expires=1773728591&Signature=VA7RKds7QxGaK76LKeg1HwQ43YIMngL9KETM2AqnFYaM3jE4ARRa%2B3IRQg1iHLYZVig8MmIyH2bmEXyf6Hw3whmEPZNf6QyDIkjMki%2FPz5J7DZ2KDWglx9V1nQNvjJ%2Bf5J%2BRYB%2FltnjgXKpagp2cqTZIjBeiak%2BpkE%2FxsMswONObcNJXOcg9XHBWiR2xwoFnjZjtZ9YOJNefJKJOKgr%2BuUaLEySqfwUVvNj3ri9qjwgVJxnncdR%2FEMqAKGadXXEFFoHX5NjTb1WIO2SWXGcMr0NK3oEWOgHadhmNDRPOGvJkZG3iq5dU%2FkaKPTl7Z3IfJLe2XbW2KMUfmnuy%2B9s2Bg%3D%3D","environmentVariables":{"FIREBASE_CONFIG":"{\"projectId\":\"prompt-battle-c5e6a\",\"databaseURL\":\"https://prompt-battle-c5e6a-default-rtdb.firebaseio.com\",\"storageBucket\":\"prompt-battle-c5e6a.firebasestorage.app\"}","GCLOUD_PROJECT":"prompt-battle-c5e6a","EVENTARC_CLOUD_EVENT_SOURCE":"projects/prompt-battle-c5e6a/locations/us-central1/functions/grantGlory"},"runtime":"nodejs20","buildId":"714add40-5199-408c-8d5a-8b37209a094b","buildEnvironmentVariables":{"GOOGLE_NODE_RUN_SCRIPTS":""},"buildName":"projects/329010584107/locations/us-central1/builds/714add40-5199-408c-8d5a-8b37209a094b","dockerRegistry":"ARTIFACT_REGISTRY","automaticUpdatePolicy":{},"buildServiceAccount":"projects/prompt-battle-c5e6a/serviceAccounts/329010584107-compute@developer.gserviceaccount.com"},"versionId":"2","updateTime":"2026-03-17T05:53:12Z","buildId":"1b3242f9-8d5b-4333-8ef0-3f62feb2c695","buildName":"projects/329010584107/locations/us-central1/builds/1b3242f9-8d5b-4333-8ef0-3f62feb2c695"}}
[debug] [2026-03-17T05:54:10.147Z] [update-default-us-central1-grantGlory] Retrying task index 0
[debug] [2026-03-17T05:54:10.148Z] Checked if tokens are valid: true, expires at: 1773729535384
[debug] [2026-03-17T05:54:10.148Z] Checked if tokens are valid: true, expires at: 1773729535384
[debug] [2026-03-17T05:54:10.148Z] >>> [apiv2][query] GET https://cloudfunctions.googleapis.com/v1/operations/cHJvbXB0LWJhdHRsZS1jNWU2YS91cy1jZW50cmFsMS9ncmFudEdsb3J5L09jaVRZVFpjZ1Br [none]
[debug] [2026-03-17T05:54:10.381Z] <<< [apiv2][status] GET https://cloudfunctions.googleapis.com/v1/operations/cHJvbXB0LWJhdHRsZS1jNWU2YS91cy1jZW50cmFsMS9ncmFudEdsb3J5L09jaVRZVFpjZ1Br 200
[debug] [2026-03-17T05:54:10.381Z] <<< [apiv2][body] GET https://cloudfunctions.googleapis.com/v1/operations/cHJvbXB0LWJhdHRsZS1jNWU2YS91cy1jZW50cmFsMS9ncmFudEdsb3J5L09jaVRZVFpjZ1Br {"name":"operations/cHJvbXB0LWJhdHRsZS1jNWU2YS91cy1jZW50cmFsMS9ncmFudEdsb3J5L09jaVRZVFpjZ1Br","metadata":{"@type":"type.googleapis.com/google.cloud.functions.v1.OperationMetadataV1","target":"projects/prompt-battle-c5e6a/locations/us-central1/functions/grantGlory","type":"UPDATE_FUNCTION","request":{"@type":"type.googleapis.com/google.cloud.functions.v1.CloudFunction","name":"projects/prompt-battle-c5e6a/locations/us-central1/functions/grantGlory","httpsTrigger":{"url":"https://us-central1-prompt-battle-c5e6a.cloudfunctions.net/grantGlory","securityLevel":"SECURE_ALWAYS"},"status":"OFFLINE","entryPoint":"grantGlory","updateTime":"2026-03-17T05:52:16.796Z","versionId":"1","labels":{"deployment-tool":"cli-firebase","firebase-functions-hash":"d4fa81547bac1ca707eb0988d534e987f547df30"},"sourceUploadUrl":"https://storage.googleapis.com/uploads-763700285092.us-central1.cloudfunctions.appspot.com/6b21fb91-91ff-4b07-9ec8-0b775c8d15b1.zip?GoogleAccessId=service-329010584107@gcf-admin-robot.iam.gserviceaccount.com&Expires=1773728591&Signature=VA7RKds7QxGaK76LKeg1HwQ43YIMngL9KETM2AqnFYaM3jE4ARRa%2B3IRQg1iHLYZVig8MmIyH2bmEXyf6Hw3whmEPZNf6QyDIkjMki%2FPz5J7DZ2KDWglx9V1nQNvjJ%2Bf5J%2BRYB%2FltnjgXKpagp2cqTZIjBeiak%2BpkE%2FxsMswONObcNJXOcg9XHBWiR2xwoFnjZjtZ9YOJNefJKJOKgr%2BuUaLEySqfwUVvNj3ri9qjwgVJxnncdR%2FEMqAKGadXXEFFoHX5NjTb1WIO2SWXGcMr0NK3oEWOgHadhmNDRPOGvJkZG3iq5dU%2FkaKPTl7Z3IfJLe2XbW2KMUfmnuy%2B9s2Bg%3D%3D","environmentVariables":{"FIREBASE_CONFIG":"{\"projectId\":\"prompt-battle-c5e6a\",\"databaseURL\":\"https://prompt-battle-c5e6a-default-rtdb.firebaseio.com\",\"storageBucket\":\"prompt-battle-c5e6a.firebasestorage.app\"}","GCLOUD_PROJECT":"prompt-battle-c5e6a","EVENTARC_CLOUD_EVENT_SOURCE":"projects/prompt-battle-c5e6a/locations/us-central1/functions/grantGlory"},"runtime":"nodejs20","buildId":"714add40-5199-408c-8d5a-8b37209a094b","buildEnvironmentVariables":{"GOOGLE_NODE_RUN_SCRIPTS":""},"buildName":"projects/329010584107/locations/us-central1/builds/714add40-5199-408c-8d5a-8b37209a094b","dockerRegistry":"ARTIFACT_REGISTRY","automaticUpdatePolicy":{},"buildServiceAccount":"projects/prompt-battle-c5e6a/serviceAccounts/329010584107-compute@developer.gserviceaccount.com"},"versionId":"2","updateTime":"2026-03-17T05:54:01Z","buildId":"1b3242f9-8d5b-4333-8ef0-3f62feb2c695","buildName":"projects/329010584107/locations/us-central1/builds/1b3242f9-8d5b-4333-8ef0-3f62feb2c695"},"done":true,"error":{"code":3,"message":"Build failed: npm error code E404\nnpm error 404 Not Found - GET https://registry.npmjs.org/@prompt-battle%!f(MISSING)shared - Not found\nnpm error 404\nnpm error 404  '@prompt-battle/shared@*' is not in this registry.\nnpm error 404\nnpm error 404 Note that you can also install from a\nnpm error 404 tarball, folder, http url, or git url.\nnpm error A complete log of this run can be found in: /www-data-home/.npm/_logs/2026-03-17T05_53_26_235Z-debug-0.log; Error ID: b0ba1f57"}}
[debug] [2026-03-17T05:54:10.381Z] Got source token undefined for region us-central1
[error] Build failed: npm error code E404
npm error 404 Not Found - GET https://registry.npmjs.org/@prompt-battle%!f(MISSING)shared - Not found
npm error 404
npm error 404  '@prompt-battle/shared@*' is not in this registry.
npm error 404
npm error 404 Note that you can also install from a
npm error 404 tarball, folder, http url, or git url.
npm error A complete log of this run can be found in: /www-data-home/.npm/_logs/2026-03-17T05_53_26_235Z-debug-0.log; Error ID: b0ba1f57
[debug] [2026-03-17T05:54:10.388Z] Total Function Deployment time: 57807
[debug] [2026-03-17T05:54:10.388Z] 1 Functions Deployed
[debug] [2026-03-17T05:54:10.388Z] 1 Functions Errored
[debug] [2026-03-17T05:54:10.388Z] 0 Function Deployments Aborted
[debug] [2026-03-17T05:54:10.388Z] Average Function Deployment time: 57807
[info] 
[info] Functions deploy had errors with the following functions:
	grantGlory(us-central1)
[debug] [2026-03-17T05:54:10.508Z] Not printing URL for HTTPS function. Typically this means it didn't match a filter or we failed deployment
[debug] [2026-03-17T05:54:10.508Z] Not printing URL for HTTPS function. Typically this means it didn't match a filter or we failed deployment
[debug] [2026-03-17T05:54:10.508Z] Not printing URL for HTTPS function. Typically this means it didn't match a filter or we failed deployment
[debug] [2026-03-17T05:54:10.509Z] Not printing URL for HTTPS function. Typically this means it didn't match a filter or we failed deployment
[debug] [2026-03-17T05:54:10.509Z] Not printing URL for HTTPS function. Typically this means it didn't match a filter or we failed deployment
[debug] [2026-03-17T05:54:10.509Z] Not printing URL for HTTPS function. Typically this means it didn't match a filter or we failed deployment
[debug] [2026-03-17T05:54:10.509Z] Not printing URL for HTTPS function. Typically this means it didn't match a filter or we failed deployment
[debug] [2026-03-17T05:54:10.509Z] Not printing URL for HTTPS function. Typically this means it didn't match a filter or we failed deployment
[debug] [2026-03-17T05:54:10.509Z] Not printing URL for HTTPS function. Typically this means it didn't match a filter or we failed deployment
[debug] [2026-03-17T05:54:10.509Z] Not printing URL for HTTPS function. Typically this means it didn't match a filter or we failed deployment
[debug] [2026-03-17T05:54:10.509Z] Not printing URL for HTTPS function. Typically this means it didn't match a filter or we failed deployment
[debug] [2026-03-17T05:54:10.509Z] Not printing URL for HTTPS function. Typically this means it didn't match a filter or we failed deployment
[debug] [2026-03-17T05:54:10.509Z] Not printing URL for HTTPS function. Typically this means it didn't match a filter or we failed deployment
[debug] [2026-03-17T05:54:10.509Z] Not printing URL for HTTPS function. Typically this means it didn't match a filter or we failed deployment
[debug] [2026-03-17T05:54:10.509Z] Checked if tokens are valid: true, expires at: 1773729535384
[debug] [2026-03-17T05:54:10.509Z] Checked if tokens are valid: true, expires at: 1773729535384
[debug] [2026-03-17T05:54:10.509Z] >>> [apiv2][query] GET https://artifactregistry.googleapis.com/v1/projects/prompt-battle-c5e6a/locations/us-central1/repositories/gcf-artifacts [none]
[debug] [2026-03-17T05:54:10.919Z] <<< [apiv2][status] GET https://artifactregistry.googleapis.com/v1/projects/prompt-battle-c5e6a/locations/us-central1/repositories/gcf-artifacts 200
[debug] [2026-03-17T05:54:10.919Z] <<< [apiv2][body] GET https://artifactregistry.googleapis.com/v1/projects/prompt-battle-c5e6a/locations/us-central1/repositories/gcf-artifacts {"name":"projects/prompt-battle-c5e6a/locations/us-central1/repositories/gcf-artifacts","format":"DOCKER","description":"This repository is created and used by Cloud Functions for storing function docker images.","labels":{"goog-managed-by":"cloudfunctions"},"createTime":"2026-03-17T05:43:31.320541Z","updateTime":"2026-03-17T05:45:42.301683Z","mode":"STANDARD_REPOSITORY","cleanupPolicies":{"firebase-functions-cleanup":{"id":"firebase-functions-cleanup","action":"DELETE","condition":{"tagState":"ANY","olderThan":"86400s"}}},"vulnerabilityScanningConfig":{"lastEnableTime":"2026-03-17T05:43:22.982308579Z","enablementState":"SCANNING_DISABLED","enablementStateReason":"API containerscanning.googleapis.com is not enabled."},"satisfiesPzi":true,"registryUri":"us-central1-docker.pkg.dev/prompt-battle-c5e6a/gcf-artifacts"}
[debug] [2026-03-17T05:54:10.920Z] Functions deploy failed.
[debug] [2026-03-17T05:54:10.920Z] {
  "endpoint": {
    "id": "grantGlory",
    "project": "prompt-battle-c5e6a",
    "region": "us-central1",
    "entryPoint": "grantGlory",
    "platform": "gcfv1",
    "runtime": "nodejs20",
    "httpsTrigger": {},
    "serviceAccount": null,
    "ingressSettings": null,
    "availableMemoryMb": null,
    "timeoutSeconds": null,
    "maxInstances": null,
    "minInstances": null,
    "vpc": null,
    "environmentVariables": {
      "FIREBASE_CONFIG": "{\"projectId\":\"prompt-battle-c5e6a\",\"databaseURL\":\"https://prompt-battle-c5e6a-default-rtdb.firebaseio.com\",\"storageBucket\":\"prompt-battle-c5e6a.firebasestorage.app\"}",
      "GCLOUD_PROJECT": "prompt-battle-c5e6a",
      "EVENTARC_CLOUD_EVENT_SOURCE": "projects/prompt-battle-c5e6a/locations/us-central1/functions/grantGlory"
    },
    "codebase": "default",
    "securityLevel": "SECURE_ALWAYS",
    "targetedByOnly": true,
    "hash": "d4fa81547bac1ca707eb0988d534e987f547df30",
    "labels": {
      "deployment-tool": "cli-firebase"
    }
  },
  "op": "update",
  "original": {
    "name": "FirebaseError",
    "children": [],
    "exit": 1,
    "message": "Build failed: npm error code E404\nnpm error 404 Not Found - GET https://registry.npmjs.org/@prompt-battle%!f(MISSING)shared - Not found\nnpm error 404\nnpm error 404  '@prompt-battle/shared@*' is not in this registry.\nnpm error 404\nnpm error 404 Note that you can also install from a\nnpm error 404 tarball, folder, http url, or git url.\nnpm error A complete log of this run can be found in: /www-data-home/.npm/_logs/2026-03-17T05_53_26_235Z-debug-0.log; Error ID: b0ba1f57",
    "original": {
      "code": 3,
      "message": "Build failed: npm error code E404\nnpm error 404 Not Found - GET https://registry.npmjs.org/@prompt-battle%!f(MISSING)shared - Not found\nnpm error 404\nnpm error 404  '@prompt-battle/shared@*' is not in this registry.\nnpm error 404\nnpm error 404 Note that you can also install from a\nnpm error 404 tarball, folder, http url, or git url.\nnpm error A complete log of this run can be found in: /www-data-home/.npm/_logs/2026-03-17T05_53_26_235Z-debug-0.log; Error ID: b0ba1f57"
    },
    "status": 3,
    "code": 3
  }
}
[debug] [2026-03-17T05:54:10.949Z] Error: Failed to update function grantGlory in region us-central1
    at C:\Users\E\AppData\Roaming\npm\node_modules\firebase-tools\lib\deploy\functions\release\fabricator.js:52:11
    at process.processTicksAndRejections (node:internal/process/task_queues:105:5)
    at async Fabricator.updateV1Function (C:\Users\E\AppData\Roaming\npm\node_modules\firebase-tools\lib\deploy\functions\release\fabricator.js:364:32)
    at async Fabricator.updateEndpoint (C:\Users\E\AppData\Roaming\npm\node_modules\firebase-tools\lib\deploy\functions\release\fabricator.js:157:13)
    at async handle (C:\Users\E\AppData\Roaming\npm\node_modules\firebase-tools\lib\deploy\functions\release\fabricator.js:89:17)
[error] 
[error] Error: There was an error deploying functions
